Row_ID,Sprint #,Year,Sprint_Number,Application_Name,Team_Name,Complexity,User story count,test case count,QE_Phase,AI_Used,Baseline_Effort,Actual_Effort,AI_Used_Flag,Effort_Saved,Productivity_Improvement_Pct,Actual_to_Baseline_Ratio,Story_to_Test_Ratio,Baseline_Effort_per_Story
0,2023-S01,2023,1,Legacy Service Platform,Legacy Support QA,High,11.0,13.0,Test Planning,No,14.5,11.56,0,2.9399999999999995,20.275862068965512,0.7972413793103449,1.0833333333333333,1.2083333333333333
0,2023-S01,2023,1,Legacy Service Platform,Legacy Support QA,High,11.0,13.0,Test Design,No,7.51,8.7,0,-1.1899999999999995,-15.845539280958715,1.158455392809587,1.0833333333333333,0.6258333333333334
0,2023-S01,2023,1,Legacy Service Platform,Legacy Support QA,High,11.0,13.0,Automation Development,No,11.0,10.47,0,0.5299999999999994,4.818181818181812,0.9518181818181819,1.0833333333333333,0.9166666666666666
0,2023-S01,2023,1,Legacy Service Platform,Legacy Support QA,High,11.0,13.0,Test Execution,No,3.21,3.17,0,0.040000000000000036,1.2461059190031165,0.9875389408099688,1.0833333333333333,0.2675
0,2023-S01,2023,1,Legacy Service Platform,Legacy Support QA,High,11.0,13.0,Regression Testing,No,6.6,7.12,0,-0.5200000000000005,-7.878787878787887,1.0787878787878789,1.0833333333333333,0.5499999999999999
0,2023-S01,2023,1,Legacy Service Platform,Legacy Support QA,High,11.0,13.0,Defect Management,No,6.06,6.57,0,-0.5100000000000007,-8.415841584158427,1.0841584158415842,1.0833333333333333,0.505
1,2023-S01,2023,1,CRM Sales & Service,CRM Platform QA,High,10.0,86.0,Test Planning,No,14.0,16.0,0,-2.0,-14.285714285714285,1.1428571428571428,7.818181818181818,1.2727272727272727
1,2023-S01,2023,1,CRM Sales & Service,CRM Platform QA,High,10.0,86.0,Test Design,No,45.82,47.31,0,-1.490000000000002,-3.2518550851156744,1.0325185508511567,7.818181818181818,4.165454545454545
1,2023-S01,2023,1,CRM Sales & Service,CRM Platform QA,High,10.0,86.0,Automation Development,No,38.01,38.33,0,-0.3200000000000003,-0.8418837148118924,1.0084188371481189,7.818181818181818,3.455454545454545
1,2023-S01,2023,1,CRM Sales & Service,CRM Platform QA,High,10.0,86.0,Test Execution,No,16.0,17.04,0,-1.0399999999999991,-6.499999999999995,1.065,7.818181818181818,1.4545454545454546
1,2023-S01,2023,1,CRM Sales & Service,CRM Platform QA,High,10.0,86.0,Regression Testing,No,37.97,35.6,0,2.3699999999999974,6.2417698182775805,0.9375823018172242,7.818181818181818,3.4518181818181817
1,2023-S01,2023,1,CRM Sales & Service,CRM Platform QA,High,10.0,86.0,Defect Management,No,28.24,26.79,0,1.4499999999999993,5.134560906515579,0.9486543909348442,7.818181818181818,2.567272727272727
2,2023-S01,2023,1,Billing & Payments,Billing & Payments QA,Medium,9.0,75.0,Test Planning,No,10.78,10.02,0,0.7599999999999998,7.050092764378476,0.9294990723562152,7.5,1.0779999999999998
2,2023-S01,2023,1,Billing & Payments,Billing & Payments QA,Medium,9.0,75.0,Test Design,No,32.32,32.08,0,0.240000000000002,0.7425742574257487,0.9925742574257426,7.5,3.232
2,2023-S01,2023,1,Billing & Payments,Billing & Payments QA,Medium,9.0,75.0,Automation Development,No,46.89,43.44,0,3.450000000000003,7.357645553422911,0.9264235444657709,7.5,4.689
2,2023-S01,2023,1,Billing & Payments,Billing & Payments QA,Medium,9.0,75.0,Test Execution,No,11.43,12.92,0,-1.4900000000000002,-13.03587051618548,1.1303587051618549,7.5,1.143
2,2023-S01,2023,1,Billing & Payments,Billing & Payments QA,Medium,9.0,75.0,Regression Testing,No,15.2,15.57,0,-0.370000000000001,-2.434210526315796,1.024342105263158,7.5,1.52
2,2023-S01,2023,1,Billing & Payments,Billing & Payments QA,Medium,9.0,75.0,Defect Management,No,14.3,15.2,0,-0.8999999999999986,-6.2937062937062835,1.062937062937063,7.5,1.4300000000000002
3,2023-S01,2023,1,Customer Web Portal,EIP-QA,Low,12.0,57.0,Test Planning,No,10.92,10.37,0,0.5500000000000007,5.036630036630043,0.9496336996336996,4.384615384615385,0.84
3,2023-S01,2023,1,Customer Web Portal,EIP-QA,Low,12.0,57.0,Test Design,No,20.8,25.6,0,-4.800000000000001,-23.076923076923077,1.2307692307692308,4.384615384615385,1.6
3,2023-S01,2023,1,Customer Web Portal,EIP-QA,Low,12.0,57.0,Automation Development,No,33.87,40.97,0,-7.100000000000001,-20.96250369058164,1.2096250369058164,4.384615384615385,2.605384615384615
3,2023-S01,2023,1,Customer Web Portal,EIP-QA,Low,12.0,57.0,Test Execution,No,8.16,7.21,0,0.9500000000000002,11.6421568627451,0.883578431372549,4.384615384615385,0.6276923076923077
3,2023-S01,2023,1,Customer Web Portal,EIP-QA,Low,12.0,57.0,Regression Testing,No,17.29,18.49,0,-1.1999999999999993,-6.9404279930595685,1.0694042799305956,4.384615384615385,1.3299999999999998
3,2023-S01,2023,1,Customer Web Portal,EIP-QA,Low,12.0,57.0,Defect Management,No,12.1,11.64,0,0.4599999999999991,3.801652892561976,0.9619834710743802,4.384615384615385,0.9307692307692308
4,2023-S01,2023,1,ERP Operations,ERP Operations QA,Medium,9.0,78.0,Test Planning,No,10.7,10.29,0,0.41000000000000014,3.831775700934581,0.9616822429906542,7.8,1.0699999999999998
4,2023-S01,2023,1,ERP Operations,ERP Operations QA,Medium,9.0,78.0,Test Design,No,33.67,35.65,0,-1.9799999999999969,-5.880605880605871,1.0588060588060586,7.8,3.367
4,2023-S01,2023,1,ERP Operations,ERP Operations QA,Medium,9.0,78.0,Automation Development,No,52.17,49.18,0,2.990000000000002,5.731263178071693,0.9426873682192831,7.8,5.2170000000000005
4,2023-S01,2023,1,ERP Operations,ERP Operations QA,Medium,9.0,78.0,Test Execution,No,12.37,14.0,0,-1.6300000000000008,-13.177041228779313,1.1317704122877932,7.8,1.2369999999999999
4,2023-S01,2023,1,ERP Operations,ERP Operations QA,Medium,9.0,78.0,Regression Testing,No,19.07,19.57,0,-0.5,-2.6219192448872572,1.0262191924488726,7.8,1.907
4,2023-S01,2023,1,ERP Operations,ERP Operations QA,Medium,9.0,78.0,Defect Management,No,21.0,22.0,0,-1.0,-4.761904761904762,1.0476190476190477,7.8,2.1
5,2023-S02,2023,2,Billing & Payments,Billing & Payments QA,Low,7.0,122.0,Test Planning,No,7.29,7.47,0,-0.17999999999999972,-2.4691358024691317,1.0246913580246912,15.25,0.91125
5,2023-S02,2023,2,Billing & Payments,Billing & Payments QA,Low,7.0,122.0,Test Design,No,44.94,53.82,0,-8.880000000000003,-19.75967957276369,1.197596795727637,15.25,5.6175
5,2023-S02,2023,2,Billing & Payments,Billing & Payments QA,Low,7.0,122.0,Automation Development,No,39.13,43.85,0,-4.719999999999999,-12.062356248402756,1.1206235624840275,15.25,4.89125
5,2023-S02,2023,2,Billing & Payments,Billing & Payments QA,Low,7.0,122.0,Test Execution,No,15.57,17.0,0,-1.4299999999999997,-9.184328837508026,1.0918432883750802,15.25,1.94625
5,2023-S02,2023,2,Billing & Payments,Billing & Payments QA,Low,7.0,122.0,Regression Testing,No,,25.0,0,,,,15.25,
5,2023-S02,2023,2,Billing & Payments,Billing & Payments QA,Low,7.0,122.0,Defect Management,No,17.49,21.25,0,-3.7600000000000016,-21.497998856489435,1.2149799885648944,15.25,2.18625
6,2023-S02,2023,2,CRM Sales & Service,CRM Platform QA,High,11.0,44.0,Test Planning,No,15.37,13.1,0,2.2699999999999996,14.769030579050096,0.8523096942094991,3.6666666666666665,1.2808333333333333
6,2023-S02,2023,2,CRM Sales & Service,CRM Platform QA,High,11.0,44.0,Test Design,No,23.91,25.53,0,-1.620000000000001,-6.775407779171899,1.067754077791719,3.6666666666666665,1.9925
6,2023-S02,2023,2,CRM Sales & Service,CRM Platform QA,High,11.0,44.0,Automation Development,No,17.91,16.06,0,1.8500000000000014,10.329424902289231,0.8967057509771077,3.6666666666666665,1.4925
6,2023-S02,2023,2,CRM Sales & Service,CRM Platform QA,High,11.0,44.0,Test Execution,No,8.72,9.22,0,-0.5,-5.73394495412844,1.0573394495412844,3.6666666666666665,0.7266666666666667
6,2023-S02,2023,2,CRM Sales & Service,CRM Platform QA,High,11.0,44.0,Regression Testing,No,16.65,18.5,0,-1.8500000000000014,-11.11111111111112,1.1111111111111112,3.6666666666666665,1.3875
6,2023-S02,2023,2,CRM Sales & Service,CRM Platform QA,High,11.0,44.0,Defect Management,No,11.0444,12.0,0,-0.9556000000000004,-8.652348701604437,1.0865234870160443,3.6666666666666665,0.9203666666666667
7,2023-S02,2023,2,ERP Operations,ERP Operations QA,Medium,4.0,43.0,Test Planning,No,6.27,5.79,0,0.47999999999999954,7.6555023923444905,0.9234449760765551,8.6,1.254
7,2023-S02,2023,2,ERP Operations,ERP Operations QA,Medium,4.0,43.0,Test Design,No,18.82,19.31,0,-0.48999999999999844,-2.603613177470767,1.0260361317747078,8.6,3.7640000000000002
7,2023-S02,2023,2,ERP Operations,ERP Operations QA,Medium,4.0,43.0,Automation Development,No,23.52,23.77,0,-0.25,-1.0629251700680271,1.0106292517006803,8.6,4.704
7,2023-S02,2023,2,ERP Operations,ERP Operations QA,Medium,4.0,43.0,Test Execution,No,6.94,7.5,0,-0.5599999999999996,-8.069164265129677,1.0806916426512967,8.6,1.3880000000000001
7,2023-S02,2023,2,ERP Operations,ERP Operations QA,Medium,4.0,43.0,Regression Testing,No,12.5,13.47,0,-0.9700000000000006,-7.760000000000006,1.0776000000000001,8.6,2.5
7,2023-S02,2023,2,ERP Operations,ERP Operations QA,Medium,4.0,43.0,Defect Management,No,9.26,8.79,0,0.47000000000000064,5.075593952483808,0.949244060475162,8.6,1.8519999999999999
8,2023-S02,2023,2,Mobile Service App,Mobile & Web QE,Low,6.0,71.0,Test Planning,No,7.79,7.5,0,0.29000000000000004,3.7227214377406934,0.962772785622593,10.142857142857142,1.1128571428571428
8,2023-S02,2023,2,Mobile Service App,Mobile & Web QE,Low,6.0,71.0,Test Design,No,24.9,31.18,0,-6.280000000000001,-25.22088353413655,1.2522088353413656,10.142857142857142,3.557142857142857
8,2023-S02,2023,2,Mobile Service App,Mobile & Web QE,Low,6.0,71.0,Automation Development,No,49.1,51.71,0,-2.6099999999999994,-5.315682281059061,1.0531568228105905,10.142857142857142,7.014285714285714
8,2023-S02,2023,2,Mobile Service App,Mobile & Web QE,Low,6.0,71.0,Test Execution,No,10.34,10.1,0,0.2400000000000002,2.321083172147004,0.9767891682785299,10.142857142857142,1.477142857142857
8,2023-S02,2023,2,Mobile Service App,Mobile & Web QE,Low,6.0,71.0,Regression Testing,No,23.75,23.4,0,0.3500000000000014,1.473684210526322,0.9852631578947367,10.142857142857142,3.392857142857143
8,2023-S02,2023,2,Mobile Service App,Mobile & Web QE,Low,6.0,71.0,Defect Management,No,16.2,15.1031,0,1.0968999999999998,6.770987654320987,0.9322901234567902,10.142857142857142,2.314285714285714
9,2023-S02,2023,2,Customer Web Portal,EIP-QA,High,3.0,86.0,Test Planning,No,5.57,5.23,0,0.33999999999999986,6.104129263913821,0.9389587073608617,21.5,1.3925
9,2023-S02,2023,2,Customer Web Portal,EIP-QA,High,3.0,86.0,Test Design,No,45.0,50.62,0,-5.619999999999997,-12.488888888888884,1.1248888888888888,21.5,11.25
9,2023-S02,2023,2,Customer Web Portal,EIP-QA,High,3.0,86.0,Automation Development,No,56.0,60.44,0,-4.439999999999998,-7.928571428571425,1.0792857142857142,21.5,14.0
9,2023-S02,2023,2,Customer Web Portal,EIP-QA,High,3.0,86.0,Test Execution,No,15.67,17.0,0,-1.33,-8.487555839183154,1.0848755583918315,21.5,3.9175
9,2023-S02,2023,2,Customer Web Portal,EIP-QA,High,3.0,86.0,Regression Testing,No,35.81,38.57,0,-2.759999999999998,-7.707344317229818,1.0770734431722981,21.5,8.9525
9,2023-S02,2023,2,Customer Web Portal,EIP-QA,High,3.0,86.0,Defect Management,No,25.8,30.33,0,-4.529999999999998,-17.55813953488371,1.1755813953488372,21.5,6.45
10,2023-S02,2023,2,API Integration Platform,API & Middleware QA,Medium,10.0,53.0,Test Planning,No,9.2,11.1417,0,-1.9417000000000009,-21.105434782608707,1.2110543478260871,4.818181818181818,0.8363636363636363
10,2023-S02,2023,2,API Integration Platform,API & Middleware QA,Medium,10.0,53.0,Test Design,No,19.16,20.62,0,-1.4600000000000009,-7.620041753653449,1.0762004175365345,4.818181818181818,1.741818181818182
10,2023-S02,2023,2,API Integration Platform,API & Middleware QA,Medium,10.0,53.0,Automation Development,No,23.56,24.0,0,-0.4400000000000013,-1.8675721561969494,1.0186757215619695,4.818181818181818,2.1418181818181816
10,2023-S02,2023,2,API Integration Platform,API & Middleware QA,Medium,10.0,53.0,Test Execution,No,7.38,7.98,0,-0.6000000000000005,-8.130081300813014,1.08130081300813,4.818181818181818,0.6709090909090909
10,2023-S02,2023,2,API Integration Platform,API & Middleware QA,Medium,10.0,53.0,Regression Testing,No,16.85,17.433,0,-0.5829999999999984,-3.459940652818981,1.0345994065281898,4.818181818181818,1.531818181818182
10,2023-S02,2023,2,API Integration Platform,API & Middleware QA,Medium,10.0,53.0,Defect Management,No,12.0,13.7,0,-1.6999999999999993,-14.16666666666666,1.1416666666666666,4.818181818181818,1.0909090909090908
11,2023-S03,2023,3,Customer Web Portal,EIP-QA,High,5.0,49.0,Test Planning,No,9.0,8.62,0,0.3800000000000008,4.22222222222223,0.9577777777777777,8.166666666666666,1.5
11,2023-S03,2023,3,Customer Web Portal,EIP-QA,High,5.0,49.0,Test Design,No,27.72,26.2712,0,1.4487999999999985,5.226551226551222,0.9477344877344878,8.166666666666666,4.62
11,2023-S03,2023,3,Customer Web Portal,EIP-QA,High,5.0,49.0,Automation Development,No,37.2,43.5,0,-6.299999999999997,-16.935483870967733,1.1693548387096773,8.166666666666666,6.2
11,2023-S03,2023,3,Customer Web Portal,EIP-QA,High,5.0,49.0,Test Execution,No,9.56,15.38,0,-5.82,-60.87866108786611,1.608786610878661,8.166666666666666,1.5933333333333335
11,2023-S03,2023,3,Customer Web Portal,EIP-QA,High,5.0,49.0,Regression Testing,No,18.91,22.14,0,-3.2300000000000004,-17.080909571655212,1.170809095716552,8.166666666666666,3.151666666666667
11,2023-S03,2023,3,Customer Web Portal,EIP-QA,High,5.0,49.0,Defect Management,No,11.0,11.42,0,-0.41999999999999993,-3.818181818181818,1.038181818181818,8.166666666666666,1.8333333333333333
12,2023-S03,2023,3,Billing & Payments,Billing & Payments QA,Medium,12.0,66.0,Test Planning,No,15.61,14.04,0,1.5700000000000003,10.057655349135173,0.8994234465086482,5.076923076923077,1.2007692307692308
12,2023-S03,2023,3,Billing & Payments,Billing & Payments QA,Medium,12.0,66.0,Test Design,No,39.9,34.35,0,5.549999999999997,13.909774436090219,0.8609022556390978,5.076923076923077,3.069230769230769
12,2023-S03,2023,3,Billing & Payments,Billing & Payments QA,Medium,12.0,66.0,Automation Development,No,41.8,42.17,0,-0.37000000000000455,-0.8851674641148435,1.0088516746411484,5.076923076923077,3.215384615384615
12,2023-S03,2023,3,Billing & Payments,Billing & Payments QA,Medium,12.0,66.0,Test Execution,No,14.19,11.54,0,2.6500000000000004,18.67512332628612,0.8132487667371388,5.076923076923077,1.0915384615384616
12,2023-S03,2023,3,Billing & Payments,Billing & Payments QA,Medium,12.0,66.0,Regression Testing,No,26.68,24.76,0,1.9199999999999982,7.1964017991004425,0.9280359820089956,5.076923076923077,2.0523076923076924
12,2023-S03,2023,3,Billing & Payments,Billing & Payments QA,Medium,12.0,66.0,Defect Management,No,29.1537,35.13,0,-5.976300000000002,-20.499284824910738,1.2049928482491075,5.076923076923077,2.2425923076923078
13,2023-S03,2023,3,Mobile Service App,Mobile & Web QE,Low,9.0,23.0,Test Planning,No,9.0,9.33,0,-0.33000000000000007,-3.6666666666666674,1.0366666666666666,2.3,0.9
13,2023-S03,2023,3,Mobile Service App,Mobile & Web QE,Low,9.0,23.0,Test Design,No,9.0232,7.86,0,1.163199999999999,12.891213760085101,0.8710878623991489,2.3,0.9023199999999999
13,2023-S03,2023,3,Mobile Service App,Mobile & Web QE,Low,9.0,23.0,Automation Development,Yes,15.0,13.28,1,1.7200000000000006,11.46666666666667,0.8853333333333333,2.3,1.5
13,2023-S03,2023,3,Mobile Service App,Mobile & Web QE,Low,9.0,23.0,Test Execution,No,3.81,3.67,0,0.14000000000000012,3.6745406824147016,0.9632545931758529,2.3,0.381
13,2023-S03,2023,3,Mobile Service App,Mobile & Web QE,Low,9.0,23.0,Regression Testing,No,6.59,6.4,0,0.1899999999999995,2.8831562974203266,0.9711684370257967,2.3,0.659
13,2023-S03,2023,3,Mobile Service App,Mobile & Web QE,Low,9.0,23.0,Defect Management,No,6.9,8.0,0,-1.0999999999999996,-15.942028985507239,1.1594202898550725,2.3,0.6900000000000001
14,2023-S03,2023,3,ERP Operations,ERP Operations QA,Medium,7.0,65.0,Test Planning,No,10.0,9.5,0,0.5,5.0,0.95,8.125,1.25
14,2023-S03,2023,3,ERP Operations,ERP Operations QA,Medium,7.0,65.0,Test Design,No,28.76,26.24,0,2.520000000000003,8.762169680111276,0.9123783031988872,8.125,3.595
14,2023-S03,2023,3,ERP Operations,ERP Operations QA,Medium,7.0,65.0,Automation Development,No,24.0,28.42,0,-4.420000000000002,-18.41666666666667,1.1841666666666668,8.125,3.0
14,2023-S03,2023,3,ERP Operations,ERP Operations QA,Medium,7.0,65.0,Test Execution,No,10.0,8.61,0,1.3900000000000006,13.900000000000007,0.861,8.125,1.25
14,2023-S03,2023,3,ERP Operations,ERP Operations QA,Medium,7.0,65.0,Regression Testing,No,26.3,24.1,0,2.1999999999999993,8.36501901140684,0.9163498098859316,8.125,3.2875
14,2023-S03,2023,3,ERP Operations,ERP Operations QA,Medium,7.0,65.0,Defect Management,No,18.25,18.0,0,0.25,1.36986301369863,0.9863013698630136,8.125,2.28125
15,2023-S03,2023,3,API Integration Platform,API & Middleware QA,Medium,10.0,64.0,Test Planning,No,10.8,12.0,0,-1.1999999999999993,-11.111111111111104,1.111111111111111,5.818181818181818,0.9818181818181819
15,2023-S03,2023,3,API Integration Platform,API & Middleware QA,Medium,10.0,64.0,Test Design,No,27.56,29.5,0,-1.9400000000000013,-7.039187227866478,1.0703918722786647,5.818181818181818,2.5054545454545454
15,2023-S03,2023,3,API Integration Platform,API & Middleware QA,Medium,10.0,64.0,Automation Development,No,34.83,35.7,0,-0.8700000000000045,-2.4978466838932087,1.0249784668389321,5.818181818181818,3.166363636363636
15,2023-S03,2023,3,API Integration Platform,API & Middleware QA,Medium,10.0,64.0,Test Execution,No,10.37,11.79,0,-1.42,-13.69334619093539,1.1369334619093538,5.818181818181818,0.9427272727272726
15,2023-S03,2023,3,API Integration Platform,API & Middleware QA,Medium,10.0,64.0,Regression Testing,No,25.19,27.0,0,-1.8099999999999987,-7.185391028185782,1.0718539102818578,5.818181818181818,2.29
15,2023-S03,2023,3,API Integration Platform,API & Middleware QA,Medium,10.0,64.0,Defect Management,No,12.72,14.49,0,-1.7699999999999996,-13.91509433962264,1.1391509433962264,5.818181818181818,1.1563636363636365
16,2023-S03,2023,3,CRM Sales & Service,CRM Platform QA,Low,8.0,38.0,Test Planning,No,9.31,9.71,0,-0.40000000000000036,-4.296455424274977,1.0429645542427497,4.222222222222222,1.0344444444444445
16,2023-S03,2023,3,CRM Sales & Service,CRM Platform QA,Low,8.0,38.0,Test Design,No,17.1,20.6,0,-3.5,-20.46783625730994,1.2046783625730995,4.222222222222222,1.9000000000000001
16,2023-S03,2023,3,CRM Sales & Service,CRM Platform QA,Low,8.0,38.0,Automation Development,No,21.84,22.61,0,-0.7699999999999996,-3.5256410256410233,1.0352564102564101,4.222222222222222,2.4266666666666667
16,2023-S03,2023,3,CRM Sales & Service,CRM Platform QA,Low,8.0,38.0,Test Execution,No,6.0,6.79,0,-0.79,-13.166666666666668,1.1316666666666666,4.222222222222222,0.6666666666666666
16,2023-S03,2023,3,CRM Sales & Service,CRM Platform QA,Low,8.0,38.0,Regression Testing,No,11.87,12.4,0,-0.5300000000000011,-4.465037910699252,1.0446503791069925,4.222222222222222,1.3188888888888888
16,2023-S03,2023,3,CRM Sales & Service,CRM Platform QA,Low,8.0,38.0,Defect Management,No,8.0,7.9,0,0.09999999999999964,1.2499999999999956,0.9875,4.222222222222222,0.8888888888888888
17,2023-S04,2023,4,CRM Sales & Service,CRM Platform QA,Medium,14.0,64.0,Test Planning,No,15.02,20.07,0,-5.050000000000001,-33.621837549933424,1.3362183754993342,4.266666666666667,1.0013333333333334
17,2023-S04,2023,4,CRM Sales & Service,CRM Platform QA,Medium,14.0,64.0,Test Design,No,28.2,28.2234,0,-0.023400000000002308,-0.0829787234042635,1.0008297872340426,4.266666666666667,1.88
17,2023-S04,2023,4,CRM Sales & Service,CRM Platform QA,Medium,14.0,64.0,Automation Development,No,36.09,35.1,0,0.990000000000002,2.7431421446384094,0.9725685785536159,4.266666666666667,2.406
17,2023-S04,2023,4,CRM Sales & Service,CRM Platform QA,Medium,14.0,64.0,Test Execution,No,9.8,10.5,0,-0.6999999999999993,-7.142857142857135,1.0714285714285714,4.266666666666667,0.6533333333333334
17,2023-S04,2023,4,CRM Sales & Service,CRM Platform QA,Medium,14.0,64.0,Regression Testing,No,24.73,28.0,0,-3.2699999999999996,-13.222806308127776,1.1322280630812778,4.266666666666667,1.6486666666666667
17,2023-S04,2023,4,CRM Sales & Service,CRM Platform QA,Medium,14.0,64.0,Defect Management,No,17.49,17.93,0,-0.4400000000000013,-2.515723270440259,1.0251572327044025,4.266666666666667,1.166
18,2023-S04,2023,4,Billing & Payments,Billing & Payments QA,High,7.0,96.0,Test Planning,No,10.5,9.29,0,1.2100000000000009,11.523809523809533,0.8847619047619046,12.0,1.3125
18,2023-S04,2023,4,Billing & Payments,Billing & Payments QA,High,7.0,96.0,Test Design,No,51.65,53.79,0,-2.1400000000000006,-4.143272023233302,1.041432720232333,12.0,6.45625
18,2023-S04,2023,4,Billing & Payments,Billing & Payments QA,High,7.0,96.0,Automation Development,No,49.88,71.08,0,-21.199999999999996,-42.50200481154771,1.4250200481154771,12.0,6.235
18,2023-S04,2023,4,Billing & Payments,Billing & Payments QA,High,7.0,96.0,Test Execution,No,18.28,16.6,0,1.6799999999999997,9.190371991247263,0.9080962800875274,12.0,2.285
18,2023-S04,2023,4,Billing & Payments,Billing & Payments QA,High,7.0,96.0,Regression Testing,No,29.7,29.76,0,-0.060000000000002274,-0.2020202020202097,1.002020202020202,12.0,3.7125
18,2023-S04,2023,4,Billing & Payments,Billing & Payments QA,High,7.0,96.0,Defect Management,No,28.1442,29.99,0,-1.845799999999997,-6.558367265724366,1.0655836726572436,12.0,3.518025
19,2023-S04,2023,4,Mobile Service App,Mobile & Web QE,Low,10.0,57.0,Test Planning,No,7.96,7.07,0,0.8899999999999997,11.18090452261306,0.8881909547738693,5.181818181818182,0.7236363636363636
19,2023-S04,2023,4,Mobile Service App,Mobile & Web QE,Low,10.0,57.0,Test Design,No,21.0,24.38,0,-3.379999999999999,-16.09523809523809,1.160952380952381,5.181818181818182,1.9090909090909092
19,2023-S04,2023,4,Mobile Service App,Mobile & Web QE,Low,10.0,57.0,Automation Development,No,37.01,43.55,0,-6.539999999999999,-17.67089975682248,1.1767089975682248,5.181818181818182,3.3645454545454543
19,2023-S04,2023,4,Mobile Service App,Mobile & Web QE,Low,10.0,57.0,Test Execution,No,8.05,8.33,0,-0.27999999999999936,-3.4782608695652093,1.0347826086956522,5.181818181818182,0.7318181818181819
19,2023-S04,2023,4,Mobile Service App,Mobile & Web QE,Low,10.0,57.0,Regression Testing,No,13.22,11.62,0,1.6000000000000014,12.10287443267777,0.8789712556732223,5.181818181818182,1.201818181818182
19,2023-S04,2023,4,Mobile Service App,Mobile & Web QE,Low,10.0,57.0,Defect Management,No,8.87,8.77,0,0.09999999999999964,1.1273957158962757,0.9887260428410373,5.181818181818182,0.8063636363636363
20,2023-S04,2023,4,Customer Web Portal,EIP-QA,Low,10.0,80.0,Test Planning,No,8.95,8.68,0,0.2699999999999996,3.016759776536308,0.969832402234637,7.2727272727272725,0.8136363636363636
20,2023-S04,2023,4,Customer Web Portal,EIP-QA,Low,10.0,80.0,Test Design,No,28.8,30.38,0,-1.5799999999999983,-5.4861111111111045,1.054861111111111,7.2727272727272725,2.618181818181818
20,2023-S04,2023,4,Customer Web Portal,EIP-QA,Low,10.0,80.0,Automation Development,No,31.92,32.38,0,-0.46000000000000085,-1.441102756892233,1.0144110275689224,7.2727272727272725,2.901818181818182
20,2023-S04,2023,4,Customer Web Portal,EIP-QA,Low,10.0,80.0,Test Execution,No,11.24,11.04,0,0.20000000000000107,1.7793594306049918,0.9822064056939501,7.2727272727272725,1.0218181818181817
20,2023-S04,2023,4,Customer Web Portal,EIP-QA,Low,10.0,80.0,Regression Testing,No,14.9,17.69,0,-2.790000000000001,-18.724832214765105,1.187248322147651,7.2727272727272725,1.3545454545454545
20,2023-S04,2023,4,Customer Web Portal,EIP-QA,Low,10.0,80.0,Defect Management,No,22.18,21.6,0,0.5799999999999983,2.6149684400360607,0.9738503155996394,7.2727272727272725,2.016363636363636
21,2023-S04,2023,4,ERP Operations,ERP Operations QA,Medium,9.0,53.0,Test Planning,No,9.9,6.87,0,3.0300000000000002,30.60606060606061,0.693939393939394,5.3,0.99
21,2023-S04,2023,4,ERP Operations,ERP Operations QA,Medium,9.0,53.0,Test Design,No,22.48,22.0,0,0.4800000000000004,2.1352313167259807,0.9786476868327402,5.3,2.248
21,2023-S04,2023,4,ERP Operations,ERP Operations QA,Medium,9.0,53.0,Automation Development,No,39.9,37.2,0,2.6999999999999957,6.766917293233073,0.9323308270676692,5.3,3.9899999999999998
21,2023-S04,2023,4,ERP Operations,ERP Operations QA,Medium,9.0,53.0,Test Execution,No,9.07,8.73,0,0.33999999999999986,3.7486218302094803,0.9625137816979052,5.3,0.907
21,2023-S04,2023,4,ERP Operations,ERP Operations QA,Medium,9.0,53.0,Regression Testing,No,18.88,21.18,0,-2.3000000000000007,-12.182203389830514,1.1218220338983051,5.3,1.888
21,2023-S04,2023,4,ERP Operations,ERP Operations QA,Medium,9.0,53.0,Defect Management,No,14.48,15.49,0,-1.0099999999999998,-6.97513812154696,1.0697513812154695,5.3,1.448
22,2023-S04,2023,4,API Integration Platform,API & Middleware QA,Medium,12.0,105.0,Test Planning,No,12.97,13.2,0,-0.22999999999999865,-1.773323053199681,1.0177332305319968,8.076923076923077,0.9976923076923078
22,2023-S04,2023,4,API Integration Platform,API & Middleware QA,Medium,12.0,105.0,Test Design,No,44.0,49.26,0,-5.259999999999998,-11.95454545454545,1.1195454545454544,8.076923076923077,3.3846153846153846
22,2023-S04,2023,4,API Integration Platform,API & Middleware QA,Medium,12.0,105.0,Automation Development,No,27.1897,26.0,0,1.1896999999999984,4.375553978160842,0.9562444602183916,8.076923076923077,2.0915153846153847
22,2023-S04,2023,4,API Integration Platform,API & Middleware QA,Medium,12.0,105.0,Test Execution,No,15.84,15.7,0,0.14000000000000057,0.8838383838383874,0.9911616161616161,8.076923076923077,1.2184615384615385
22,2023-S04,2023,4,API Integration Platform,API & Middleware QA,Medium,12.0,105.0,Regression Testing,No,23.02,25.04,0,-2.0199999999999996,-8.774978279756732,1.0877497827975673,8.076923076923077,1.7707692307692307
22,2023-S04,2023,4,API Integration Platform,API & Middleware QA,Medium,12.0,105.0,Defect Management,No,26.84,32.5262,0,-5.686200000000003,-21.1855439642325,1.211855439642325,8.076923076923077,2.0646153846153847
23,2023-S05,2023,5,CRM Sales & Service,CRM Platform QA,High,7.0,81.0,Test Planning,No,9.0,,0,,,,10.125,1.125
23,2023-S05,2023,5,CRM Sales & Service,CRM Platform QA,High,7.0,81.0,Test Design,No,42.8,42.25,0,0.5499999999999972,1.285046728971956,0.9871495327102804,10.125,5.35
23,2023-S05,2023,5,CRM Sales & Service,CRM Platform QA,High,7.0,81.0,Automation Development,Yes,51.9,38.54,1,13.36,25.741811175337187,0.7425818882466282,10.125,6.4875
23,2023-S05,2023,5,CRM Sales & Service,CRM Platform QA,High,7.0,81.0,Test Execution,No,15.0,18.62,0,-3.620000000000001,-24.13333333333334,1.2413333333333334,10.125,1.875
23,2023-S05,2023,5,CRM Sales & Service,CRM Platform QA,High,7.0,81.0,Regression Testing,No,25.1,23.73,0,1.370000000000001,5.458167330677295,0.945418326693227,10.125,3.1375
23,2023-S05,2023,5,CRM Sales & Service,CRM Platform QA,High,7.0,81.0,Defect Management,No,22.05,19.67,0,2.379999999999999,10.793650793650789,0.8920634920634921,10.125,2.75625
24,2023-S05,2023,5,Customer Web Portal,EIP-QA,Medium,11.0,59.0,Test Planning,No,12.66,11.09,0,1.5700000000000003,12.401263823064774,0.8759873617693523,4.916666666666667,1.055
24,2023-S05,2023,5,Customer Web Portal,EIP-QA,Medium,11.0,59.0,Test Design,No,24.64,23.7577,0,0.8823000000000008,3.58076298701299,0.9641923701298701,4.916666666666667,2.0533333333333332
24,2023-S05,2023,5,Customer Web Portal,EIP-QA,Medium,11.0,59.0,Automation Development,No,26.07,24.06,0,2.0100000000000016,7.710011507479868,0.9228998849252014,4.916666666666667,2.1725
24,2023-S05,2023,5,Customer Web Portal,EIP-QA,Medium,11.0,59.0,Test Execution,No,9.5,8.83,0,0.6699999999999999,7.052631578947367,0.9294736842105263,4.916666666666667,0.7916666666666666
24,2023-S05,2023,5,Customer Web Portal,EIP-QA,Medium,11.0,59.0,Regression Testing,No,26.43,27.2,0,-0.7699999999999996,-2.9133560348089276,1.0291335603480893,4.916666666666667,2.2025
24,2023-S05,2023,5,Customer Web Portal,EIP-QA,Medium,11.0,59.0,Defect Management,No,10.05,11.26,0,-1.209999999999999,-12.039800995024866,1.1203980099502486,4.916666666666667,0.8375
25,2023-S05,2023,5,Legacy Service Platform,Legacy Support QA,Medium,6.0,64.0,Test Planning,No,7.74,8.48,0,-0.7400000000000002,-9.560723514211888,1.0956072351421189,9.142857142857142,1.1057142857142856
25,2023-S05,2023,5,Legacy Service Platform,Legacy Support QA,Medium,6.0,64.0,Test Design,No,27.0899,30.0,0,-2.9101,-10.742380001402736,1.1074238000140273,9.142857142857142,3.8699857142857144
25,2023-S05,2023,5,Legacy Service Platform,Legacy Support QA,Medium,6.0,64.0,Automation Development,No,30.32,26.9,0,3.4200000000000017,11.279683377308713,0.8872031662269129,9.142857142857142,4.331428571428572
25,2023-S05,2023,5,Legacy Service Platform,Legacy Support QA,Medium,6.0,64.0,Test Execution,No,10.11,10.88,0,-0.7700000000000014,-7.616221562809114,1.0761622156280912,9.142857142857142,1.4442857142857142
25,2023-S05,2023,5,Legacy Service Platform,Legacy Support QA,Medium,6.0,64.0,Regression Testing,No,20.68,22.56,0,-1.879999999999999,-9.090909090909086,1.0909090909090908,9.142857142857142,2.954285714285714
25,2023-S05,2023,5,Legacy Service Platform,Legacy Support QA,Medium,6.0,64.0,Defect Management,No,19.3,18.0,0,1.3000000000000007,6.735751295336791,0.9326424870466321,9.142857142857142,2.757142857142857
26,2023-S05,2023,5,API Integration Platform,API & Middleware QA,High,11.0,124.0,Test Planning,No,15.0,14.12,0,0.8800000000000008,5.8666666666666725,0.9413333333333332,10.333333333333334,1.25
26,2023-S05,2023,5,API Integration Platform,API & Middleware QA,High,11.0,124.0,Test Design,No,64.94,68.1329,0,-3.1929000000000087,-4.916692331382828,1.0491669233138283,10.333333333333334,5.411666666666666
26,2023-S05,2023,5,API Integration Platform,API & Middleware QA,High,11.0,124.0,Automation Development,No,68.73,63.0,0,5.730000000000004,8.33697075512877,0.9166302924487123,10.333333333333334,5.7275
26,2023-S05,2023,5,API Integration Platform,API & Middleware QA,High,11.0,124.0,Test Execution,No,23.74,24.6,0,-0.860000000000003,-3.6225779275484546,1.0362257792754845,10.333333333333334,1.9783333333333333
26,2023-S05,2023,5,API Integration Platform,API & Middleware QA,High,11.0,124.0,Regression Testing,No,53.46,55.6,0,-2.1400000000000006,-4.002992891881782,1.0400299289188177,10.333333333333334,4.455
26,2023-S05,2023,5,API Integration Platform,API & Middleware QA,High,11.0,124.0,Defect Management,No,30.6,25.58,0,5.020000000000003,16.405228758169944,0.8359477124183006,10.333333333333334,2.5500000000000003
27,2023-S05,2023,5,Billing & Payments,Billing & Payments QA,Medium,7.0,67.0,Test Planning,No,9.04,8.16,0,0.879999999999999,9.734513274336273,0.9026548672566372,8.375,1.13
27,2023-S05,2023,5,Billing & Payments,Billing & Payments QA,Medium,7.0,67.0,Test Design,No,28.16,28.07,0,0.08999999999999986,0.3196022727272722,0.9968039772727273,8.375,3.52
27,2023-S05,2023,5,Billing & Payments,Billing & Payments QA,Medium,7.0,67.0,Automation Development,No,45.95,51.58,0,-5.6299999999999955,-12.252448313384102,1.122524483133841,8.375,5.74375
27,2023-S05,2023,5,Billing & Payments,Billing & Payments QA,Medium,7.0,67.0,Test Execution,No,10.7,12.11,0,-1.4100000000000001,-13.177570093457946,1.1317757009345795,8.375,1.3375
27,2023-S05,2023,5,Billing & Payments,Billing & Payments QA,Medium,7.0,67.0,Regression Testing,No,19.4596,20.15,0,-0.6904000000000003,-3.547863265431974,1.0354786326543197,8.375,2.43245
27,2023-S05,2023,5,Billing & Payments,Billing & Payments QA,Medium,7.0,67.0,Defect Management,No,15.86,14.13,0,1.7299999999999986,10.907944514501883,0.8909205548549811,8.375,1.9825
28,2023-S05,2023,5,ERP Operations,ERP Operations QA,Medium,8.0,70.0,Test Planning,No,10.11,11.44,0,-1.33,-13.155291790306627,1.1315529179030663,7.777777777777778,1.1233333333333333
28,2023-S05,2023,5,ERP Operations,ERP Operations QA,Medium,8.0,70.0,Test Design,No,28.94,27.8147,0,1.1253000000000029,3.888389771941959,0.9611161022805804,7.777777777777778,3.2155555555555555
28,2023-S05,2023,5,ERP Operations,ERP Operations QA,Medium,8.0,70.0,Automation Development,No,29.9316,25.63,0,4.3016000000000005,14.371433535126757,0.8562856646487325,7.777777777777778,3.3257333333333334
28,2023-S05,2023,5,ERP Operations,ERP Operations QA,Medium,8.0,70.0,Test Execution,No,11.03,11.7,0,-0.6699999999999999,-6.074342701722575,1.0607434270172258,7.777777777777778,1.2255555555555555
28,2023-S05,2023,5,ERP Operations,ERP Operations QA,Medium,8.0,70.0,Regression Testing,No,26.6,24.3,0,2.3000000000000007,8.646616541353385,0.9135338345864662,7.777777777777778,2.9555555555555557
28,2023-S05,2023,5,ERP Operations,ERP Operations QA,Medium,8.0,70.0,Defect Management,No,19.99,22.41,0,-2.4200000000000017,-12.106053026513267,1.1210605302651326,7.777777777777778,2.221111111111111
29,2023-S06,2023,6,API Integration Platform,API & Middleware QA,Medium,11.0,65.0,Test Planning,No,11.53,12.0,0,-0.47000000000000064,-4.076322636600179,1.0407632263660018,5.416666666666667,0.9608333333333333
29,2023-S06,2023,6,API Integration Platform,API & Middleware QA,Medium,11.0,65.0,Test Design,No,27.2171,30.02,0,-2.802900000000001,-10.298305109655331,1.1029830510965533,5.416666666666667,2.2680916666666664
29,2023-S06,2023,6,API Integration Platform,API & Middleware QA,Medium,11.0,65.0,Automation Development,No,31.1,33.0,0,-1.8999999999999986,-6.109324758842439,1.0610932475884245,5.416666666666667,2.591666666666667
29,2023-S06,2023,6,API Integration Platform,API & Middleware QA,Medium,11.0,65.0,Test Execution,No,10.0,10.61,0,-0.6099999999999994,-6.099999999999994,1.061,5.416666666666667,0.8333333333333334
29,2023-S06,2023,6,API Integration Platform,API & Middleware QA,Medium,11.0,65.0,Regression Testing,No,22.18,25.28,0,-3.1000000000000014,-13.9765554553652,1.139765554553652,5.416666666666667,1.8483333333333334
29,2023-S06,2023,6,API Integration Platform,API & Middleware QA,Medium,11.0,65.0,Defect Management,No,12.01,13.08,0,-1.0700000000000003,-8.909242298084932,1.0890924229808494,5.416666666666667,1.0008333333333332
30,2023-S06,2023,6,Billing & Payments,Billing & Payments QA,Medium,11.0,61.0,Test Planning,No,11.18,21.43,0,-10.25,-91.68157423971378,1.9168157423971377,5.083333333333333,0.9316666666666666
30,2023-S06,2023,6,Billing & Payments,Billing & Payments QA,Medium,11.0,61.0,Test Design,No,26.0,26.57,0,-0.5700000000000003,-2.1923076923076934,1.021923076923077,5.083333333333333,2.1666666666666665
30,2023-S06,2023,6,Billing & Payments,Billing & Payments QA,Medium,11.0,61.0,Automation Development,No,32.0431,35.4,0,-3.356899999999996,-10.47620236493971,1.1047620236493971,5.083333333333333,2.6702583333333334
30,2023-S06,2023,6,Billing & Payments,Billing & Payments QA,Medium,11.0,61.0,Test Execution,No,9.76,10.77,0,-1.0099999999999998,-10.348360655737702,1.103483606557377,5.083333333333333,0.8133333333333334
30,2023-S06,2023,6,Billing & Payments,Billing & Payments QA,Medium,11.0,61.0,Regression Testing,No,12.08,10.68,0,1.4000000000000004,11.589403973509937,0.8841059602649006,5.083333333333333,1.0066666666666666
30,2023-S06,2023,6,Billing & Payments,Billing & Payments QA,Medium,11.0,61.0,Defect Management,No,16.1,19.0,0,-2.8999999999999986,-18.012422360248436,1.1801242236024843,5.083333333333333,1.3416666666666668
31,2023-S06,2023,6,CRM Sales & Service,CRM Platform QA,Medium,2.0,38.0,Test Planning,No,4.49,4.8,0,-0.3099999999999996,-6.90423162583518,1.0690423162583518,12.666666666666666,1.4966666666666668
31,2023-S06,2023,6,CRM Sales & Service,CRM Platform QA,Medium,2.0,38.0,Test Design,No,17.18,14.8,0,2.379999999999999,13.853317811408608,0.861466821885914,12.666666666666666,5.726666666666667
31,2023-S06,2023,6,CRM Sales & Service,CRM Platform QA,Medium,2.0,38.0,Automation Development,No,24.24,25.46,0,-1.2200000000000024,-5.033003300330043,1.0503300330033005,12.666666666666666,8.08
31,2023-S06,2023,6,CRM Sales & Service,CRM Platform QA,Medium,2.0,38.0,Test Execution,No,6.0,6.94,0,-0.9400000000000004,-15.666666666666673,1.1566666666666667,12.666666666666666,2.0
31,2023-S06,2023,6,CRM Sales & Service,CRM Platform QA,Medium,2.0,38.0,Regression Testing,No,11.2,13.15,0,-1.950000000000001,-17.410714285714295,1.174107142857143,12.666666666666666,3.733333333333333
31,2023-S06,2023,6,CRM Sales & Service,CRM Platform QA,Medium,2.0,38.0,Defect Management,No,11.04,10.4,0,0.6399999999999988,5.797101449275352,0.9420289855072465,12.666666666666666,3.6799999999999997
32,2023-S06,2023,6,Legacy Service Platform,Legacy Support QA,Medium,5.0,20.0,Test Planning,No,7.0,7.63,0,-0.6299999999999999,-8.999999999999998,1.09,3.3333333333333335,1.1666666666666667
32,2023-S06,2023,6,Legacy Service Platform,Legacy Support QA,Medium,5.0,20.0,Test Design,No,9.43,9.85,0,-0.41999999999999993,-4.453870625662778,1.0445387062566278,3.3333333333333335,1.5716666666666665
32,2023-S06,2023,6,Legacy Service Platform,Legacy Support QA,Medium,5.0,20.0,Automation Development,No,17.41,17.0,0,0.41000000000000014,2.354968408960368,0.9764503159103963,3.3333333333333335,2.901666666666667
32,2023-S06,2023,6,Legacy Service Platform,Legacy Support QA,Medium,5.0,20.0,Test Execution,No,3.79,4.04,0,-0.25,-6.596306068601583,1.0659630606860158,3.3333333333333335,0.6316666666666667
32,2023-S06,2023,6,Legacy Service Platform,Legacy Support QA,Medium,5.0,20.0,Regression Testing,No,7.97,8.75,0,-0.7800000000000002,-9.786700125470519,1.0978670012547052,3.3333333333333335,1.3283333333333334
32,2023-S06,2023,6,Legacy Service Platform,Legacy Support QA,Medium,5.0,20.0,Defect Management,No,4.82,5.6,0,-0.7799999999999994,-16.18257261410787,1.1618257261410787,3.3333333333333335,0.8033333333333333
33,2023-S06,2023,6,Customer Web Portal,EIP-QA,Medium,15.0,58.0,Test Planning,No,16.0,17.0,0,-1.0,-6.25,1.0625,3.625,1.0
33,2023-S06,2023,6,Customer Web Portal,EIP-QA,Medium,15.0,58.0,Test Design,Yes,24.57,20.0,1,4.57,18.5999185999186,0.814000814000814,3.625,1.535625
33,2023-S06,2023,6,Customer Web Portal,EIP-QA,Medium,15.0,58.0,Automation Development,No,42.56,46.33,0,-3.769999999999996,-8.858082706766908,1.0885808270676691,3.625,2.66
33,2023-S06,2023,6,Customer Web Portal,EIP-QA,Medium,15.0,58.0,Test Execution,No,9.15,10.32,0,-1.17,-12.786885245901638,1.1278688524590164,3.625,0.571875
33,2023-S06,2023,6,Customer Web Portal,EIP-QA,Medium,15.0,58.0,Regression Testing,No,13.0,13.1,0,-0.09999999999999964,-0.7692307692307665,1.0076923076923077,3.625,0.8125
33,2023-S06,2023,6,Customer Web Portal,EIP-QA,Medium,15.0,58.0,Defect Management,No,12.4,14.1,0,-1.6999999999999993,-13.709677419354833,1.1370967741935483,3.625,0.775
34,2023-S06,2023,6,Mobile Service App,Mobile & Web QE,Medium,11.0,65.0,Test Planning,No,13.25,13.99,0,-0.7400000000000002,-5.58490566037736,1.0558490566037737,5.416666666666667,1.1041666666666667
34,2023-S06,2023,6,Mobile Service App,Mobile & Web QE,Medium,11.0,65.0,Test Design,No,27.38,24.73,0,2.6499999999999986,9.67859751643535,0.9032140248356465,5.416666666666667,2.2816666666666667
34,2023-S06,2023,6,Mobile Service App,Mobile & Web QE,Medium,11.0,65.0,Automation Development,No,22.7,25.6,0,-2.900000000000002,-12.77533039647578,1.1277533039647578,5.416666666666667,1.8916666666666666
34,2023-S06,2023,6,Mobile Service App,Mobile & Web QE,Medium,11.0,65.0,Test Execution,No,10.0,10.2,0,-0.1999999999999993,-1.9999999999999927,1.02,5.416666666666667,0.8333333333333334
34,2023-S06,2023,6,Mobile Service App,Mobile & Web QE,Medium,11.0,65.0,Regression Testing,No,13.8,13.32,0,0.4800000000000004,3.4782608695652204,0.9652173913043478,5.416666666666667,1.1500000000000001
34,2023-S06,2023,6,Mobile Service App,Mobile & Web QE,Medium,11.0,65.0,Defect Management,No,10.3,9.8,0,0.5,4.854368932038835,0.9514563106796117,5.416666666666667,0.8583333333333334
35,2023-S07,2023,7,Billing & Payments,Billing & Payments QA,Medium,12.0,75.0,Test Planning,No,10.0,11.77,0,-1.7699999999999996,-17.699999999999996,1.177,5.769230769230769,0.7692307692307693
35,2023-S07,2023,7,Billing & Payments,Billing & Payments QA,Medium,12.0,75.0,Test Design,No,27.55,28.2905,0,-0.7405000000000008,-2.687840290381128,1.0268784029038114,5.769230769230769,2.1192307692307693
35,2023-S07,2023,7,Billing & Payments,Billing & Payments QA,Medium,12.0,75.0,Automation Development,No,34.0,41.0,0,-7.0,-20.588235294117645,1.2058823529411764,5.769230769230769,2.6153846153846154
35,2023-S07,2023,7,Billing & Payments,Billing & Payments QA,Medium,12.0,75.0,Test Execution,No,10.2,9.42,0,0.7799999999999994,7.647058823529405,0.9235294117647059,5.769230769230769,0.7846153846153846
35,2023-S07,2023,7,Billing & Payments,Billing & Payments QA,Medium,12.0,75.0,Regression Testing,No,15.1,16.0,0,-0.9000000000000004,-5.960264900662255,1.0596026490066226,5.769230769230769,1.1615384615384614
35,2023-S07,2023,7,Billing & Payments,Billing & Payments QA,Medium,12.0,75.0,Defect Management,No,7.79,9.98,0,-2.1900000000000004,-28.112965340179723,1.2811296534017973,5.769230769230769,0.5992307692307692
36,2023-S07,2023,7,CRM Sales & Service,CRM Platform QA,Medium,11.0,67.0,Test Planning,No,10.63,10.21,0,0.41999999999999993,3.951081843838193,0.9604891815616181,5.583333333333333,0.8858333333333334
36,2023-S07,2023,7,CRM Sales & Service,CRM Platform QA,Medium,11.0,67.0,Test Design,No,25.55,28.0,0,-2.4499999999999993,-9.589041095890408,1.095890410958904,5.583333333333333,2.129166666666667
36,2023-S07,2023,7,CRM Sales & Service,CRM Platform QA,Medium,11.0,67.0,Automation Development,No,33.98,33.15,0,0.8299999999999983,2.4426133019423144,0.9755738669805769,5.583333333333333,2.8316666666666666
36,2023-S07,2023,7,CRM Sales & Service,CRM Platform QA,Medium,11.0,67.0,Test Execution,No,9.39,10.58,0,-1.1899999999999995,-12.673056443024489,1.1267305644302448,5.583333333333333,0.7825000000000001
36,2023-S07,2023,7,CRM Sales & Service,CRM Platform QA,Medium,11.0,67.0,Regression Testing,No,15.41,18.8,0,-3.3900000000000006,-21.998702141466584,1.2199870214146658,5.583333333333333,1.2841666666666667
36,2023-S07,2023,7,CRM Sales & Service,CRM Platform QA,Medium,11.0,67.0,Defect Management,No,8.19,18.5,0,-10.31,-125.8852258852259,2.258852258852259,5.583333333333333,0.6825
37,2023-S07,2023,7,API Integration Platform,API & Middleware QA,High,5.0,59.0,Test Planning,No,7.5,8.05,0,-0.5500000000000007,-7.333333333333343,1.0733333333333335,9.833333333333334,1.25
37,2023-S07,2023,7,API Integration Platform,API & Middleware QA,High,5.0,59.0,Test Design,No,31.96,36.71,0,-4.75,-14.86232790988736,1.1486232790988735,9.833333333333334,5.326666666666667
37,2023-S07,2023,7,API Integration Platform,API & Middleware QA,High,5.0,59.0,Automation Development,No,45.6,47.0,0,-1.3999999999999986,-3.070175438596488,1.030701754385965,9.833333333333334,7.6000000000000005
37,2023-S07,2023,7,API Integration Platform,API & Middleware QA,High,5.0,59.0,Test Execution,No,11.4,13.1,0,-1.6999999999999993,-14.91228070175438,1.1491228070175439,9.833333333333334,1.9000000000000001
37,2023-S07,2023,7,API Integration Platform,API & Middleware QA,High,5.0,59.0,Regression Testing,No,20.8751,22.24,0,-1.3648999999999987,-6.538411792039313,1.0653841179203931,9.833333333333334,3.4791833333333333
37,2023-S07,2023,7,API Integration Platform,API & Middleware QA,High,5.0,59.0,Defect Management,No,21.25,21.7,0,-0.4499999999999993,-2.1176470588235263,1.0211764705882354,9.833333333333334,3.5416666666666665
38,2023-S07,2023,7,Mobile Service App,Mobile & Web QE,Low,8.0,49.0,Test Planning,No,9.4,9.42,0,-0.019999999999999574,-0.21276595744680396,1.0021276595744681,5.444444444444445,1.0444444444444445
38,2023-S07,2023,7,Mobile Service App,Mobile & Web QE,Low,8.0,49.0,Test Design,No,19.1,19.99,0,-0.889999999999997,-4.65968586387433,1.0465968586387433,5.444444444444445,2.1222222222222222
38,2023-S07,2023,7,Mobile Service App,Mobile & Web QE,Low,8.0,49.0,Automation Development,No,13.97,14.6,0,-0.629999999999999,-4.509663564781667,1.0450966356478166,5.444444444444445,1.5522222222222224
38,2023-S07,2023,7,Mobile Service App,Mobile & Web QE,Low,8.0,49.0,Test Execution,No,6.84,6.57,0,0.2699999999999996,3.947368421052625,0.9605263157894738,5.444444444444445,0.76
38,2023-S07,2023,7,Mobile Service App,Mobile & Web QE,Low,8.0,49.0,Regression Testing,No,9.76,11.37,0,-1.6099999999999994,-16.495901639344257,1.1649590163934425,5.444444444444445,1.0844444444444443
38,2023-S07,2023,7,Mobile Service App,Mobile & Web QE,Low,8.0,49.0,Defect Management,No,7.44,7.4,0,0.040000000000000036,0.5376344086021511,0.9946236559139785,5.444444444444445,0.8266666666666667
39,2023-S07,2023,7,Customer Web Portal,EIP-QA,Medium,5.0,67.0,Test Planning,No,6.9,5.8,0,1.1000000000000005,15.942028985507253,0.8405797101449275,11.166666666666666,1.1500000000000001
39,2023-S07,2023,7,Customer Web Portal,EIP-QA,Medium,5.0,67.0,Test Design,Yes,28.53,52.0,1,-23.47,-82.26428321065544,1.8226428321065544,11.166666666666666,4.755
39,2023-S07,2023,7,Customer Web Portal,EIP-QA,Medium,5.0,67.0,Automation Development,No,44.0,43.9,0,0.10000000000000142,0.2272727272727305,0.9977272727272727,11.166666666666666,7.333333333333333
39,2023-S07,2023,7,Customer Web Portal,EIP-QA,Medium,5.0,67.0,Test Execution,No,10.44,11.46,0,-1.0200000000000014,-9.770114942528748,1.0977011494252875,11.166666666666666,1.74
39,2023-S07,2023,7,Customer Web Portal,EIP-QA,Medium,5.0,67.0,Regression Testing,No,22.2,22.36,0,-0.16000000000000014,-0.7207207207207215,1.0072072072072071,11.166666666666666,3.6999999999999997
39,2023-S07,2023,7,Customer Web Portal,EIP-QA,Medium,5.0,67.0,Defect Management,No,17.33,18.7,0,-1.370000000000001,-7.905366416618587,1.0790536641661859,11.166666666666666,2.888333333333333
40,2023-S08,2023,8,Enterprise Data Platform,Data Platform QA,High,9.0,36.0,Test Planning,No,13.2459,13.98,0,-0.7340999999999998,-5.542092270060922,1.0554209227006093,3.6,1.3245900000000002
40,2023-S08,2023,8,Enterprise Data Platform,Data Platform QA,High,9.0,36.0,Test Design,No,20.25,24.34,0,-4.09,-20.197530864197528,1.2019753086419753,3.6,2.025
40,2023-S08,2023,8,Enterprise Data Platform,Data Platform QA,High,9.0,36.0,Automation Development,No,24.8,29.4,0,-4.599999999999998,-18.548387096774185,1.1854838709677418,3.6,2.48
40,2023-S08,2023,8,Enterprise Data Platform,Data Platform QA,High,9.0,36.0,Test Execution,No,7.57,13.17,0,-5.6,-73.97622192866578,1.7397622192866578,3.6,0.757
40,2023-S08,2023,8,Enterprise Data Platform,Data Platform QA,High,9.0,36.0,Regression Testing,No,14.46,15.02,0,-0.5599999999999987,-3.872752420470254,1.0387275242047025,3.6,1.4460000000000002
40,2023-S08,2023,8,Enterprise Data Platform,Data Platform QA,High,9.0,36.0,Defect Management,No,12.56,13.36,0,-0.7999999999999989,-6.369426751592348,1.0636942675159236,3.6,1.256
41,2023-S08,2023,8,Customer Web Portal,EIP-QA,Low,15.0,154.0,Test Planning,Yes,13.68,13.1,1,0.5800000000000001,4.239766081871346,0.9576023391812866,9.625,0.855
41,2023-S08,2023,8,Customer Web Portal,EIP-QA,Low,15.0,154.0,Test Design,Yes,54.9,45.92,1,8.979999999999997,16.357012750455368,0.8364298724954463,9.625,3.43125
41,2023-S08,2023,8,Customer Web Portal,EIP-QA,Low,15.0,154.0,Automation Development,No,62.15,55.28,0,6.869999999999997,11.053901850362022,0.8894609814963798,9.625,3.884375
41,2023-S08,2023,8,Customer Web Portal,EIP-QA,Low,15.0,154.0,Test Execution,No,19.0,18.05,0,0.9499999999999993,4.9999999999999964,0.9500000000000001,9.625,1.1875
41,2023-S08,2023,8,Customer Web Portal,EIP-QA,Low,15.0,154.0,Regression Testing,No,28.28,28.0,0,0.28000000000000114,0.9900990099009941,0.9900990099009901,9.625,1.7675
41,2023-S08,2023,8,Customer Web Portal,EIP-QA,Low,15.0,154.0,Defect Management,No,30.97,34.5,0,-3.530000000000001,-11.39812721989022,1.1139812721989022,9.625,1.935625
42,2023-S08,2023,8,Billing & Payments,Billing & Payments QA,Medium,9.0,50.0,Test Planning,No,10.06,10.0,0,0.0600000000000005,0.5964214711729672,0.9940357852882703,5.0,1.006
42,2023-S08,2023,8,Billing & Payments,Billing & Payments QA,Medium,9.0,50.0,Test Design,No,21.1,23.83,0,-2.729999999999997,-12.9383886255924,1.129383886255924,5.0,2.1100000000000003
42,2023-S08,2023,8,Billing & Payments,Billing & Payments QA,Medium,9.0,50.0,Automation Development,No,36.2761,37.0,0,-0.7239000000000004,-1.9955287365510639,1.0199552873655107,5.0,3.62761
42,2023-S08,2023,8,Billing & Payments,Billing & Payments QA,Medium,9.0,50.0,Test Execution,No,8.19,10.1,0,-1.9100000000000001,-23.321123321123324,1.2332112332112333,5.0,0.819
42,2023-S08,2023,8,Billing & Payments,Billing & Payments QA,Medium,9.0,50.0,Regression Testing,No,22.07,22.3,0,-0.23000000000000043,-1.042138649750795,1.010421386497508,5.0,2.207
42,2023-S08,2023,8,Billing & Payments,Billing & Payments QA,Medium,9.0,50.0,Defect Management,No,16.0,16.8,0,-0.8000000000000007,-5.000000000000004,1.05,5.0,1.6
43,2023-S08,2023,8,Legacy Service Platform,Legacy Support QA,Medium,7.0,51.0,Test Planning,No,9.7,12.15,0,-2.450000000000001,-25.257731958762896,1.252577319587629,6.375,1.2125
43,2023-S08,2023,8,Legacy Service Platform,Legacy Support QA,Medium,7.0,51.0,Test Design,No,21.6,20.0,0,1.6000000000000014,7.407407407407414,0.9259259259259258,6.375,2.7
43,2023-S08,2023,8,Legacy Service Platform,Legacy Support QA,Medium,7.0,51.0,Automation Development,No,26.88,26.95,0,-0.07000000000000028,-0.26041666666666774,1.0026041666666667,6.375,3.36
43,2023-S08,2023,8,Legacy Service Platform,Legacy Support QA,Medium,7.0,51.0,Test Execution,No,8.53,7.67,0,0.8599999999999994,10.082063305978892,0.8991793669402111,6.375,1.06625
43,2023-S08,2023,8,Legacy Service Platform,Legacy Support QA,Medium,7.0,51.0,Regression Testing,No,19.82,20.92,0,-1.1000000000000014,-5.549949545913226,1.0554994954591324,6.375,2.4775
43,2023-S08,2023,8,Legacy Service Platform,Legacy Support QA,Medium,7.0,51.0,Defect Management,No,15.85,16.5406,0,-0.6906000000000017,-4.357097791798118,1.0435709779179811,6.375,1.98125
44,2023-S08,2023,8,Mobile Service App,Mobile & Web QE,Medium,10.0,57.0,Test Planning,No,11.3,21.01,0,-9.71,-85.929203539823,1.85929203539823,5.181818181818182,1.0272727272727273
44,2023-S08,2023,8,Mobile Service App,Mobile & Web QE,Medium,10.0,57.0,Test Design,No,25.0,27.2,0,-2.1999999999999993,-8.799999999999997,1.088,5.181818181818182,2.272727272727273
44,2023-S08,2023,8,Mobile Service App,Mobile & Web QE,Medium,10.0,57.0,Automation Development,Yes,29.0,25.47,1,3.530000000000001,12.172413793103452,0.8782758620689655,5.181818181818182,2.6363636363636362
44,2023-S08,2023,8,Mobile Service App,Mobile & Web QE,Medium,10.0,57.0,Test Execution,No,9.07,10.67,0,-1.5999999999999996,-17.640573318632853,1.1764057331863285,5.181818181818182,0.8245454545454546
44,2023-S08,2023,8,Mobile Service App,Mobile & Web QE,Medium,10.0,57.0,Regression Testing,No,23.2,22.94,0,0.259999999999998,1.1206896551724053,0.988793103448276,5.181818181818182,2.109090909090909
44,2023-S08,2023,8,Mobile Service App,Mobile & Web QE,Medium,10.0,57.0,Defect Management,No,10.89,11.45,0,-0.5599999999999987,-5.142332415059676,1.0514233241505968,5.181818181818182,0.9900000000000001
45,2023-S09,2023,9,Legacy Service Platform,Legacy Support QA,Low,7.0,33.0,Test Planning,No,7.9383,7.87,0,0.0682999999999998,0.8603857249033144,0.9913961427509669,4.125,0.9922875
45,2023-S09,2023,9,Legacy Service Platform,Legacy Support QA,Low,7.0,33.0,Test Design,No,12.7217,10.98,0,1.7416999999999998,13.690780320240217,0.8630921967975979,4.125,1.5902125
45,2023-S09,2023,9,Legacy Service Platform,Legacy Support QA,Low,7.0,33.0,Automation Development,No,,15.44,0,,,,4.125,
45,2023-S09,2023,9,Legacy Service Platform,Legacy Support QA,Low,7.0,33.0,Test Execution,No,5.0,4.97,0,0.03000000000000025,0.600000000000005,0.994,4.125,0.625
45,2023-S09,2023,9,Legacy Service Platform,Legacy Support QA,Low,7.0,33.0,Regression Testing,No,8.5,8.92,0,-0.41999999999999993,-4.941176470588235,1.0494117647058823,4.125,1.0625
45,2023-S09,2023,9,Legacy Service Platform,Legacy Support QA,Low,7.0,33.0,Defect Management,No,5.52,5.89,0,-0.3700000000000001,-6.7028985507246395,1.0670289855072463,4.125,0.69
46,2023-S09,2023,9,API Integration Platform,API & Middleware QA,High,6.0,29.0,Test Planning,No,6.51,6.3,0,0.20999999999999996,3.2258064516129026,0.967741935483871,4.142857142857143,0.9299999999999999
46,2023-S09,2023,9,API Integration Platform,API & Middleware QA,High,6.0,29.0,Test Design,No,10.9,11.0,0,-0.09999999999999964,-0.9174311926605472,1.0091743119266054,4.142857142857143,1.5571428571428572
46,2023-S09,2023,9,API Integration Platform,API & Middleware QA,High,6.0,29.0,Automation Development,No,17.89,16.1,0,1.7899999999999991,10.005589714924534,0.8999441028507547,4.142857142857143,2.5557142857142856
46,2023-S09,2023,9,API Integration Platform,API & Middleware QA,High,6.0,29.0,Test Execution,No,4.0,4.62,0,-0.6200000000000001,-15.500000000000004,1.155,4.142857142857143,0.5714285714285714
46,2023-S09,2023,9,API Integration Platform,API & Middleware QA,High,6.0,29.0,Regression Testing,No,8.1,7.79,0,0.3099999999999996,3.8271604938271557,0.9617283950617285,4.142857142857143,1.157142857142857
46,2023-S09,2023,9,API Integration Platform,API & Middleware QA,High,6.0,29.0,Defect Management,No,9.52,9.0,0,0.5199999999999996,5.4621848739495755,0.9453781512605043,4.142857142857143,1.3599999999999999
47,2023-S09,2023,9,Enterprise Data Platform,Data Platform QA,Medium,11.0,81.0,Test Planning,No,12.33,8.8022,0,3.527800000000001,28.611516626115176,0.7138848337388483,6.75,1.0275
47,2023-S09,2023,9,Enterprise Data Platform,Data Platform QA,Medium,11.0,81.0,Test Design,No,34.08,31.56,0,2.5199999999999996,7.394366197183097,0.926056338028169,6.75,2.84
47,2023-S09,2023,9,Enterprise Data Platform,Data Platform QA,Medium,11.0,81.0,Automation Development,No,59.05,66.05,0,-7.0,-11.854360711261643,1.1185436071126165,6.75,4.920833333333333
47,2023-S09,2023,9,Enterprise Data Platform,Data Platform QA,Medium,11.0,81.0,Test Execution,No,13.0,13.24,0,-0.2400000000000002,-1.8461538461538478,1.0184615384615385,6.75,1.0833333333333333
47,2023-S09,2023,9,Enterprise Data Platform,Data Platform QA,Medium,11.0,81.0,Regression Testing,No,27.25,,0,,,,6.75,2.2708333333333335
47,2023-S09,2023,9,Enterprise Data Platform,Data Platform QA,Medium,11.0,81.0,Defect Management,No,26.6377,25.43,0,1.207699999999999,4.53379984007628,0.9546620015992372,6.75,2.2198083333333334
48,2023-S09,2023,9,Mobile Service App,Mobile & Web QE,Medium,8.0,68.0,Test Planning,No,8.94,8.85,0,0.08999999999999986,1.0067114093959717,0.9899328859060403,7.555555555555555,0.9933333333333333
48,2023-S09,2023,9,Mobile Service App,Mobile & Web QE,Medium,8.0,68.0,Test Design,No,29.67,30.63,0,-0.9599999999999973,-3.235591506572286,1.0323559150657229,7.555555555555555,3.296666666666667
48,2023-S09,2023,9,Mobile Service App,Mobile & Web QE,Medium,8.0,68.0,Automation Development,No,30.0,34.23,0,-4.229999999999997,-14.09999999999999,1.1409999999999998,7.555555555555555,3.3333333333333335
48,2023-S09,2023,9,Mobile Service App,Mobile & Web QE,Medium,8.0,68.0,Test Execution,No,10.2,10.14,0,0.05999999999999872,0.5882352941176345,0.9941176470588237,7.555555555555555,1.1333333333333333
48,2023-S09,2023,9,Mobile Service App,Mobile & Web QE,Medium,8.0,68.0,Regression Testing,No,17.54,16.85,0,0.6899999999999977,3.9338654503990753,0.9606613454960092,7.555555555555555,1.948888888888889
48,2023-S09,2023,9,Mobile Service App,Mobile & Web QE,Medium,8.0,68.0,Defect Management,No,15.35,15.6,0,-0.25,-1.6286644951140066,1.01628664495114,7.555555555555555,1.7055555555555555
49,2023-S09,2023,9,Customer Web Portal,EIP-QA,Medium,11.0,59.0,Test Planning,No,12.17,20.4,0,-8.229999999999999,-67.62530813475759,1.676253081347576,4.916666666666667,1.0141666666666667
49,2023-S09,2023,9,Customer Web Portal,EIP-QA,Medium,11.0,59.0,Test Design,Yes,26.42,18.96,1,7.460000000000001,28.23618470855413,0.7176381529144588,4.916666666666667,2.2016666666666667
49,2023-S09,2023,9,Customer Web Portal,EIP-QA,Medium,11.0,59.0,Automation Development,No,33.41,33.69,0,-0.28000000000000114,-0.8380724334031762,1.0083807243340317,4.916666666666667,2.7841666666666662
49,2023-S09,2023,9,Customer Web Portal,EIP-QA,Medium,11.0,59.0,Test Execution,No,9.1829,8.9543,0,0.22860000000000014,2.4894096636138925,0.975105903363861,4.916666666666667,0.7652416666666667
49,2023-S09,2023,9,Customer Web Portal,EIP-QA,Medium,11.0,59.0,Regression Testing,No,17.55,21.72,0,-4.169999999999998,-23.760683760683747,1.2376068376068374,4.916666666666667,1.4625000000000001
49,2023-S09,2023,9,Customer Web Portal,EIP-QA,Medium,11.0,59.0,Defect Management,No,7.15,7.43,0,-0.27999999999999936,-3.916083916083907,1.0391608391608391,4.916666666666667,0.5958333333333333
50,2023-S09,2023,9,Billing & Payments,Billing & Payments QA,Medium,11.0,69.0,Test Planning,No,10.0,10.15,0,-0.15000000000000036,-1.5000000000000036,1.0150000000000001,5.75,0.8333333333333334
50,2023-S09,2023,9,Billing & Payments,Billing & Payments QA,Medium,11.0,69.0,Test Design,No,26.03,30.05,0,-4.02,-15.443718786016133,1.1544371878601614,5.75,2.169166666666667
50,2023-S09,2023,9,Billing & Payments,Billing & Payments QA,Medium,11.0,69.0,Automation Development,No,33.78,38.98,0,-5.199999999999996,-15.393724097098863,1.1539372409709887,5.75,2.815
50,2023-S09,2023,9,Billing & Payments,Billing & Payments QA,Medium,11.0,69.0,Test Execution,No,8.91,9.76,0,-0.8499999999999996,-9.539842873176202,1.095398428731762,5.75,0.7425
50,2023-S09,2023,9,Billing & Payments,Billing & Payments QA,Medium,11.0,69.0,Regression Testing,No,20.44,22.59,0,-2.1499999999999986,-10.518590998043045,1.1051859099804304,5.75,1.7033333333333334
50,2023-S09,2023,9,Billing & Payments,Billing & Payments QA,Medium,11.0,69.0,Defect Management,No,15.3,16.0,0,-0.6999999999999993,-4.575163398692805,1.0457516339869282,5.75,1.2750000000000001
51,2023-S10,2023,10,CRM Sales & Service,CRM Platform QA,High,8.0,60.0,Test Planning,No,11.4,11.4,0,0.0,0.0,1.0,6.666666666666667,1.2666666666666666
51,2023-S10,2023,10,CRM Sales & Service,CRM Platform QA,High,8.0,60.0,Test Design,No,32.45,34.15,0,-1.6999999999999957,-5.2388289676425135,1.0523882896764252,6.666666666666667,3.605555555555556
51,2023-S10,2023,10,CRM Sales & Service,CRM Platform QA,High,8.0,60.0,Automation Development,No,21.47,25.8,0,-4.330000000000002,-20.16767582673499,1.20167675826735,6.666666666666667,2.3855555555555554
51,2023-S10,2023,10,CRM Sales & Service,CRM Platform QA,High,8.0,60.0,Test Execution,No,11.98,11.5,0,0.4800000000000004,4.0066777963272155,0.9599332220367278,6.666666666666667,1.3311111111111111
51,2023-S10,2023,10,CRM Sales & Service,CRM Platform QA,High,8.0,60.0,Regression Testing,No,18.68,17.53,0,1.1499999999999986,6.156316916488215,0.9384368308351179,6.666666666666667,2.0755555555555554
51,2023-S10,2023,10,CRM Sales & Service,CRM Platform QA,High,8.0,60.0,Defect Management,No,12.92,11.8,0,1.1199999999999992,8.668730650154794,0.9133126934984521,6.666666666666667,1.4355555555555555
52,2023-S10,2023,10,Billing & Payments,Billing & Payments QA,High,13.0,67.0,Test Planning,No,17.06,21.0,0,-3.9400000000000013,-23.094958968347022,1.2309495896834701,4.785714285714286,1.2185714285714284
52,2023-S10,2023,10,Billing & Payments,Billing & Payments QA,High,13.0,67.0,Test Design,No,37.0,38.81,0,-1.8100000000000023,-4.891891891891898,1.048918918918919,4.785714285714286,2.642857142857143
52,2023-S10,2023,10,Billing & Payments,Billing & Payments QA,High,13.0,67.0,Automation Development,No,46.4972,44.13,0,2.367199999999997,5.091059246578282,0.9490894075342172,4.785714285714286,3.321228571428571
52,2023-S10,2023,10,Billing & Payments,Billing & Payments QA,High,13.0,67.0,Test Execution,No,13.52,14.0,0,-0.4800000000000004,-3.550295857988169,1.0355029585798816,4.785714285714286,0.9657142857142856
52,2023-S10,2023,10,Billing & Payments,Billing & Payments QA,High,13.0,67.0,Regression Testing,No,32.56,28.0,0,4.560000000000002,14.00491400491401,0.8599508599508598,4.785714285714286,2.325714285714286
52,2023-S10,2023,10,Billing & Payments,Billing & Payments QA,High,13.0,67.0,Defect Management,No,18.83,20.66,0,-1.8300000000000018,-9.71853425385025,1.0971853425385025,4.785714285714286,1.345
53,2023-S10,2023,10,Customer Web Portal,EIP-QA,High,14.0,89.0,Test Planning,No,18.2,20.94,0,-2.740000000000002,-15.054945054945065,1.1505494505494507,5.933333333333334,1.2133333333333334
53,2023-S10,2023,10,Customer Web Portal,EIP-QA,High,14.0,89.0,Test Design,Yes,48.9,31.98,1,16.919999999999998,34.601226993865026,0.6539877300613497,5.933333333333334,3.26
53,2023-S10,2023,10,Customer Web Portal,EIP-QA,High,14.0,89.0,Automation Development,No,50.83,48.92,0,1.9099999999999966,3.7576234507180737,0.9624237654928193,5.933333333333334,3.3886666666666665
53,2023-S10,2023,10,Customer Web Portal,EIP-QA,High,14.0,89.0,Test Execution,No,16.58,18.4,0,-1.8200000000000003,-10.977080820265382,1.1097708082026538,5.933333333333334,1.1053333333333333
53,2023-S10,2023,10,Customer Web Portal,EIP-QA,High,14.0,89.0,Regression Testing,No,20.16,18.42,0,1.7399999999999984,8.630952380952372,0.9136904761904763,5.933333333333334,1.344
53,2023-S10,2023,10,Customer Web Portal,EIP-QA,High,14.0,89.0,Defect Management,No,14.56,13.62,0,0.9400000000000013,6.456043956043965,0.9354395604395603,5.933333333333334,0.9706666666666667
54,2023-S10,2023,10,API Integration Platform,API & Middleware QA,Medium,10.0,74.0,Test Planning,No,11.8044,9.9,0,1.904399999999999,16.132967368100022,0.8386703263189997,6.7272727272727275,1.0731272727272727
54,2023-S10,2023,10,API Integration Platform,API & Middleware QA,Medium,10.0,74.0,Test Design,No,30.77,29.72,0,1.0500000000000007,3.4124146896327616,0.9658758531036724,6.7272727272727275,2.7972727272727274
54,2023-S10,2023,10,API Integration Platform,API & Middleware QA,Medium,10.0,74.0,Automation Development,No,41.42,82.42,0,-41.0,-98.98599710284887,1.9898599710284886,6.7272727272727275,3.7654545454545456
54,2023-S10,2023,10,API Integration Platform,API & Middleware QA,Medium,10.0,74.0,Test Execution,No,,11.93,0,,,,6.7272727272727275,
54,2023-S10,2023,10,API Integration Platform,API & Middleware QA,Medium,10.0,74.0,Regression Testing,No,15.5,16.0,0,-0.5,-3.225806451612903,1.032258064516129,6.7272727272727275,1.4090909090909092
54,2023-S10,2023,10,API Integration Platform,API & Middleware QA,Medium,10.0,74.0,Defect Management,No,19.91,21.42,0,-1.5100000000000016,-7.584128578603725,1.0758412857860373,6.7272727272727275,1.81
55,2023-S10,2023,10,Mobile Service App,Mobile & Web QE,Medium,14.0,63.0,Test Planning,No,12.11,13.0,0,-0.8900000000000006,-7.349298100743193,1.0734929810074318,4.2,0.8073333333333333
55,2023-S10,2023,10,Mobile Service App,Mobile & Web QE,Medium,14.0,63.0,Test Design,Yes,22.84,20.1,1,2.7399999999999984,11.996497373029765,0.8800350262697023,4.2,1.5226666666666666
55,2023-S10,2023,10,Mobile Service App,Mobile & Web QE,Medium,14.0,63.0,Automation Development,No,25.01,21.8,0,3.210000000000001,12.834866053578573,0.8716513394642142,4.2,1.6673333333333333
55,2023-S10,2023,10,Mobile Service App,Mobile & Web QE,Medium,14.0,63.0,Test Execution,No,8.38,7.43,0,0.9500000000000011,11.336515513126503,0.886634844868735,4.2,0.5586666666666668
55,2023-S10,2023,10,Mobile Service App,Mobile & Web QE,Medium,14.0,63.0,Regression Testing,No,12.21,12.57,0,-0.35999999999999943,-2.9484029484029435,1.0294840294840295,4.2,0.8140000000000001
55,2023-S10,2023,10,Mobile Service App,Mobile & Web QE,Medium,14.0,63.0,Defect Management,No,16.0,18.6,0,-2.6000000000000014,-16.250000000000007,1.1625,4.2,1.0666666666666667
56,2023-S11,2023,11,Customer Web Portal,EIP-QA,Medium,6.0,70.0,Test Planning,No,7.53,7.8,0,-0.2699999999999996,-3.5856573705179224,1.0358565737051793,10.0,1.0757142857142858
56,2023-S11,2023,11,Customer Web Portal,EIP-QA,Medium,6.0,70.0,Test Design,Yes,30.61,26.77,1,3.84,12.544919960797124,0.8745508003920287,10.0,4.372857142857143
56,2023-S11,2023,11,Customer Web Portal,EIP-QA,Medium,6.0,70.0,Automation Development,No,51.4,48.55,0,2.8500000000000014,5.544747081712066,0.9445525291828794,10.0,7.3428571428571425
56,2023-S11,2023,11,Customer Web Portal,EIP-QA,Medium,6.0,70.0,Test Execution,No,11.4,12.4,0,-1.0,-8.771929824561402,1.087719298245614,10.0,1.6285714285714286
56,2023-S11,2023,11,Customer Web Portal,EIP-QA,Medium,6.0,70.0,Regression Testing,No,27.7703,32.0,0,-4.229700000000001,-15.231020190635325,1.1523102019063531,10.0,3.9671857142857143
56,2023-S11,2023,11,Customer Web Portal,EIP-QA,Medium,6.0,70.0,Defect Management,No,16.89,16.68,0,0.21000000000000085,1.2433392539964525,0.9875666074600354,10.0,2.412857142857143
57,2023-S11,2023,11,API Integration Platform,API & Middleware QA,High,7.0,34.0,Test Planning,No,11.0,9.97,0,1.0299999999999994,9.363636363636358,0.9063636363636364,4.25,1.375
57,2023-S11,2023,11,API Integration Platform,API & Middleware QA,High,7.0,34.0,Test Design,No,18.4639,20.0,0,-1.5361000000000011,-8.319477466840706,1.083194774668407,4.25,2.3079875
57,2023-S11,2023,11,API Integration Platform,API & Middleware QA,High,7.0,34.0,Automation Development,No,16.1,20.4,0,-4.299999999999997,-26.70807453416147,1.2670807453416146,4.25,2.0125
57,2023-S11,2023,11,API Integration Platform,API & Middleware QA,High,7.0,34.0,Test Execution,No,7.48,7.71,0,-0.22999999999999954,-3.0748663101604214,1.0307486631016043,4.25,0.935
57,2023-S11,2023,11,API Integration Platform,API & Middleware QA,High,7.0,34.0,Regression Testing,No,20.1,17.85,0,2.25,11.194029850746269,0.8880597014925373,4.25,2.5125
57,2023-S11,2023,11,API Integration Platform,API & Middleware QA,High,7.0,34.0,Defect Management,No,9.9,8.9,0,1.0,10.1010101010101,0.898989898989899,4.25,1.2375
58,2023-S11,2023,11,Billing & Payments,Billing & Payments QA,Medium,11.0,38.0,Test Planning,No,12.1876,11.99,0,0.19759999999999955,1.6213200301946205,0.9837867996980538,3.1666666666666665,1.0156333333333334
58,2023-S11,2023,11,Billing & Payments,Billing & Payments QA,Medium,11.0,38.0,Test Design,No,16.42,17.5,0,-1.0799999999999983,-6.577344701583423,1.0657734470158342,3.1666666666666665,1.3683333333333334
58,2023-S11,2023,11,Billing & Payments,Billing & Payments QA,Medium,11.0,38.0,Automation Development,No,26.43,27.96,0,-1.5300000000000011,-5.788876276958007,1.05788876276958,3.1666666666666665,2.2025
58,2023-S11,2023,11,Billing & Payments,Billing & Payments QA,Medium,11.0,38.0,Test Execution,No,6.9,6.8,0,0.10000000000000053,1.4492753623188481,0.9855072463768115,3.1666666666666665,0.5750000000000001
58,2023-S11,2023,11,Billing & Payments,Billing & Payments QA,Medium,11.0,38.0,Regression Testing,No,9.6,8.0,0,1.5999999999999996,16.666666666666664,0.8333333333333334,3.1666666666666665,0.7999999999999999
58,2023-S11,2023,11,Billing & Payments,Billing & Payments QA,Medium,11.0,38.0,Defect Management,No,8.8,10.14,0,-1.3399999999999999,-15.227272727272725,1.1522727272727273,3.1666666666666665,0.7333333333333334
59,2023-S11,2023,11,Mobile Service App,Mobile & Web QE,Low,11.0,85.0,Test Planning,No,11.3,7.86,0,3.4400000000000004,30.442477876106196,0.695575221238938,7.083333333333333,0.9416666666666668
59,2023-S11,2023,11,Mobile Service App,Mobile & Web QE,Low,11.0,85.0,Test Design,Yes,30.3,31.42,1,-1.120000000000001,-3.6963696369637,1.036963696369637,7.083333333333333,2.525
59,2023-S11,2023,11,Mobile Service App,Mobile & Web QE,Low,11.0,85.0,Automation Development,No,46.64,52.0,0,-5.359999999999999,-11.492281303602057,1.1149228130360205,7.083333333333333,3.8866666666666667
59,2023-S11,2023,11,Mobile Service App,Mobile & Web QE,Low,11.0,85.0,Test Execution,No,11.12,10.0,0,1.1199999999999992,10.07194244604316,0.8992805755395684,7.083333333333333,0.9266666666666666
59,2023-S11,2023,11,Mobile Service App,Mobile & Web QE,Low,11.0,85.0,Regression Testing,No,27.0,30.0,0,-3.0,-11.11111111111111,1.1111111111111112,7.083333333333333,2.25
59,2023-S11,2023,11,Mobile Service App,Mobile & Web QE,Low,11.0,85.0,Defect Management,No,10.2,11.73,0,-1.5300000000000011,-15.000000000000014,1.1500000000000001,7.083333333333333,0.85
60,2023-S11,2023,11,CRM Sales & Service,CRM Platform QA,High,10.0,75.0,Test Planning,No,14.0,16.85,0,-2.8500000000000014,-20.35714285714287,1.2035714285714287,6.818181818181818,1.2727272727272727
60,2023-S11,2023,11,CRM Sales & Service,CRM Platform QA,High,10.0,75.0,Test Design,No,40.07,29.06,0,11.010000000000002,27.476915398053407,0.7252308460194659,6.818181818181818,3.6427272727272726
60,2023-S11,2023,11,CRM Sales & Service,CRM Platform QA,High,10.0,75.0,Automation Development,No,53.8,51.3,0,2.5,4.646840148698885,0.9535315985130112,6.818181818181818,4.890909090909091
60,2023-S11,2023,11,CRM Sales & Service,CRM Platform QA,High,10.0,75.0,Test Execution,No,14.91,13.56,0,1.3499999999999996,9.054325955734404,0.909456740442656,6.818181818181818,1.3554545454545455
60,2023-S11,2023,11,CRM Sales & Service,CRM Platform QA,High,10.0,75.0,Regression Testing,No,18.2,19.0,0,-0.8000000000000007,-4.3956043956043995,1.043956043956044,6.818181818181818,1.6545454545454545
60,2023-S11,2023,11,CRM Sales & Service,CRM Platform QA,High,10.0,75.0,Defect Management,No,15.0,16.1,0,-1.1000000000000014,-7.333333333333343,1.0733333333333335,6.818181818181818,1.3636363636363635
61,2023-S12,2023,12,Mobile Service App,Mobile & Web QE,Low,13.0,96.0,Test Planning,No,12.7,13.3,0,-0.6000000000000014,-4.72440944881891,1.0472440944881891,6.857142857142857,0.9071428571428571
61,2023-S12,2023,12,Mobile Service App,Mobile & Web QE,Low,13.0,96.0,Test Design,Yes,34.81,25.27,1,9.540000000000003,27.405917839701242,0.7259408216029876,6.857142857142857,2.4864285714285717
61,2023-S12,2023,12,Mobile Service App,Mobile & Web QE,Low,13.0,96.0,Automation Development,No,35.6,37.85,0,-2.25,-6.320224719101124,1.0632022471910112,6.857142857142857,2.542857142857143
61,2023-S12,2023,12,Mobile Service App,Mobile & Web QE,Low,13.0,96.0,Test Execution,No,12.78,11.64,0,1.1399999999999988,8.920187793427221,0.9107981220657277,6.857142857142857,0.9128571428571428
61,2023-S12,2023,12,Mobile Service App,Mobile & Web QE,Low,13.0,96.0,Regression Testing,No,15.96,17.23,0,-1.2699999999999996,-7.95739348370927,1.0795739348370927,6.857142857142857,1.1400000000000001
61,2023-S12,2023,12,Mobile Service App,Mobile & Web QE,Low,13.0,96.0,Defect Management,No,20.0,17.99,0,2.0100000000000016,10.050000000000008,0.8995,6.857142857142857,1.4285714285714286
62,2023-S12,2023,12,Customer Web Portal,EIP-QA,Low,13.0,66.0,Test Planning,No,12.2,15.75,0,-3.5500000000000007,-29.098360655737714,1.2909836065573772,4.714285714285714,0.8714285714285713
62,2023-S12,2023,12,Customer Web Portal,EIP-QA,Low,13.0,66.0,Test Design,Yes,24.4,17.0,1,7.399999999999999,30.327868852459012,0.6967213114754098,4.714285714285714,1.7428571428571427
62,2023-S12,2023,12,Customer Web Portal,EIP-QA,Low,13.0,66.0,Automation Development,No,29.0,28.29,0,0.7100000000000009,2.4482758620689684,0.9755172413793103,4.714285714285714,2.0714285714285716
62,2023-S12,2023,12,Customer Web Portal,EIP-QA,Low,13.0,66.0,Test Execution,No,8.93,10.9,0,-1.9700000000000006,-22.06047032474805,1.2206047032474805,4.714285714285714,0.6378571428571428
62,2023-S12,2023,12,Customer Web Portal,EIP-QA,Low,13.0,66.0,Regression Testing,No,23.35,23.52,0,-0.16999999999999815,-0.7280513918629471,1.0072805139186294,4.714285714285714,1.667857142857143
62,2023-S12,2023,12,Customer Web Portal,EIP-QA,Low,13.0,66.0,Defect Management,No,9.3,8.65,0,0.6500000000000004,6.9892473118279606,0.9301075268817204,4.714285714285714,0.6642857142857144
63,2023-S12,2023,12,API Integration Platform,API & Middleware QA,Low,8.0,47.0,Test Planning,No,10.85,9.24,0,1.6099999999999994,14.83870967741935,0.8516129032258065,5.222222222222222,1.2055555555555555
63,2023-S12,2023,12,API Integration Platform,API & Middleware QA,Low,8.0,47.0,Test Design,No,25.2,26.43,0,-1.2300000000000004,-4.880952380952383,1.0488095238095239,5.222222222222222,2.8
63,2023-S12,2023,12,API Integration Platform,API & Middleware QA,Low,8.0,47.0,Automation Development,No,32.81,33.95,0,-1.1400000000000006,-3.474550441938435,1.0347455044193843,5.222222222222222,3.6455555555555557
63,2023-S12,2023,12,API Integration Platform,API & Middleware QA,Low,8.0,47.0,Test Execution,No,9.2,11.4,0,-2.200000000000001,-23.913043478260885,1.2391304347826089,5.222222222222222,1.0222222222222221
63,2023-S12,2023,12,API Integration Platform,API & Middleware QA,Low,8.0,47.0,Regression Testing,No,24.4,25.94,0,-1.5400000000000027,-6.311475409836078,1.0631147540983608,5.222222222222222,2.711111111111111
63,2023-S12,2023,12,API Integration Platform,API & Middleware QA,Low,8.0,47.0,Defect Management,No,17.0,14.0,0,3.0,17.647058823529413,0.8235294117647058,5.222222222222222,1.8888888888888888
64,2023-S12,2023,12,Billing & Payments,Billing & Payments QA,High,15.0,56.0,Test Planning,No,19.7,21.51,0,-1.8100000000000023,-9.18781725888326,1.0918781725888327,3.5,1.23125
64,2023-S12,2023,12,Billing & Payments,Billing & Payments QA,High,15.0,56.0,Test Design,No,30.4,32.53,0,-2.1300000000000026,-7.00657894736843,1.0700657894736842,3.5,1.9
64,2023-S12,2023,12,Billing & Payments,Billing & Payments QA,High,15.0,56.0,Automation Development,No,43.4,43.0,0,0.3999999999999986,0.9216589861751119,0.9907834101382489,3.5,2.7125
64,2023-S12,2023,12,Billing & Payments,Billing & Payments QA,High,15.0,56.0,Test Execution,No,11.2,11.9,0,-0.7000000000000011,-6.25000000000001,1.0625,3.5,0.7
64,2023-S12,2023,12,Billing & Payments,Billing & Payments QA,High,15.0,56.0,Regression Testing,No,23.94,27.3,0,-3.3599999999999994,-14.035087719298241,1.1403508771929824,3.5,1.49625
64,2023-S12,2023,12,Billing & Payments,Billing & Payments QA,High,15.0,56.0,Defect Management,No,19.03,18.45,0,0.5800000000000018,3.047819232790341,0.9695218076720966,3.5,1.189375
65,2023-S12,2023,12,CRM Sales & Service,CRM Platform QA,Medium,10.0,51.0,Test Planning,No,11.0,10.87,0,0.13000000000000078,1.181818181818189,0.9881818181818182,4.636363636363637,1.0
65,2023-S12,2023,12,CRM Sales & Service,CRM Platform QA,Medium,10.0,51.0,Test Design,No,21.87,23.3,0,-1.4299999999999997,-6.538637402834932,1.0653863740283493,4.636363636363637,1.9881818181818183
65,2023-S12,2023,12,CRM Sales & Service,CRM Platform QA,Medium,10.0,51.0,Automation Development,No,25.02,25.0,0,0.019999999999999574,0.07993605115907104,0.9992006394884093,4.636363636363637,2.2745454545454544
65,2023-S12,2023,12,CRM Sales & Service,CRM Platform QA,Medium,10.0,51.0,Test Execution,No,8.37,7.16,0,1.209999999999999,14.456391875746705,0.8554360812425329,4.636363636363637,0.7609090909090909
65,2023-S12,2023,12,CRM Sales & Service,CRM Platform QA,Medium,10.0,51.0,Regression Testing,No,13.32,14.3386,0,-1.0185999999999993,-7.647147147147142,1.0764714714714714,4.636363636363637,1.210909090909091
65,2023-S12,2023,12,CRM Sales & Service,CRM Platform QA,Medium,10.0,51.0,Defect Management,No,17.0,28.5,0,-11.5,-67.64705882352942,1.6764705882352942,4.636363636363637,1.5454545454545454
66,2023-S12,2023,12,ERP Operations,ERP Operations QA,Medium,7.0,21.0,Test Planning,No,9.33,10.0,0,-0.6699999999999999,-7.181136120042872,1.0718113612004287,2.625,1.16625
66,2023-S12,2023,12,ERP Operations,ERP Operations QA,Medium,7.0,21.0,Test Design,No,9.96,11.18,0,-1.2199999999999989,-12.24899598393573,1.1224899598393574,2.625,1.245
66,2023-S12,2023,12,ERP Operations,ERP Operations QA,Medium,7.0,21.0,Automation Development,No,13.0,13.91,0,-0.9100000000000001,-7.000000000000001,1.07,2.625,1.625
66,2023-S12,2023,12,ERP Operations,ERP Operations QA,Medium,7.0,21.0,Test Execution,No,4.0144,4.14,0,-0.1255999999999995,-3.128736548425655,1.0312873654842565,2.625,0.5018
66,2023-S12,2023,12,ERP Operations,ERP Operations QA,Medium,7.0,21.0,Regression Testing,No,8.93,8.12,0,0.8100000000000005,9.070548712206053,0.9092945128779395,2.625,1.11625
66,2023-S12,2023,12,ERP Operations,ERP Operations QA,Medium,7.0,21.0,Defect Management,No,6.62,7.76,0,-1.1399999999999997,-17.22054380664652,1.1722054380664653,2.625,0.8275
67,2023-S13,2023,13,Billing & Payments,Billing & Payments QA,Medium,9.0,63.0,Test Planning,No,9.9,16.52,0,-6.619999999999999,-66.86868686868685,1.6686868686868686,6.3,0.99
67,2023-S13,2023,13,Billing & Payments,Billing & Payments QA,Medium,9.0,63.0,Test Design,No,27.38,27.71,0,-0.33000000000000185,-1.2052593133674283,1.0120525931336743,6.3,2.738
67,2023-S13,2023,13,Billing & Payments,Billing & Payments QA,Medium,9.0,63.0,Automation Development,No,43.86,41.76,0,2.1000000000000014,4.787961696306433,0.9521203830369357,6.3,4.386
67,2023-S13,2023,13,Billing & Payments,Billing & Payments QA,Medium,9.0,63.0,Test Execution,No,10.33,12.04,0,-1.709999999999999,-16.553727008712478,1.1655372700871247,6.3,1.033
67,2023-S13,2023,13,Billing & Payments,Billing & Payments QA,Medium,9.0,63.0,Regression Testing,No,15.49,14.26,0,1.2300000000000004,7.940606843124599,0.920593931568754,6.3,1.549
67,2023-S13,2023,13,Billing & Payments,Billing & Payments QA,Medium,9.0,63.0,Defect Management,No,22.48,23.92,0,-1.4400000000000013,-6.405693950177942,1.0640569395017794,6.3,2.248
68,2023-S13,2023,13,CRM Sales & Service,CRM Platform QA,High,3.0,89.0,Test Planning,No,6.01,6.4,0,-0.39000000000000057,-6.48918469217971,1.0648918469217972,22.25,1.5025
68,2023-S13,2023,13,CRM Sales & Service,CRM Platform QA,High,3.0,89.0,Test Design,No,49.58,50.16,0,-0.5799999999999983,-1.1698265429608679,1.0116982654296087,22.25,12.395
68,2023-S13,2023,13,CRM Sales & Service,CRM Platform QA,High,3.0,89.0,Automation Development,No,62.56,79.12,0,-16.560000000000002,-26.47058823529412,1.2647058823529411,22.25,15.64
68,2023-S13,2023,13,CRM Sales & Service,CRM Platform QA,High,3.0,89.0,Test Execution,Yes,16.46,17.52,1,-1.0599999999999987,-6.439854191980551,1.0643985419198054,22.25,4.115
68,2023-S13,2023,13,CRM Sales & Service,CRM Platform QA,High,3.0,89.0,Regression Testing,No,22.69,23.71,0,-1.0199999999999996,-4.495372410753634,1.0449537241075364,22.25,5.6725
68,2023-S13,2023,13,CRM Sales & Service,CRM Platform QA,High,3.0,89.0,Defect Management,No,16.97,10.98,0,5.989999999999998,35.297583971714786,0.6470241602828521,22.25,4.2425
69,2023-S13,2023,13,Mobile Service App,Mobile & Web QE,Medium,16.0,57.0,Test Planning,No,14.65,15.28,0,-0.629999999999999,-4.300341296928321,1.0430034129692831,3.3529411764705883,0.861764705882353
69,2023-S13,2023,13,Mobile Service App,Mobile & Web QE,Medium,16.0,57.0,Test Design,Yes,20.8,16.3,1,4.5,21.634615384615383,0.7836538461538461,3.3529411764705883,1.223529411764706
69,2023-S13,2023,13,Mobile Service App,Mobile & Web QE,Medium,16.0,57.0,Automation Development,No,28.34,33.08,0,-4.739999999999998,-16.725476358503876,1.1672547635850388,3.3529411764705883,1.6670588235294117
69,2023-S13,2023,13,Mobile Service App,Mobile & Web QE,Medium,16.0,57.0,Test Execution,No,8.0,7.99,0,0.009999999999999787,0.12499999999999734,0.99875,3.3529411764705883,0.47058823529411764
69,2023-S13,2023,13,Mobile Service App,Mobile & Web QE,Medium,16.0,57.0,Regression Testing,No,11.33,11.8,0,-0.47000000000000064,-4.148278905560464,1.0414827890556047,3.3529411764705883,0.6664705882352941
69,2023-S13,2023,13,Mobile Service App,Mobile & Web QE,Medium,16.0,57.0,Defect Management,No,11.8154,10.06,0,1.7553999999999998,14.856881696768623,0.8514311830323138,3.3529411764705883,0.6950235294117647
70,2023-S13,2023,13,API Integration Platform,API & Middleware QA,Medium,7.0,106.0,Test Planning,No,10.39,10.4,0,-0.009999999999999787,-0.09624639076034443,1.0009624639076034,13.25,1.29875
70,2023-S13,2023,13,API Integration Platform,API & Middleware QA,Medium,7.0,106.0,Test Design,No,56.39,65.03,0,-8.64,-15.321865579003372,1.1532186557900337,13.25,7.04875
70,2023-S13,2023,13,API Integration Platform,API & Middleware QA,Medium,7.0,106.0,Automation Development,No,83.98,93.6064,0,-9.62639999999999,-11.46272922124314,1.1146272922124314,13.25,10.4975
70,2023-S13,2023,13,API Integration Platform,API & Middleware QA,Medium,7.0,106.0,Test Execution,No,21.052,18.29,0,2.7620000000000005,13.119893596807907,0.8688010640319209,13.25,2.6315
70,2023-S13,2023,13,API Integration Platform,API & Middleware QA,Medium,7.0,106.0,Regression Testing,No,50.94,53.72,0,-2.780000000000001,-5.45740086376129,1.054574008637613,13.25,6.3675
70,2023-S13,2023,13,API Integration Platform,API & Middleware QA,Medium,7.0,106.0,Defect Management,No,35.77,39.62,0,-3.8499999999999943,-10.763209393346362,1.1076320939334636,13.25,4.47125
71,2023-S13,2023,13,Customer Web Portal,EIP-QA,High,6.0,69.0,Test Planning,No,9.34,8.98,0,0.35999999999999943,3.8543897216274026,0.961456102783726,9.857142857142858,1.3342857142857143
71,2023-S13,2023,13,Customer Web Portal,EIP-QA,High,6.0,69.0,Test Design,Yes,38.52,28.81,1,9.710000000000004,25.207684319833863,0.7479231568016613,9.857142857142858,5.502857142857144
71,2023-S13,2023,13,Customer Web Portal,EIP-QA,High,6.0,69.0,Automation Development,No,28.0,26.4,0,1.6000000000000014,5.71428571428572,0.9428571428571428,9.857142857142858,4.0
71,2023-S13,2023,13,Customer Web Portal,EIP-QA,High,6.0,69.0,Test Execution,Yes,12.54,11.4,1,1.1399999999999988,9.090909090909081,0.9090909090909092,9.857142857142858,1.7914285714285714
71,2023-S13,2023,13,Customer Web Portal,EIP-QA,High,6.0,69.0,Regression Testing,No,30.27,28.02,0,2.25,7.433102081268583,0.9256689791873142,9.857142857142858,4.324285714285714
71,2023-S13,2023,13,Customer Web Portal,EIP-QA,High,6.0,69.0,Defect Management,No,13.0,14.0,0,-1.0,-7.6923076923076925,1.0769230769230769,9.857142857142858,1.8571428571428572
72,2023-S14,2023,14,Mobile Service App,Mobile & Web QE,Medium,9.0,48.0,Test Planning,No,9.2,9.76,0,-0.5600000000000005,-6.086956521739136,1.0608695652173914,4.8,0.9199999999999999
72,2023-S14,2023,14,Mobile Service App,Mobile & Web QE,Medium,9.0,48.0,Test Design,Yes,17.8,14.0759,1,3.7241,20.921910112359548,0.7907808988764045,4.8,1.78
72,2023-S14,2023,14,Mobile Service App,Mobile & Web QE,Medium,9.0,48.0,Automation Development,No,19.99,22.18,0,-2.1900000000000013,-10.955477738869442,1.1095547773886945,4.8,1.9989999999999999
72,2023-S14,2023,14,Mobile Service App,Mobile & Web QE,Medium,9.0,48.0,Test Execution,No,6.9,7.0,0,-0.09999999999999964,-1.4492753623188355,1.0144927536231882,4.8,0.6900000000000001
72,2023-S14,2023,14,Mobile Service App,Mobile & Web QE,Medium,9.0,48.0,Regression Testing,No,11.9,11.7954,0,0.10459999999999958,0.878991596638652,0.9912100840336134,4.8,1.19
72,2023-S14,2023,14,Mobile Service App,Mobile & Web QE,Medium,9.0,48.0,Defect Management,No,5.9,6.33,0,-0.4299999999999997,-7.288135593220334,1.0728813559322032,4.8,0.5900000000000001
73,2023-S14,2023,14,Billing & Payments,Billing & Payments QA,Low,14.0,98.0,Test Planning,No,12.8666,13.75,0,-0.8834,-6.865838683101985,1.0686583868310198,6.533333333333333,0.8577733333333334
73,2023-S14,2023,14,Billing & Payments,Billing & Payments QA,Low,14.0,98.0,Test Design,No,35.61,34.75,0,0.8599999999999994,2.4150519516989597,0.9758494804830105,6.533333333333333,2.374
73,2023-S14,2023,14,Billing & Payments,Billing & Payments QA,Low,14.0,98.0,Automation Development,No,40.3,38.0,0,2.299999999999997,5.707196029776669,0.9429280397022333,6.533333333333333,2.6866666666666665
73,2023-S14,2023,14,Billing & Payments,Billing & Payments QA,Low,14.0,98.0,Test Execution,No,13.45,13.07,0,0.379999999999999,2.8252788104089146,0.9717472118959108,6.533333333333333,0.8966666666666666
73,2023-S14,2023,14,Billing & Payments,Billing & Payments QA,Low,14.0,98.0,Regression Testing,No,27.56,26.51,0,1.0499999999999972,3.809869375907102,0.961901306240929,6.533333333333333,1.8373333333333333
73,2023-S14,2023,14,Billing & Payments,Billing & Payments QA,Low,14.0,98.0,Defect Management,No,30.37,31.49,0,-1.1199999999999974,-3.687849851827453,1.0368784985182746,6.533333333333333,2.0246666666666666
74,2023-S14,2023,14,API Integration Platform,API & Middleware QA,Medium,9.0,121.0,Test Planning,No,10.28,10.61,0,-0.33000000000000007,-3.2101167315175108,1.0321011673151752,12.1,1.028
74,2023-S14,2023,14,API Integration Platform,API & Middleware QA,Medium,9.0,121.0,Test Design,No,51.01,47.98,0,3.030000000000001,5.940011762399532,0.9405998823760047,12.1,5.101
74,2023-S14,2023,14,API Integration Platform,API & Middleware QA,Medium,9.0,121.0,Automation Development,No,47.4,49.24,0,-1.8400000000000034,-3.8818565400843954,1.038818565400844,12.1,4.74
74,2023-S14,2023,14,API Integration Platform,API & Middleware QA,Medium,9.0,121.0,Test Execution,No,17.99,19.94,0,-1.9500000000000028,-10.839355197331868,1.1083935519733186,12.1,1.799
74,2023-S14,2023,14,API Integration Platform,API & Middleware QA,Medium,9.0,121.0,Regression Testing,No,30.25,28.17,0,2.0799999999999983,6.8760330578512345,0.9312396694214876,12.1,3.025
74,2023-S14,2023,14,API Integration Platform,API & Middleware QA,Medium,9.0,121.0,Defect Management,No,29.16,31.13,0,-1.9699999999999989,-6.755829903978048,1.0675582990397805,12.1,2.916
75,2023-S14,2023,14,CRM Sales & Service,CRM Platform QA,Medium,9.0,51.0,Test Planning,No,11.18,12.0,0,-0.8200000000000003,-7.334525939177104,1.073345259391771,5.1,1.1179999999999999
75,2023-S14,2023,14,CRM Sales & Service,CRM Platform QA,Medium,9.0,51.0,Test Design,No,21.56,20.72,0,0.8399999999999999,3.896103896103896,0.961038961038961,5.1,2.1559999999999997
75,2023-S14,2023,14,CRM Sales & Service,CRM Platform QA,Medium,9.0,51.0,Automation Development,No,29.4,27.9,0,1.5,5.1020408163265305,0.9489795918367346,5.1,2.94
75,2023-S14,2023,14,CRM Sales & Service,CRM Platform QA,Medium,9.0,51.0,Test Execution,Yes,8.22,7.8,1,0.4200000000000008,5.1094890510949,0.948905109489051,5.1,0.8220000000000001
75,2023-S14,2023,14,CRM Sales & Service,CRM Platform QA,Medium,9.0,51.0,Regression Testing,No,12.0,13.17,0,-1.17,-9.749999999999998,1.0975,5.1,1.2
75,2023-S14,2023,14,CRM Sales & Service,CRM Platform QA,Medium,9.0,51.0,Defect Management,No,15.1,16.11,0,-1.0099999999999998,-6.688741721854304,1.066887417218543,5.1,1.51
76,2023-S14,2023,14,Customer Web Portal,EIP-QA,Low,14.0,30.0,Test Planning,No,12.9,14.74,0,-1.8399999999999999,-14.263565891472869,1.1426356589147286,2.0,0.86
76,2023-S14,2023,14,Customer Web Portal,EIP-QA,Low,14.0,30.0,Test Design,Yes,11.351,7.8,1,3.551000000000001,31.28358734913224,0.6871641265086775,2.0,0.7567333333333334
76,2023-S14,2023,14,Customer Web Portal,EIP-QA,Low,14.0,30.0,Automation Development,No,11.42,12.3,0,-0.8800000000000008,-7.705779334500883,1.0770577933450087,2.0,0.7613333333333333
76,2023-S14,2023,14,Customer Web Portal,EIP-QA,Low,14.0,30.0,Test Execution,No,4.49,4.7,0,-0.20999999999999996,-4.677060133630288,1.046770601336303,2.0,0.29933333333333334
76,2023-S14,2023,14,Customer Web Portal,EIP-QA,Low,14.0,30.0,Regression Testing,No,11.0,11.0,0,0.0,0.0,1.0,2.0,0.7333333333333333
76,2023-S14,2023,14,Customer Web Portal,EIP-QA,Low,14.0,30.0,Defect Management,Yes,7.22,5.89,1,1.33,18.42105263157895,0.8157894736842105,2.0,0.48133333333333334
77,2023-S15,2023,15,Billing & Payments,Billing & Payments QA,Medium,7.0,65.0,Test Planning,No,9.56,8.05,0,1.5099999999999998,15.794979079497907,0.8420502092050209,8.125,1.195
77,2023-S15,2023,15,Billing & Payments,Billing & Payments QA,Medium,7.0,65.0,Test Design,No,28.93,29.01,0,-0.08000000000000185,-0.2765295540961004,1.002765295540961,8.125,3.61625
77,2023-S15,2023,15,Billing & Payments,Billing & Payments QA,Medium,7.0,65.0,Automation Development,No,35.75,32.8,0,2.950000000000003,8.25174825174826,0.9174825174825174,8.125,4.46875
77,2023-S15,2023,15,Billing & Payments,Billing & Payments QA,Medium,7.0,65.0,Test Execution,No,10.97,9.24,0,1.7300000000000004,15.770282588878764,0.8422971741112124,8.125,1.37125
77,2023-S15,2023,15,Billing & Payments,Billing & Payments QA,Medium,7.0,65.0,Regression Testing,No,17.5,19.2,0,-1.6999999999999993,-9.71428571428571,1.0971428571428572,8.125,2.1875
77,2023-S15,2023,15,Billing & Payments,Billing & Payments QA,Medium,7.0,65.0,Defect Management,No,10.22,9.79,0,0.4300000000000015,4.207436399217236,0.9579256360078277,8.125,1.2775
78,2023-S15,2023,15,API Integration Platform,API & Middleware QA,High,9.0,28.0,Test Planning,No,12.09,12.24,0,-0.15000000000000036,-1.240694789081889,1.0124069478908189,2.8,1.209
78,2023-S15,2023,15,API Integration Platform,API & Middleware QA,High,9.0,28.0,Test Design,No,15.97,16.34,0,-0.3699999999999992,-2.316844082654973,1.0231684408265498,2.8,1.597
78,2023-S15,2023,15,API Integration Platform,API & Middleware QA,High,9.0,28.0,Automation Development,No,21.56,21.33,0,0.23000000000000043,1.0667903525046403,0.9893320964749536,2.8,2.1559999999999997
78,2023-S15,2023,15,API Integration Platform,API & Middleware QA,High,9.0,28.0,Test Execution,No,,5.44,0,,,,2.8,
78,2023-S15,2023,15,API Integration Platform,API & Middleware QA,High,9.0,28.0,Regression Testing,No,9.9764,9.86,0,0.1164000000000005,1.1667535383505123,0.9883324646164949,2.8,0.99764
78,2023-S15,2023,15,API Integration Platform,API & Middleware QA,High,9.0,28.0,Defect Management,No,8.17,14.07,0,-5.9,-72.2154222766218,1.7221542227662179,2.8,0.817
79,2023-S15,2023,15,Customer Web Portal,EIP-QA,Medium,11.0,42.0,Test Planning,No,12.23,11.28,0,0.9500000000000011,7.767784137367138,0.9223221586263286,3.5,1.0191666666666668
79,2023-S15,2023,15,Customer Web Portal,EIP-QA,Medium,11.0,42.0,Test Design,Yes,18.75,20.92,1,-2.1700000000000017,-11.573333333333343,1.1157333333333335,3.5,1.5625
79,2023-S15,2023,15,Customer Web Portal,EIP-QA,Medium,11.0,42.0,Automation Development,Yes,24.9737,18.12,1,6.8537,27.443670741620185,0.7255632925837981,3.5,2.081141666666667
79,2023-S15,2023,15,Customer Web Portal,EIP-QA,Medium,11.0,42.0,Test Execution,No,7.27,6.17,0,1.0999999999999996,15.130674002751027,0.8486932599724897,3.5,0.6058333333333333
79,2023-S15,2023,15,Customer Web Portal,EIP-QA,Medium,11.0,42.0,Regression Testing,No,13.98,14.2,0,-0.21999999999999886,-1.57367668097281,1.0157367668097281,3.5,1.165
79,2023-S15,2023,15,Customer Web Portal,EIP-QA,Medium,11.0,42.0,Defect Management,No,13.92,14.6,0,-0.6799999999999997,-4.885057471264366,1.0488505747126438,3.5,1.16
80,2023-S15,2023,15,CRM Sales & Service,CRM Platform QA,High,11.0,28.0,Test Planning,No,14.95,14.72,0,0.22999999999999865,1.5384615384615294,0.9846153846153847,2.3333333333333335,1.2458333333333333
80,2023-S15,2023,15,CRM Sales & Service,CRM Platform QA,High,11.0,28.0,Test Design,Yes,15.8,12.0,1,3.8000000000000007,24.05063291139241,0.7594936708860759,2.3333333333333335,1.3166666666666667
80,2023-S15,2023,15,CRM Sales & Service,CRM Platform QA,High,11.0,28.0,Automation Development,No,22.26,24.0,0,-1.7399999999999984,-7.816711590296488,1.0781671159029649,2.3333333333333335,1.8550000000000002
80,2023-S15,2023,15,CRM Sales & Service,CRM Platform QA,High,11.0,28.0,Test Execution,No,6.27,6.24,0,0.02999999999999936,0.47846889952152094,0.9952153110047848,2.3333333333333335,0.5225
80,2023-S15,2023,15,CRM Sales & Service,CRM Platform QA,High,11.0,28.0,Regression Testing,No,14.5,13.13,0,1.3699999999999992,9.448275862068959,0.9055172413793104,2.3333333333333335,1.2083333333333333
80,2023-S15,2023,15,CRM Sales & Service,CRM Platform QA,High,11.0,28.0,Defect Management,No,13.63,14.54,0,-0.9099999999999984,-6.676449009537771,1.0667644900953777,2.3333333333333335,1.1358333333333335
81,2023-S16,2023,16,Billing & Payments,Billing & Payments QA,Medium,12.0,59.0,Test Planning,No,12.57,15.28,0,-2.709999999999999,-21.559268098647564,1.2155926809864757,4.538461538461538,0.966923076923077
81,2023-S16,2023,16,Billing & Payments,Billing & Payments QA,Medium,12.0,59.0,Test Design,No,25.1,31.0,0,-5.899999999999999,-23.505976095617523,1.2350597609561753,4.538461538461538,1.9307692307692308
81,2023-S16,2023,16,Billing & Payments,Billing & Payments QA,Medium,12.0,59.0,Automation Development,No,37.84,39.8,0,-1.9599999999999937,-5.179704016913302,1.051797040169133,4.538461538461538,2.910769230769231
81,2023-S16,2023,16,Billing & Payments,Billing & Payments QA,Medium,12.0,59.0,Test Execution,No,10.2,10.0,0,0.1999999999999993,1.9607843137254832,0.9803921568627452,4.538461538461538,0.7846153846153846
81,2023-S16,2023,16,Billing & Payments,Billing & Payments QA,Medium,12.0,59.0,Regression Testing,No,14.0,14.14,0,-0.14000000000000057,-1.000000000000004,1.01,4.538461538461538,1.0769230769230769
81,2023-S16,2023,16,Billing & Payments,Billing & Payments QA,Medium,12.0,59.0,Defect Management,No,14.57,15.0,0,-0.4299999999999997,-2.9512697323266965,1.029512697323267,4.538461538461538,1.1207692307692307
82,2023-S16,2023,16,Enterprise Data Platform,Data Platform QA,Medium,9.0,72.0,Test Planning,No,10.35,10.18,0,0.16999999999999993,1.6425120772946853,0.9835748792270531,7.2,1.035
82,2023-S16,2023,16,Enterprise Data Platform,Data Platform QA,Medium,9.0,72.0,Test Design,No,30.87,29.42,0,1.4499999999999993,4.697116942014898,0.953028830579851,7.2,3.087
82,2023-S16,2023,16,Enterprise Data Platform,Data Platform QA,Medium,9.0,72.0,Automation Development,No,32.9512,36.2719,0,-3.320700000000002,-10.07762994974387,1.1007762994974386,7.2,3.29512
82,2023-S16,2023,16,Enterprise Data Platform,Data Platform QA,Medium,9.0,72.0,Test Execution,No,11.1,12.06,0,-0.9600000000000009,-8.648648648648656,1.0864864864864865,7.2,1.1099999999999999
82,2023-S16,2023,16,Enterprise Data Platform,Data Platform QA,Medium,9.0,72.0,Regression Testing,No,26.0,25.75,0,0.25,0.9615384615384616,0.9903846153846154,7.2,2.6
82,2023-S16,2023,16,Enterprise Data Platform,Data Platform QA,Medium,9.0,72.0,Defect Management,No,21.2,24.67,0,-3.4700000000000024,-16.3679245283019,1.163679245283019,7.2,2.12
83,2023-S16,2023,16,Customer Web Portal,EIP-QA,Medium,8.0,62.0,Test Planning,No,9.0,9.25,0,-0.25,-2.7777777777777777,1.0277777777777777,6.888888888888889,1.0
83,2023-S16,2023,16,Customer Web Portal,EIP-QA,Medium,8.0,62.0,Test Design,Yes,27.2,21.15,1,6.050000000000001,22.242647058823533,0.7775735294117647,6.888888888888889,3.022222222222222
83,2023-S16,2023,16,Customer Web Portal,EIP-QA,Medium,8.0,62.0,Automation Development,Yes,27.5,22.86,1,4.640000000000001,16.872727272727275,0.8312727272727273,6.888888888888889,3.0555555555555554
83,2023-S16,2023,16,Customer Web Portal,EIP-QA,Medium,8.0,62.0,Test Execution,No,9.32,10.77,0,-1.4499999999999993,-15.557939914163082,1.1555793991416308,6.888888888888889,1.0355555555555556
83,2023-S16,2023,16,Customer Web Portal,EIP-QA,Medium,8.0,62.0,Regression Testing,No,16.85,15.89,0,0.9600000000000009,5.697329376854604,0.943026706231454,6.888888888888889,1.8722222222222225
83,2023-S16,2023,16,Customer Web Portal,EIP-QA,Medium,8.0,62.0,Defect Management,No,12.42,12.4,0,0.019999999999999574,0.1610305958132011,0.998389694041868,6.888888888888889,1.38
84,2023-S16,2023,16,CRM Sales & Service,CRM Platform QA,Medium,5.0,55.0,Test Planning,No,7.47,6.0,0,1.4699999999999998,19.678714859437747,0.8032128514056225,9.166666666666666,1.2449999999999999
84,2023-S16,2023,16,CRM Sales & Service,CRM Platform QA,Medium,5.0,55.0,Test Design,Yes,25.0,22.4141,1,2.5858999999999988,10.343599999999995,0.896564,9.166666666666666,4.166666666666667
84,2023-S16,2023,16,CRM Sales & Service,CRM Platform QA,Medium,5.0,55.0,Automation Development,No,31.81,37.33,0,-5.52,-17.353033637221,1.17353033637221,9.166666666666666,5.301666666666667
84,2023-S16,2023,16,CRM Sales & Service,CRM Platform QA,Medium,5.0,55.0,Test Execution,No,8.6469,13.88,0,-5.2331,-60.519955128427526,1.6051995512842754,9.166666666666666,1.4411500000000002
84,2023-S16,2023,16,CRM Sales & Service,CRM Platform QA,Medium,5.0,55.0,Regression Testing,No,17.84,14.5,0,3.34,18.7219730941704,0.8127802690582959,9.166666666666666,2.973333333333333
84,2023-S16,2023,16,CRM Sales & Service,CRM Platform QA,Medium,5.0,55.0,Defect Management,No,11.41,13.43,0,-2.0199999999999996,-17.703768624014018,1.1770376862401402,9.166666666666666,1.9016666666666666
85,2023-S16,2023,16,Legacy Service Platform,Legacy Support QA,Medium,13.0,42.0,Test Planning,No,15.0,15.8,0,-0.8000000000000007,-5.3333333333333375,1.0533333333333335,3.0,1.0714285714285714
85,2023-S16,2023,16,Legacy Service Platform,Legacy Support QA,Medium,13.0,42.0,Test Design,No,18.83,17.8,0,1.0299999999999976,5.4699946893255325,0.9453000531067447,3.0,1.345
85,2023-S16,2023,16,Legacy Service Platform,Legacy Support QA,Medium,13.0,42.0,Automation Development,No,28.85,27.06,0,1.7900000000000027,6.2045060658578945,0.937954939341421,3.0,2.060714285714286
85,2023-S16,2023,16,Legacy Service Platform,Legacy Support QA,Medium,13.0,42.0,Test Execution,No,7.27,6.47,0,0.7999999999999998,11.004126547455293,0.889958734525447,3.0,0.5192857142857142
85,2023-S16,2023,16,Legacy Service Platform,Legacy Support QA,Medium,13.0,42.0,Regression Testing,No,9.89,9.06,0,0.8300000000000001,8.39231547017189,0.916076845298281,3.0,0.7064285714285715
85,2023-S16,2023,16,Legacy Service Platform,Legacy Support QA,Medium,13.0,42.0,Defect Management,No,11.03,11.83,0,-0.8000000000000007,-7.252946509519499,1.072529465095195,3.0,0.7878571428571428
86,2023-S16,2023,16,Mobile Service App,Mobile & Web QE,Medium,13.0,23.0,Test Planning,No,15.0,16.66,0,-1.6600000000000001,-11.066666666666668,1.1106666666666667,1.6428571428571428,1.0714285714285714
86,2023-S16,2023,16,Mobile Service App,Mobile & Web QE,Medium,13.0,23.0,Test Design,Yes,10.49,9.4,1,1.0899999999999999,10.3908484270734,0.8960915157292659,1.6428571428571428,0.7492857142857143
86,2023-S16,2023,16,Mobile Service App,Mobile & Web QE,Medium,13.0,23.0,Automation Development,No,14.83,16.42,0,-1.5900000000000016,-10.72151045178693,1.1072151045178693,1.6428571428571428,1.0592857142857144
86,2023-S16,2023,16,Mobile Service App,Mobile & Web QE,Medium,13.0,23.0,Test Execution,No,4.8,4.8,0,0.0,0.0,1.0,1.6428571428571428,0.34285714285714286
86,2023-S16,2023,16,Mobile Service App,Mobile & Web QE,Medium,13.0,23.0,Regression Testing,No,9.0,8.7,0,0.3000000000000007,3.333333333333341,0.9666666666666666,1.6428571428571428,0.6428571428571429
86,2023-S16,2023,16,Mobile Service App,Mobile & Web QE,Medium,13.0,23.0,Defect Management,No,5.2399,6.23,0,-0.9901000000000009,-18.895398767152063,1.1889539876715207,1.6428571428571428,0.3742785714285714
87,2023-S17,2023,17,Legacy Service Platform,Legacy Support QA,Low,3.0,50.0,Test Planning,No,5.45,6.29,0,-0.8399999999999999,-15.412844036697246,1.1541284403669725,12.5,1.3625
87,2023-S17,2023,17,Legacy Service Platform,Legacy Support QA,Low,3.0,50.0,Test Design,No,18.49,17.24,0,1.25,6.760411032990807,0.9323958896700919,12.5,4.6225
87,2023-S17,2023,17,Legacy Service Platform,Legacy Support QA,Low,3.0,50.0,Automation Development,No,22.79,22.43,0,0.35999999999999943,1.5796401930671322,0.9842035980693287,12.5,5.6975
87,2023-S17,2023,17,Legacy Service Platform,Legacy Support QA,Low,3.0,50.0,Test Execution,No,6.77,6.1,0,0.6699999999999999,9.896602658788774,0.9010339734121122,12.5,1.6925
87,2023-S17,2023,17,Legacy Service Platform,Legacy Support QA,Low,3.0,50.0,Regression Testing,No,9.12,8.64,0,0.47999999999999865,5.263157894736828,0.9473684210526317,12.5,2.28
87,2023-S17,2023,17,Legacy Service Platform,Legacy Support QA,Low,3.0,50.0,Defect Management,No,12.6,12.6,0,0.0,0.0,1.0,12.5,3.15
88,2023-S17,2023,17,Billing & Payments,Billing & Payments QA,Low,9.0,121.0,Test Planning,No,9.36,9.21,0,0.14999999999999858,1.6025641025640875,0.9839743589743591,12.1,0.9359999999999999
88,2023-S17,2023,17,Billing & Payments,Billing & Payments QA,Low,9.0,121.0,Test Design,No,44.53,41.0,0,3.530000000000001,7.927240062878961,0.9207275993712104,12.1,4.453
88,2023-S17,2023,17,Billing & Payments,Billing & Payments QA,Low,9.0,121.0,Automation Development,No,28.68,33.14,0,-4.460000000000001,-15.550906555090659,1.1555090655509066,12.1,2.868
88,2023-S17,2023,17,Billing & Payments,Billing & Payments QA,Low,9.0,121.0,Test Execution,No,15.3,15.97,0,-0.6699999999999999,-4.37908496732026,1.0437908496732027,12.1,1.53
88,2023-S17,2023,17,Billing & Payments,Billing & Payments QA,Low,9.0,121.0,Regression Testing,No,36.3,33.01,0,3.289999999999999,9.063360881542698,0.909366391184573,12.1,3.63
88,2023-S17,2023,17,Billing & Payments,Billing & Payments QA,Low,9.0,121.0,Defect Management,No,17.51,16.08,0,1.4300000000000033,8.166761850371234,0.9183323814962877,12.1,1.7510000000000001
89,2023-S17,2023,17,Customer Web Portal,EIP-QA,Medium,10.0,50.0,Test Planning,No,11.6,14.0,0,-2.4000000000000004,-20.689655172413797,1.206896551724138,4.545454545454546,1.0545454545454545
89,2023-S17,2023,17,Customer Web Portal,EIP-QA,Medium,10.0,50.0,Test Design,Yes,21.29,28.47,1,-7.18,-33.724753405354626,1.3372475340535463,4.545454545454546,1.9354545454545453
89,2023-S17,2023,17,Customer Web Portal,EIP-QA,Medium,10.0,50.0,Automation Development,Yes,18.2,14.0,1,4.199999999999999,23.076923076923073,0.7692307692307693,4.545454545454546,1.6545454545454545
89,2023-S17,2023,17,Customer Web Portal,EIP-QA,Medium,10.0,50.0,Test Execution,No,7.98,8.89,0,-0.9100000000000001,-11.403508771929825,1.1140350877192982,4.545454545454546,0.7254545454545455
89,2023-S17,2023,17,Customer Web Portal,EIP-QA,Medium,10.0,50.0,Regression Testing,No,18.58,18.4,0,0.17999999999999972,0.9687836383207736,0.9903121636167923,4.545454545454546,1.689090909090909
89,2023-S17,2023,17,Customer Web Portal,EIP-QA,Medium,10.0,50.0,Defect Management,No,7.81,7.55,0,0.2599999999999998,3.3290653008962843,0.9667093469910372,4.545454545454546,0.71
90,2023-S17,2023,17,Mobile Service App,Mobile & Web QE,Medium,3.0,74.0,Test Planning,No,5.86,5.75,0,0.11000000000000032,1.877133105802053,0.9812286689419795,18.5,1.465
90,2023-S17,2023,17,Mobile Service App,Mobile & Web QE,Medium,3.0,74.0,Test Design,Yes,26.0,21.2,1,4.800000000000001,18.461538461538467,0.8153846153846154,18.5,6.5
90,2023-S17,2023,17,Mobile Service App,Mobile & Web QE,Medium,3.0,74.0,Automation Development,No,38.72,38.47,0,0.25,0.6456611570247934,0.9935433884297521,18.5,9.68
90,2023-S17,2023,17,Mobile Service App,Mobile & Web QE,Medium,3.0,74.0,Test Execution,No,9.85,12.04,0,-2.1899999999999995,-22.23350253807106,1.2223350253807106,18.5,2.4625
90,2023-S17,2023,17,Mobile Service App,Mobile & Web QE,Medium,3.0,74.0,Regression Testing,No,21.52,21.84,0,-0.3200000000000003,-1.4869888475836444,1.0148698884758365,18.5,5.38
90,2023-S17,2023,17,Mobile Service App,Mobile & Web QE,Medium,3.0,74.0,Defect Management,No,9.6,10.0,0,-0.40000000000000036,-4.1666666666666705,1.0416666666666667,18.5,2.4
91,2023-S18,2023,18,Customer Web Portal,EIP-QA,Medium,15.0,47.0,Test Planning,No,15.1829,15.75,0,-0.5670999999999999,-3.73512306608092,1.0373512306608093,2.9375,0.94893125
91,2023-S18,2023,18,Customer Web Portal,EIP-QA,Medium,15.0,47.0,Test Design,Yes,19.97,16.0,1,3.969999999999999,19.879819729594388,0.8012018027040562,2.9375,1.248125
91,2023-S18,2023,18,Customer Web Portal,EIP-QA,Medium,15.0,47.0,Automation Development,Yes,16.36,14.0,1,2.3599999999999994,14.425427872860633,0.8557457212713937,2.9375,1.0225
91,2023-S18,2023,18,Customer Web Portal,EIP-QA,Medium,15.0,47.0,Test Execution,No,8.04,7.8,0,0.23999999999999932,2.9850746268656634,0.9701492537313434,2.9375,0.5025
91,2023-S18,2023,18,Customer Web Portal,EIP-QA,Medium,15.0,47.0,Regression Testing,No,16.28,14.47,0,1.8100000000000005,11.11793611793612,0.8888206388206388,2.9375,1.0175
91,2023-S18,2023,18,Customer Web Portal,EIP-QA,Medium,15.0,47.0,Defect Management,No,12.0,11.42,0,0.5800000000000001,4.833333333333334,0.9516666666666667,2.9375,0.75
92,2023-S18,2023,18,CRM Sales & Service,CRM Platform QA,Medium,11.0,38.0,Test Planning,No,12.0,13.0,0,-1.0,-8.333333333333332,1.0833333333333333,3.1666666666666665,1.0
92,2023-S18,2023,18,CRM Sales & Service,CRM Platform QA,Medium,11.0,38.0,Test Design,Yes,,11.4,1,,,,3.1666666666666665,
92,2023-S18,2023,18,CRM Sales & Service,CRM Platform QA,Medium,11.0,38.0,Automation Development,No,16.36,16.74,0,-0.379999999999999,-2.3227383863080626,1.0232273838630805,3.1666666666666665,1.3633333333333333
92,2023-S18,2023,18,CRM Sales & Service,CRM Platform QA,Medium,11.0,38.0,Test Execution,No,6.29,5.61,0,0.6799999999999997,10.810810810810805,0.8918918918918919,3.1666666666666665,0.5241666666666667
92,2023-S18,2023,18,CRM Sales & Service,CRM Platform QA,Medium,11.0,38.0,Regression Testing,No,10.22,9.9249,0,0.2951000000000015,2.887475538160484,0.9711252446183951,3.1666666666666665,0.8516666666666667
92,2023-S18,2023,18,CRM Sales & Service,CRM Platform QA,Medium,11.0,38.0,Defect Management,No,6.0,6.5,0,-0.5,-8.333333333333332,1.0833333333333333,3.1666666666666665,0.5
93,2023-S18,2023,18,Mobile Service App,Mobile & Web QE,Medium,7.0,51.0,Test Planning,No,8.1,8.37,0,-0.2699999999999996,-3.3333333333333286,1.0333333333333332,6.375,1.0125
93,2023-S18,2023,18,Mobile Service App,Mobile & Web QE,Medium,7.0,51.0,Test Design,Yes,22.86,22.0,1,0.8599999999999994,3.762029746281712,0.9623797025371829,6.375,2.8575
93,2023-S18,2023,18,Mobile Service App,Mobile & Web QE,Medium,7.0,51.0,Automation Development,No,16.98,18.38,0,-1.3999999999999986,-8.244994110718483,1.0824499411071848,6.375,2.1225
93,2023-S18,2023,18,Mobile Service App,Mobile & Web QE,Medium,7.0,51.0,Test Execution,No,8.69,10.01,0,-1.3200000000000003,-15.189873417721522,1.1518987341772153,6.375,1.08625
93,2023-S18,2023,18,Mobile Service App,Mobile & Web QE,Medium,7.0,51.0,Regression Testing,No,13.9,14.19,0,-0.28999999999999915,-2.0863309352517923,1.020863309352518,6.375,1.7375
93,2023-S18,2023,18,Mobile Service App,Mobile & Web QE,Medium,7.0,51.0,Defect Management,No,17.19,16.6,0,0.5899999999999999,3.4322280395578817,0.9656777196044212,6.375,2.14875
94,2023-S18,2023,18,Billing & Payments,Billing & Payments QA,High,9.0,57.0,Test Planning,No,12.17,12.19,0,-0.019999999999999574,-0.16433853738701376,1.0016433853738702,5.7,1.217
94,2023-S18,2023,18,Billing & Payments,Billing & Payments QA,High,9.0,57.0,Test Design,No,30.73,32.43,0,-1.6999999999999993,-5.532053368044254,1.0553205336804425,5.7,3.073
94,2023-S18,2023,18,Billing & Payments,Billing & Payments QA,High,9.0,57.0,Automation Development,No,25.0,27.74,0,-2.7399999999999984,-10.959999999999994,1.1096,5.7,2.5
94,2023-S18,2023,18,Billing & Payments,Billing & Payments QA,High,9.0,57.0,Test Execution,No,11.11,12.0,0,-0.8900000000000006,-8.010801080108017,1.08010801080108,5.7,1.111
94,2023-S18,2023,18,Billing & Payments,Billing & Payments QA,High,9.0,57.0,Regression Testing,No,14.4,14.0,0,0.40000000000000036,2.77777777777778,0.9722222222222222,5.7,1.44
94,2023-S18,2023,18,Billing & Payments,Billing & Payments QA,High,9.0,57.0,Defect Management,No,9.5,9.0,0,0.5,5.263157894736842,0.9473684210526315,5.7,0.95
95,2023-S19,2023,19,CRM Sales & Service,CRM Platform QA,Medium,13.0,53.0,Test Planning,No,14.6,14.86,0,-0.2599999999999998,-1.7808219178082179,1.0178082191780822,3.7857142857142856,1.042857142857143
95,2023-S19,2023,19,CRM Sales & Service,CRM Platform QA,Medium,13.0,53.0,Test Design,Yes,23.4,18.3,1,5.099999999999998,21.79487179487179,0.7820512820512822,3.7857142857142856,1.6714285714285713
95,2023-S19,2023,19,CRM Sales & Service,CRM Platform QA,Medium,13.0,53.0,Automation Development,No,19.0,17.84,0,1.1600000000000001,6.105263157894738,0.9389473684210526,3.7857142857142856,1.3571428571428572
95,2023-S19,2023,19,CRM Sales & Service,CRM Platform QA,Medium,13.0,53.0,Test Execution,No,8.9,9.9,0,-1.0,-11.235955056179774,1.1123595505617978,3.7857142857142856,0.6357142857142858
95,2023-S19,2023,19,CRM Sales & Service,CRM Platform QA,Medium,13.0,53.0,Regression Testing,No,17.49,19.38,0,-1.8900000000000006,-10.806174957118357,1.1080617495711835,3.7857142857142856,1.249285714285714
95,2023-S19,2023,19,CRM Sales & Service,CRM Platform QA,Medium,13.0,53.0,Defect Management,No,10.7,10.37,0,0.33000000000000007,3.0841121495327113,0.9691588785046729,3.7857142857142856,0.7642857142857142
96,2023-S19,2023,19,Enterprise Data Platform,Data Platform QA,Medium,8.0,44.0,Test Planning,No,9.81,10.0,0,-0.1899999999999995,-1.9367991845056012,1.019367991845056,4.888888888888889,1.09
96,2023-S19,2023,19,Enterprise Data Platform,Data Platform QA,Medium,8.0,44.0,Test Design,No,19.39,17.3,0,2.09,10.77875193398659,0.8922124806601341,4.888888888888889,2.1544444444444446
96,2023-S19,2023,19,Enterprise Data Platform,Data Platform QA,Medium,8.0,44.0,Automation Development,No,21.89,23.92,0,-2.030000000000001,-9.273640931932395,1.092736409319324,4.888888888888889,2.4322222222222223
96,2023-S19,2023,19,Enterprise Data Platform,Data Platform QA,Medium,8.0,44.0,Test Execution,No,7.3,8.47,0,-1.1700000000000008,-16.027397260273986,1.1602739726027398,4.888888888888889,0.8111111111111111
96,2023-S19,2023,19,Enterprise Data Platform,Data Platform QA,Medium,8.0,44.0,Regression Testing,No,13.6,14.7155,0,-1.1155000000000008,-8.202205882352947,1.0820220588235294,4.888888888888889,1.511111111111111
96,2023-S19,2023,19,Enterprise Data Platform,Data Platform QA,Medium,8.0,44.0,Defect Management,No,8.36,9.31,0,-0.9500000000000011,-11.363636363636378,1.1136363636363638,4.888888888888889,0.9288888888888889
97,2023-S19,2023,19,Legacy Service Platform,Legacy Support QA,High,8.0,84.0,Test Planning,No,10.87,10.86,0,0.009999999999999787,0.09199632014719215,0.9990800367985281,9.333333333333334,1.2077777777777776
97,2023-S19,2023,19,Legacy Service Platform,Legacy Support QA,High,8.0,84.0,Test Design,No,44.15,45.3,0,-1.1499999999999986,-2.6047565118912765,1.0260475651189127,9.333333333333334,4.905555555555555
97,2023-S19,2023,19,Legacy Service Platform,Legacy Support QA,High,8.0,84.0,Automation Development,No,28.55,26.2,0,2.3500000000000014,8.231173380035031,0.9176882661996497,9.333333333333334,3.1722222222222225
97,2023-S19,2023,19,Legacy Service Platform,Legacy Support QA,High,8.0,84.0,Test Execution,No,15.8,13.42,0,2.380000000000001,15.063291139240512,0.8493670886075949,9.333333333333334,1.7555555555555555
97,2023-S19,2023,19,Legacy Service Platform,Legacy Support QA,High,8.0,84.0,Regression Testing,No,19.64,20.96,0,-1.3200000000000003,-6.720977596741346,1.0672097759674135,9.333333333333334,2.1822222222222223
97,2023-S19,2023,19,Legacy Service Platform,Legacy Support QA,High,8.0,84.0,Defect Management,No,20.41,19.0,0,1.4100000000000001,6.908378245957865,0.9309162175404213,9.333333333333334,2.267777777777778
98,2023-S19,2023,19,Billing & Payments,Billing & Payments QA,Medium,12.0,83.0,Test Planning,No,13.49,15.08,0,-1.5899999999999999,-11.78650852483321,1.117865085248332,6.384615384615385,1.0376923076923077
98,2023-S19,2023,19,Billing & Payments,Billing & Payments QA,Medium,12.0,83.0,Test Design,No,35.21,38.26,0,-3.049999999999997,-8.662311843226348,1.0866231184322634,6.384615384615385,2.7084615384615387
98,2023-S19,2023,19,Billing & Payments,Billing & Payments QA,Medium,12.0,83.0,Automation Development,No,37.02,35.59,0,1.4299999999999997,3.8627768773635864,0.9613722312263642,6.384615384615385,2.847692307692308
98,2023-S19,2023,19,Billing & Payments,Billing & Payments QA,Medium,12.0,83.0,Test Execution,No,13.0,14.78,0,-1.7799999999999994,-13.692307692307686,1.136923076923077,6.384615384615385,1.0
98,2023-S19,2023,19,Billing & Payments,Billing & Payments QA,Medium,12.0,83.0,Regression Testing,No,22.7771,22.28,0,0.49709999999999965,2.182455185251852,0.9781754481474815,6.384615384615385,1.7520846153846155
98,2023-S19,2023,19,Billing & Payments,Billing & Payments QA,Medium,12.0,83.0,Defect Management,No,18.05,21.76,0,-3.710000000000001,-20.55401662049862,1.2055401662049863,6.384615384615385,1.3884615384615384
99,2023-S19,2023,19,API Integration Platform,API & Middleware QA,High,16.0,41.0,Test Planning,No,20.27,20.85,0,-0.5800000000000018,-2.8613714849531418,1.0286137148495313,2.411764705882353,1.1923529411764706
99,2023-S19,2023,19,API Integration Platform,API & Middleware QA,High,16.0,41.0,Test Design,Yes,21.75,20.11,1,1.6400000000000006,7.5402298850574745,0.9245977011494253,2.411764705882353,1.2794117647058822
99,2023-S19,2023,19,API Integration Platform,API & Middleware QA,High,16.0,41.0,Automation Development,No,21.14,24.0,0,-2.8599999999999994,-13.528855250709551,1.1352885525070955,2.411764705882353,1.243529411764706
99,2023-S19,2023,19,API Integration Platform,API & Middleware QA,High,16.0,41.0,Test Execution,No,9.04,7.46,0,1.5799999999999992,17.477876106194685,0.8252212389380532,2.411764705882353,0.5317647058823529
99,2023-S19,2023,19,API Integration Platform,API & Middleware QA,High,16.0,41.0,Regression Testing,No,21.0,25.39,0,-4.390000000000001,-20.904761904761905,1.2090476190476191,2.411764705882353,1.2352941176470589
99,2023-S19,2023,19,API Integration Platform,API & Middleware QA,High,16.0,41.0,Defect Management,Yes,17.4,16.45,1,0.9499999999999993,5.459770114942525,0.9454022988505747,2.411764705882353,1.0235294117647058
100,2023-S19,2023,19,Mobile Service App,Mobile & Web QE,Low,14.0,65.0,Test Planning,No,13.44,13.56,0,-0.120000000000001,-0.8928571428571502,1.0089285714285714,4.333333333333333,0.896
100,2023-S19,2023,19,Mobile Service App,Mobile & Web QE,Low,14.0,65.0,Test Design,Yes,23.04,17.51,1,5.529999999999998,24.001736111111104,0.759982638888889,4.333333333333333,1.536
100,2023-S19,2023,19,Mobile Service App,Mobile & Web QE,Low,14.0,65.0,Automation Development,Yes,27.6,24.0,1,3.6000000000000014,13.04347826086957,0.8695652173913043,4.333333333333333,1.84
100,2023-S19,2023,19,Mobile Service App,Mobile & Web QE,Low,14.0,65.0,Test Execution,No,8.9,9.14,0,-0.2400000000000002,-2.696629213483148,1.0269662921348315,4.333333333333333,0.5933333333333334
100,2023-S19,2023,19,Mobile Service App,Mobile & Web QE,Low,14.0,65.0,Regression Testing,No,18.11,18.16,0,-0.05000000000000071,-0.2760905577029305,1.0027609055770292,4.333333333333333,1.2073333333333334
100,2023-S19,2023,19,Mobile Service App,Mobile & Web QE,Low,14.0,65.0,Defect Management,No,11.23,13.67,0,-2.4399999999999995,-21.727515583259123,1.2172751558325912,4.333333333333333,0.7486666666666667
101,2023-S20,2023,20,Billing & Payments,Billing & Payments QA,Low,10.0,116.0,Test Planning,No,10.12,10.05,0,0.06999999999999851,0.6916996047430684,0.9930830039525693,10.545454545454545,0.9199999999999999
101,2023-S20,2023,20,Billing & Payments,Billing & Payments QA,Low,10.0,116.0,Test Design,No,41.0,40.31,0,0.6899999999999977,1.6829268292682873,0.9831707317073172,10.545454545454545,3.727272727272727
101,2023-S20,2023,20,Billing & Payments,Billing & Payments QA,Low,10.0,116.0,Automation Development,No,38.23,38.98,0,-0.75,-1.9618100967826315,1.0196181009678262,10.545454545454545,3.475454545454545
101,2023-S20,2023,20,Billing & Payments,Billing & Payments QA,Low,10.0,116.0,Test Execution,No,14.19,13.2,0,0.9900000000000002,6.976744186046513,0.9302325581395349,10.545454545454545,1.29
101,2023-S20,2023,20,Billing & Payments,Billing & Payments QA,Low,10.0,116.0,Regression Testing,No,31.13,33.54,0,-2.41,-7.741728236427884,1.077417282364279,10.545454545454545,2.83
101,2023-S20,2023,20,Billing & Payments,Billing & Payments QA,Low,10.0,116.0,Defect Management,No,21.7,22.8,0,-1.1000000000000014,-5.069124423963141,1.0506912442396314,10.545454545454545,1.9727272727272727
102,2023-S20,2023,20,Mobile Service App,Mobile & Web QE,High,6.0,83.0,Test Planning,No,8.2834,9.3,0,-1.0166000000000004,-12.2727382475795,1.122727382475795,11.857142857142858,1.1833428571428573
102,2023-S20,2023,20,Mobile Service App,Mobile & Web QE,High,6.0,83.0,Test Design,Yes,45.0,35.51,1,9.490000000000002,21.088888888888892,0.7891111111111111,11.857142857142858,6.428571428571429
102,2023-S20,2023,20,Mobile Service App,Mobile & Web QE,High,6.0,83.0,Automation Development,Yes,42.06,35.75,1,6.310000000000002,15.002377555872567,0.8499762244412743,11.857142857142858,6.008571428571429
102,2023-S20,2023,20,Mobile Service App,Mobile & Web QE,High,6.0,83.0,Test Execution,No,15.55,17.04,0,-1.4899999999999984,-9.581993569131821,1.0958199356913183,11.857142857142858,2.2214285714285715
102,2023-S20,2023,20,Mobile Service App,Mobile & Web QE,High,6.0,83.0,Regression Testing,No,35.9,33.37,0,2.530000000000001,7.047353760445686,0.9295264623955432,11.857142857142858,5.128571428571428
102,2023-S20,2023,20,Mobile Service App,Mobile & Web QE,High,6.0,83.0,Defect Management,No,18.3,20.35,0,-2.0500000000000007,-11.20218579234973,1.1120218579234973,11.857142857142858,2.6142857142857143
103,2023-S20,2023,20,Customer Web Portal,EIP-QA,High,9.0,84.0,Test Planning,No,11.8,11.99,0,-0.1899999999999995,-1.6101694915254194,1.0161016949152541,8.4,1.1800000000000002
103,2023-S20,2023,20,Customer Web Portal,EIP-QA,High,9.0,84.0,Test Design,Yes,45.0,37.85,1,7.149999999999999,15.888888888888886,0.8411111111111111,8.4,4.5
103,2023-S20,2023,20,Customer Web Portal,EIP-QA,High,9.0,84.0,Automation Development,Yes,63.88,46.81,1,17.07,26.7219787100814,0.7327802128991859,8.4,6.388
103,2023-S20,2023,20,Customer Web Portal,EIP-QA,High,9.0,84.0,Test Execution,No,15.8,16.5,0,-0.6999999999999993,-4.430379746835438,1.0443037974683544,8.4,1.58
103,2023-S20,2023,20,Customer Web Portal,EIP-QA,High,9.0,84.0,Regression Testing,No,32.9,35.16,0,-2.259999999999998,-6.869300911854098,1.068693009118541,8.4,3.29
103,2023-S20,2023,20,Customer Web Portal,EIP-QA,High,9.0,84.0,Defect Management,No,22.8,23.92,0,-1.120000000000001,-4.912280701754391,1.049122807017544,8.4,2.2800000000000002
104,2023-S20,2023,20,Enterprise Data Platform,Data Platform QA,High,12.0,32.0,Test Planning,No,11.0,12.8,0,-1.8000000000000007,-16.36363636363637,1.1636363636363638,2.4615384615384617,0.8461538461538461
104,2023-S20,2023,20,Enterprise Data Platform,Data Platform QA,High,12.0,32.0,Test Design,No,11.85,13.0,0,-1.1500000000000004,-9.704641350210974,1.0970464135021096,2.4615384615384617,0.9115384615384615
104,2023-S20,2023,20,Enterprise Data Platform,Data Platform QA,High,12.0,32.0,Automation Development,No,17.0,17.54,0,-0.5399999999999991,-3.176470588235289,1.031764705882353,2.4615384615384617,1.3076923076923077
104,2023-S20,2023,20,Enterprise Data Platform,Data Platform QA,High,12.0,32.0,Test Execution,No,5.0,5.16,0,-0.16000000000000014,-3.200000000000003,1.032,2.4615384615384617,0.38461538461538464
104,2023-S20,2023,20,Enterprise Data Platform,Data Platform QA,High,12.0,32.0,Regression Testing,No,10.17,17.43,0,-7.26,-71.38643067846607,1.7138643067846608,2.4615384615384617,0.7823076923076923
104,2023-S20,2023,20,Enterprise Data Platform,Data Platform QA,High,12.0,32.0,Defect Management,No,9.14,9.9826,0,-0.8425999999999991,-9.218818380743972,1.0921881838074396,2.4615384615384617,0.7030769230769232
105,2023-S20,2023,20,Legacy Service Platform,Legacy Support QA,Medium,18.0,46.0,Test Planning,No,18.67,19.31,0,-0.639999999999997,-3.4279592929833798,1.0342795929298338,2.4210526315789473,0.9826315789473685
105,2023-S20,2023,20,Legacy Service Platform,Legacy Support QA,Medium,18.0,46.0,Test Design,No,19.2,20.49,0,-1.2899999999999991,-6.718749999999996,1.0671875,2.4210526315789473,1.0105263157894737
105,2023-S20,2023,20,Legacy Service Platform,Legacy Support QA,Medium,18.0,46.0,Automation Development,No,28.77,31.56,0,-2.789999999999999,-9.697601668404586,1.0969760166840459,2.4210526315789473,1.5142105263157895
105,2023-S20,2023,20,Legacy Service Platform,Legacy Support QA,Medium,18.0,46.0,Test Execution,No,7.62,8.9,0,-1.2800000000000002,-16.797900262467195,1.167979002624672,2.4210526315789473,0.4010526315789474
105,2023-S20,2023,20,Legacy Service Platform,Legacy Support QA,Medium,18.0,46.0,Regression Testing,No,17.12,15.63,0,1.4900000000000002,8.703271028037383,0.9129672897196262,2.4210526315789473,0.9010526315789474
105,2023-S20,2023,20,Legacy Service Platform,Legacy Support QA,Medium,18.0,46.0,Defect Management,No,9.46,9.15,0,0.3100000000000005,3.276955602537003,0.96723044397463,2.4210526315789473,0.49789473684210533
106,2023-S20,2023,20,CRM Sales & Service,CRM Platform QA,Medium,14.0,64.0,Test Planning,No,15.18,13.16,0,2.0199999999999996,13.30698287220026,0.8669301712779974,4.266666666666667,1.012
106,2023-S20,2023,20,CRM Sales & Service,CRM Platform QA,Medium,14.0,64.0,Test Design,Yes,28.44,25.4,1,3.0400000000000027,10.689170182841078,0.8931082981715892,4.266666666666667,1.8960000000000001
106,2023-S20,2023,20,CRM Sales & Service,CRM Platform QA,Medium,14.0,64.0,Automation Development,No,22.8,23.4,0,-0.5999999999999979,-2.6315789473684115,1.026315789473684,4.266666666666667,1.52
106,2023-S20,2023,20,CRM Sales & Service,CRM Platform QA,Medium,14.0,64.0,Test Execution,No,9.7,10.13,0,-0.4300000000000015,-4.432989690721665,1.0443298969072166,4.266666666666667,0.6466666666666666
106,2023-S20,2023,20,CRM Sales & Service,CRM Platform QA,Medium,14.0,64.0,Regression Testing,No,13.95,13.98,0,-0.030000000000001137,-0.21505376344086838,1.0021505376344086,4.266666666666667,0.9299999999999999
106,2023-S20,2023,20,CRM Sales & Service,CRM Platform QA,Medium,14.0,64.0,Defect Management,No,16.0,15.97,0,0.02999999999999936,0.187499999999996,0.998125,4.266666666666667,1.0666666666666667
107,2024-S01,2024,1,Billing & Payments,Billing & Payments QA,High,14.0,61.0,Test Planning,No,18.02,19.13,0,-1.1099999999999994,-6.159822419533848,1.0615982241953386,4.066666666666666,1.2013333333333334
107,2024-S01,2024,1,Billing & Payments,Billing & Payments QA,High,14.0,61.0,Test Design,No,33.99,32.4,0,1.5900000000000034,4.677846425419251,0.9532215357458075,4.066666666666666,2.266
107,2024-S01,2024,1,Billing & Payments,Billing & Payments QA,High,14.0,61.0,Automation Development,No,33.0,36.05,0,-3.049999999999997,-9.242424242424233,1.0924242424242423,4.066666666666666,2.2
107,2024-S01,2024,1,Billing & Payments,Billing & Payments QA,High,14.0,61.0,Test Execution,No,12.25,12.19,0,0.0600000000000005,0.489795918367351,0.9951020408163265,4.066666666666666,0.8166666666666667
107,2024-S01,2024,1,Billing & Payments,Billing & Payments QA,High,14.0,61.0,Regression Testing,No,25.4635,28.61,0,-3.1464999999999996,-12.356903018045436,1.1235690301804544,4.066666666666666,1.6975666666666667
107,2024-S01,2024,1,Billing & Payments,Billing & Payments QA,High,14.0,61.0,Defect Management,No,19.8,22.0,0,-2.1999999999999993,-11.111111111111107,1.1111111111111112,4.066666666666666,1.32
108,2024-S01,2024,1,Customer Web Portal,EIP-QA,Medium,4.0,45.0,Test Planning,No,6.58,7.1,0,-0.5199999999999996,-7.902735562310023,1.0790273556231003,9.0,1.316
108,2024-S01,2024,1,Customer Web Portal,EIP-QA,Medium,4.0,45.0,Test Design,Yes,19.54,12.3154,1,7.224599999999999,36.97338792221084,0.6302661207778916,9.0,3.908
108,2024-S01,2024,1,Customer Web Portal,EIP-QA,Medium,4.0,45.0,Automation Development,Yes,19.6,15.35,1,4.250000000000002,21.683673469387763,0.7831632653061223,9.0,3.9200000000000004
108,2024-S01,2024,1,Customer Web Portal,EIP-QA,Medium,4.0,45.0,Test Execution,No,7.23,7.27,0,-0.03999999999999915,-0.5532503457814543,1.0055325034578146,9.0,1.4460000000000002
108,2024-S01,2024,1,Customer Web Portal,EIP-QA,Medium,4.0,45.0,Regression Testing,No,16.5,19.86,0,-3.3599999999999994,-20.36363636363636,1.2036363636363636,9.0,3.3
108,2024-S01,2024,1,Customer Web Portal,EIP-QA,Medium,4.0,45.0,Defect Management,No,13.0,12.59,0,0.41000000000000014,3.153846153846155,0.9684615384615385,9.0,2.6
109,2024-S01,2024,1,CRM Sales & Service,CRM Platform QA,Medium,10.0,92.0,Test Planning,No,11.14,11.65,0,-0.5099999999999998,-4.578096947935366,1.0457809694793536,8.363636363636363,1.0127272727272727
109,2024-S01,2024,1,CRM Sales & Service,CRM Platform QA,Medium,10.0,92.0,Test Design,Yes,39.7,32.7097,1,6.990300000000005,17.60780856423175,0.8239219143576825,8.363636363636363,3.6090909090909093
109,2024-S01,2024,1,CRM Sales & Service,CRM Platform QA,Medium,10.0,92.0,Automation Development,No,49.11,45.33,0,3.780000000000001,7.6970067196090435,0.9230299328039095,8.363636363636363,4.464545454545455
109,2024-S01,2024,1,CRM Sales & Service,CRM Platform QA,Medium,10.0,92.0,Test Execution,No,14.0,12.33,0,1.67,11.928571428571429,0.8807142857142857,8.363636363636363,1.2727272727272727
109,2024-S01,2024,1,CRM Sales & Service,CRM Platform QA,Medium,10.0,92.0,Regression Testing,No,32.41,32.0494,0,0.36059999999999803,1.1126195618636163,0.9888738043813639,8.363636363636363,2.946363636363636
109,2024-S01,2024,1,CRM Sales & Service,CRM Platform QA,Medium,10.0,92.0,Defect Management,No,15.42,16.41,0,-0.9900000000000002,-6.420233463035021,1.0642023346303502,8.363636363636363,1.4018181818181819
110,2024-S01,2024,1,Mobile Service App,Mobile & Web QE,Medium,14.0,79.0,Test Planning,No,14.55,17.6,0,-3.0500000000000007,-20.96219931271478,1.209621993127148,5.266666666666667,0.9700000000000001
110,2024-S01,2024,1,Mobile Service App,Mobile & Web QE,Medium,14.0,79.0,Test Design,No,35.5,28.6,0,6.899999999999999,19.436619718309856,0.8056338028169014,5.266666666666667,2.3666666666666667
110,2024-S01,2024,1,Mobile Service App,Mobile & Web QE,Medium,14.0,79.0,Automation Development,Yes,34.85,29.99,1,4.860000000000003,13.94548063127691,0.8605451936872309,5.266666666666667,2.3233333333333333
110,2024-S01,2024,1,Mobile Service App,Mobile & Web QE,Medium,14.0,79.0,Test Execution,No,12.5,12.14,0,0.35999999999999943,2.8799999999999955,0.9712000000000001,5.266666666666667,0.8333333333333334
110,2024-S01,2024,1,Mobile Service App,Mobile & Web QE,Medium,14.0,79.0,Regression Testing,No,24.72,24.65,0,0.07000000000000028,0.28317152103559984,0.997168284789644,5.266666666666667,1.648
110,2024-S01,2024,1,Mobile Service App,Mobile & Web QE,Medium,14.0,79.0,Defect Management,Yes,25.0,20.27,1,4.73,18.92,0.8108,5.266666666666667,1.6666666666666667
111,2024-S02,2024,2,ERP Operations,ERP Operations QA,High,12.0,49.0,Test Planning,No,16.65,15.43,0,1.2199999999999989,7.327327327327321,0.9267267267267267,3.769230769230769,1.2807692307692307
111,2024-S02,2024,2,ERP Operations,ERP Operations QA,High,12.0,49.0,Test Design,No,27.23,27.06,0,0.1700000000000017,0.6243114212265946,0.993756885787734,3.769230769230769,2.0946153846153845
111,2024-S02,2024,2,ERP Operations,ERP Operations QA,High,12.0,49.0,Automation Development,No,32.96,33.0,0,-0.03999999999999915,-0.12135922330096828,1.0012135922330097,3.769230769230769,2.5353846153846153
111,2024-S02,2024,2,ERP Operations,ERP Operations QA,High,12.0,49.0,Test Execution,No,9.8,9.0,0,0.8000000000000007,8.163265306122454,0.9183673469387754,3.769230769230769,0.7538461538461539
111,2024-S02,2024,2,ERP Operations,ERP Operations QA,High,12.0,49.0,Regression Testing,No,21.29,18.44,0,2.849999999999998,13.386566463128219,0.8661343353687178,3.769230769230769,1.6376923076923076
111,2024-S02,2024,2,ERP Operations,ERP Operations QA,High,12.0,49.0,Defect Management,No,20.33,22.98,0,-2.650000000000002,-13.034923757993125,1.1303492375799313,3.769230769230769,1.5638461538461537
112,2024-S02,2024,2,Billing & Payments,Billing & Payments QA,Low,7.0,133.0,Test Planning,No,8.2,8.0,0,0.1999999999999993,2.439024390243894,0.9756097560975611,16.625,1.025
112,2024-S02,2024,2,Billing & Payments,Billing & Payments QA,Low,7.0,133.0,Test Design,No,,55.7,0,,,,16.625,
112,2024-S02,2024,2,Billing & Payments,Billing & Payments QA,Low,7.0,133.0,Automation Development,No,46.8608,54.48,0,-7.619199999999999,-16.259218792679594,1.162592187926796,16.625,5.8576
112,2024-S02,2024,2,Billing & Payments,Billing & Payments QA,Low,7.0,133.0,Test Execution,No,16.77,11.59,0,5.18,30.888491353607634,0.6911150864639237,16.625,2.09625
112,2024-S02,2024,2,Billing & Payments,Billing & Payments QA,Low,7.0,133.0,Regression Testing,No,40.78,38.56,0,2.219999999999999,5.443845022069639,0.9455615497793036,16.625,5.0975
112,2024-S02,2024,2,Billing & Payments,Billing & Payments QA,Low,7.0,133.0,Defect Management,No,30.46,40.05,0,-9.589999999999996,-31.483913328955992,1.31483913328956,16.625,3.8075
113,2024-S02,2024,2,Enterprise Data Platform,Data Platform QA,Medium,18.0,76.0,Test Planning,No,19.26,17.0,0,2.2600000000000016,11.734164070612676,0.8826583592938733,4.0,1.013684210526316
113,2024-S02,2024,2,Enterprise Data Platform,Data Platform QA,Medium,18.0,76.0,Test Design,No,31.97,38.3372,0,-6.367200000000004,-19.91617141069754,1.1991617141069755,4.0,1.6826315789473683
113,2024-S02,2024,2,Enterprise Data Platform,Data Platform QA,Medium,18.0,76.0,Automation Development,No,24.32,25.6,0,-1.2800000000000011,-5.263157894736847,1.0526315789473684,4.0,1.28
113,2024-S02,2024,2,Enterprise Data Platform,Data Platform QA,Medium,18.0,76.0,Test Execution,No,11.78,10.1,0,1.6799999999999997,14.26146010186757,0.8573853989813243,4.0,0.62
113,2024-S02,2024,2,Enterprise Data Platform,Data Platform QA,Medium,18.0,76.0,Regression Testing,No,19.06,19.66,0,-0.6000000000000014,-3.147953830010501,1.031479538300105,4.0,1.003157894736842
113,2024-S02,2024,2,Enterprise Data Platform,Data Platform QA,Medium,18.0,76.0,Defect Management,No,15.0,14.6,0,0.40000000000000036,2.6666666666666687,0.9733333333333333,4.0,0.7894736842105263
114,2024-S02,2024,2,CRM Sales & Service,CRM Platform QA,High,16.0,69.0,Test Planning,No,16.95,16.7673,0,0.18270000000000053,1.0778761061946935,0.989221238938053,4.0588235294117645,0.9970588235294118
114,2024-S02,2024,2,CRM Sales & Service,CRM Platform QA,High,16.0,69.0,Test Design,Yes,30.23,21.0,1,9.23,30.532583526298378,0.6946741647370162,4.0588235294117645,1.7782352941176471
114,2024-S02,2024,2,CRM Sales & Service,CRM Platform QA,High,16.0,69.0,Automation Development,No,32.9,41.04,0,-8.14,-24.74164133738602,1.2474164133738601,4.0588235294117645,1.9352941176470588
114,2024-S02,2024,2,CRM Sales & Service,CRM Platform QA,High,16.0,69.0,Test Execution,No,10.0,12.0,0,-2.0,-20.0,1.2,4.0588235294117645,0.5882352941176471
114,2024-S02,2024,2,CRM Sales & Service,CRM Platform QA,High,16.0,69.0,Regression Testing,No,22.2,21.8,0,0.3999999999999986,1.8018018018017956,0.981981981981982,4.0588235294117645,1.3058823529411765
114,2024-S02,2024,2,CRM Sales & Service,CRM Platform QA,High,16.0,69.0,Defect Management,No,14.2,15.76,0,-1.5600000000000005,-10.98591549295775,1.1098591549295775,4.0588235294117645,0.8352941176470587
115,2024-S02,2024,2,API Integration Platform,API & Middleware QA,Medium,8.0,94.0,Test Planning,No,9.6,9.1507,0,0.44929999999999914,4.680208333333324,0.9531979166666668,10.444444444444445,1.0666666666666667
115,2024-S02,2024,2,API Integration Platform,API & Middleware QA,Medium,8.0,94.0,Test Design,Yes,38.79,29.29,1,9.5,24.49084815674143,0.7550915184325857,10.444444444444445,4.31
115,2024-S02,2024,2,API Integration Platform,API & Middleware QA,Medium,8.0,94.0,Automation Development,No,49.38,,0,,,,10.444444444444445,5.486666666666667
115,2024-S02,2024,2,API Integration Platform,API & Middleware QA,Medium,8.0,94.0,Test Execution,No,14.21,16.0,0,-1.7899999999999991,-12.596762843068255,1.1259676284306825,10.444444444444445,1.578888888888889
115,2024-S02,2024,2,API Integration Platform,API & Middleware QA,Medium,8.0,94.0,Regression Testing,No,20.1799,22.0,0,-1.8201,-9.019370760013677,1.0901937076001367,10.444444444444445,2.242211111111111
115,2024-S02,2024,2,API Integration Platform,API & Middleware QA,Medium,8.0,94.0,Defect Management,No,15.1,16.46,0,-1.3600000000000012,-9.0066225165563,1.090066225165563,10.444444444444445,1.6777777777777778
116,2024-S02,2024,2,Customer Web Portal,EIP-QA,Medium,12.0,82.0,Test Planning,No,13.26,12.47,0,0.7899999999999991,5.957767722473598,0.940422322775264,6.3076923076923075,1.02
116,2024-S02,2024,2,Customer Web Portal,EIP-QA,Medium,12.0,82.0,Test Design,Yes,34.04,37.51,1,-3.469999999999999,-10.193889541715626,1.1019388954171563,6.3076923076923075,2.6184615384615384
116,2024-S02,2024,2,Customer Web Portal,EIP-QA,Medium,12.0,82.0,Automation Development,Yes,31.85,24.72,1,7.130000000000003,22.386185243328107,0.776138147566719,6.3076923076923075,2.45
116,2024-S02,2024,2,Customer Web Portal,EIP-QA,Medium,12.0,82.0,Test Execution,No,12.55,13.88,0,-1.33,-10.597609561752988,1.10597609561753,6.3076923076923075,0.9653846153846154
116,2024-S02,2024,2,Customer Web Portal,EIP-QA,Medium,12.0,82.0,Regression Testing,No,30.43,29.45,0,0.9800000000000004,3.2205060795267846,0.9677949392047321,6.3076923076923075,2.3407692307692307
116,2024-S02,2024,2,Customer Web Portal,EIP-QA,Medium,12.0,82.0,Defect Management,No,13.0,13.97,0,-0.9700000000000006,-7.461538461538467,1.0746153846153847,6.3076923076923075,1.0
117,2024-S02,2024,2,Mobile Service App,Mobile & Web QE,Low,11.0,85.0,Test Planning,No,12.29,12.33,0,-0.040000000000000924,-0.3254678600488277,1.0032546786004883,7.083333333333333,1.0241666666666667
117,2024-S02,2024,2,Mobile Service App,Mobile & Web QE,Low,11.0,85.0,Test Design,Yes,36.19,23.21,1,12.979999999999997,35.866261398176285,0.6413373860182372,7.083333333333333,3.015833333333333
117,2024-S02,2024,2,Mobile Service App,Mobile & Web QE,Low,11.0,85.0,Automation Development,Yes,37.0,59.57,1,-22.57,-61.0,1.61,7.083333333333333,3.0833333333333335
117,2024-S02,2024,2,Mobile Service App,Mobile & Web QE,Low,11.0,85.0,Test Execution,No,13.4,13.35,0,0.05000000000000071,0.37313432835821425,0.9962686567164178,7.083333333333333,1.1166666666666667
117,2024-S02,2024,2,Mobile Service App,Mobile & Web QE,Low,11.0,85.0,Regression Testing,No,18.84,21.39,0,-2.5500000000000007,-13.53503184713376,1.1353503184713376,7.083333333333333,1.57
117,2024-S02,2024,2,Mobile Service App,Mobile & Web QE,Low,11.0,85.0,Defect Management,No,26.78,26.55,0,0.23000000000000043,0.8588498879761032,0.991411501120239,7.083333333333333,2.231666666666667
118,2024-S03,2024,3,Customer Web Portal,EIP-QA,Medium,16.0,55.0,Test Planning,No,14.13,13.7927,0,0.3373000000000008,2.387119603680119,0.9761288039631988,3.235294117647059,0.8311764705882353
118,2024-S03,2024,3,Customer Web Portal,EIP-QA,Medium,16.0,55.0,Test Design,Yes,20.7,15.15,1,5.549999999999999,26.811594202898547,0.7318840579710145,3.235294117647059,1.2176470588235293
118,2024-S03,2024,3,Customer Web Portal,EIP-QA,Medium,16.0,55.0,Automation Development,Yes,26.5,20.05,1,6.449999999999999,24.339622641509433,0.7566037735849057,3.235294117647059,1.5588235294117647
118,2024-S03,2024,3,Customer Web Portal,EIP-QA,Medium,16.0,55.0,Test Execution,No,8.0,7.3,0,0.7000000000000002,8.750000000000002,0.9125,3.235294117647059,0.47058823529411764
118,2024-S03,2024,3,Customer Web Portal,EIP-QA,Medium,16.0,55.0,Regression Testing,No,18.32,19.5,0,-1.1799999999999997,-6.4410480349344965,1.064410480349345,3.235294117647059,1.0776470588235294
118,2024-S03,2024,3,Customer Web Portal,EIP-QA,Medium,16.0,55.0,Defect Management,No,8.44,8.01,0,0.4299999999999997,5.094786729857817,0.9490521327014219,3.235294117647059,0.4964705882352941
119,2024-S03,2024,3,API Integration Platform,API & Middleware QA,High,15.0,78.0,Test Planning,No,18.18,18.2,0,-0.019999999999999574,-0.11001100110010767,1.001100110011001,4.875,1.13625
119,2024-S03,2024,3,API Integration Platform,API & Middleware QA,High,15.0,78.0,Test Design,Yes,41.6,33.75,1,7.850000000000001,18.87019230769231,0.8112980769230769,4.875,2.6
119,2024-S03,2024,3,API Integration Platform,API & Middleware QA,High,15.0,78.0,Automation Development,No,53.72,54.85,0,-1.1300000000000026,-2.1034996276991857,1.0210349962769918,4.875,3.3575
119,2024-S03,2024,3,API Integration Platform,API & Middleware QA,High,15.0,78.0,Test Execution,No,15.0,15.56,0,-0.5600000000000005,-3.7333333333333365,1.0373333333333334,4.875,0.9375
119,2024-S03,2024,3,API Integration Platform,API & Middleware QA,High,15.0,78.0,Regression Testing,No,38.0,41.53,0,-3.530000000000001,-9.28947368421053,1.0928947368421054,4.875,2.375
119,2024-S03,2024,3,API Integration Platform,API & Middleware QA,High,15.0,78.0,Defect Management,No,30.78,31.99,0,-1.2099999999999973,-3.931124106562694,1.039311241065627,4.875,1.92375
120,2024-S03,2024,3,ERP Operations,ERP Operations QA,Medium,4.0,60.0,Test Planning,No,6.37,7.39,0,-1.0199999999999996,-16.01255886970172,1.1601255886970172,12.0,1.274
120,2024-S03,2024,3,ERP Operations,ERP Operations QA,Medium,4.0,60.0,Test Design,No,26.73,28.2,0,-1.4699999999999989,-5.499438832772162,1.0549943883277215,12.0,5.346
120,2024-S03,2024,3,ERP Operations,ERP Operations QA,Medium,4.0,60.0,Automation Development,No,33.83,36.52,0,-2.690000000000005,-7.951522317469715,1.0795152231746972,12.0,6.766
120,2024-S03,2024,3,ERP Operations,ERP Operations QA,Medium,4.0,60.0,Test Execution,No,10.12,9.18,0,0.9399999999999995,9.288537549407112,0.907114624505929,12.0,2.024
120,2024-S03,2024,3,ERP Operations,ERP Operations QA,Medium,4.0,60.0,Regression Testing,No,18.69,39.58,0,-20.889999999999997,-111.77100053504545,2.1177100053504545,12.0,3.7380000000000004
120,2024-S03,2024,3,ERP Operations,ERP Operations QA,Medium,4.0,60.0,Defect Management,No,15.59,17.41,0,-1.8200000000000003,-11.674150096215524,1.1167415009621553,12.0,3.118
121,2024-S03,2024,3,Mobile Service App,Mobile & Web QE,High,7.0,104.0,Test Planning,No,9.54,10.5,0,-0.9600000000000009,-10.062893081761016,1.1006289308176103,13.0,1.1925
121,2024-S03,2024,3,Mobile Service App,Mobile & Web QE,High,7.0,104.0,Test Design,Yes,55.5,48.84,1,6.659999999999997,11.999999999999995,0.8800000000000001,13.0,6.9375
121,2024-S03,2024,3,Mobile Service App,Mobile & Web QE,High,7.0,104.0,Automation Development,Yes,47.7578,40.13,1,7.627800000000001,15.971841248968754,0.8402815875103125,13.0,5.969725
121,2024-S03,2024,3,Mobile Service App,Mobile & Web QE,High,7.0,104.0,Test Execution,No,19.5,21.1,0,-1.6000000000000014,-8.205128205128212,1.0820512820512822,13.0,2.4375
121,2024-S03,2024,3,Mobile Service App,Mobile & Web QE,High,7.0,104.0,Regression Testing,No,40.85,40.06,0,0.7899999999999991,1.9339045287637677,0.9806609547123624,13.0,5.10625
121,2024-S03,2024,3,Mobile Service App,Mobile & Web QE,High,7.0,104.0,Defect Management,No,17.65,34.22,0,-16.57,-93.88101983002834,1.9388101983002834,13.0,2.20625
122,2024-S03,2024,3,Billing & Payments,Billing & Payments QA,Low,7.0,31.0,Test Planning,No,7.8,8.0,0,-0.20000000000000018,-2.5641025641025665,1.0256410256410258,3.875,0.975
122,2024-S03,2024,3,Billing & Payments,Billing & Payments QA,Low,7.0,31.0,Test Design,No,11.92,10.6,0,1.3200000000000003,11.073825503355707,0.889261744966443,3.875,1.49
122,2024-S03,2024,3,Billing & Payments,Billing & Payments QA,Low,7.0,31.0,Automation Development,No,17.33,18.61,0,-1.2800000000000011,-7.386035776110798,1.0738603577611079,3.875,2.16625
122,2024-S03,2024,3,Billing & Payments,Billing & Payments QA,Low,7.0,31.0,Test Execution,No,4.87,4.0,0,0.8700000000000001,17.864476386036962,0.8213552361396304,3.875,0.60875
122,2024-S03,2024,3,Billing & Payments,Billing & Payments QA,Low,7.0,31.0,Regression Testing,No,8.91,10.8,0,-1.8900000000000006,-21.212121212121218,1.2121212121212122,3.875,1.11375
122,2024-S03,2024,3,Billing & Payments,Billing & Payments QA,Low,7.0,31.0,Defect Management,No,6.41,7.0,0,-0.5899999999999999,-9.204368174726987,1.0920436817472698,3.875,0.80125
123,2024-S03,2024,3,CRM Sales & Service,CRM Platform QA,High,2.0,45.0,Test Planning,No,4.26,4.45,0,-0.1900000000000004,-4.460093896713625,1.0446009389671362,15.0,1.42
123,2024-S03,2024,3,CRM Sales & Service,CRM Platform QA,High,2.0,45.0,Test Design,Yes,23.92,13.8,1,10.120000000000001,42.30769230769231,0.5769230769230769,15.0,7.973333333333334
123,2024-S03,2024,3,CRM Sales & Service,CRM Platform QA,High,2.0,45.0,Automation Development,No,25.6,28.0108,0,-2.4107999999999983,-9.417187499999994,1.094171875,15.0,8.533333333333333
123,2024-S03,2024,3,CRM Sales & Service,CRM Platform QA,High,2.0,45.0,Test Execution,No,9.22,9.49,0,-0.2699999999999996,-2.928416485900212,1.029284164859002,15.0,3.0733333333333337
123,2024-S03,2024,3,CRM Sales & Service,CRM Platform QA,High,2.0,45.0,Regression Testing,No,23.32,25.87,0,-2.5500000000000007,-10.93481989708405,1.1093481989708405,15.0,7.773333333333333
123,2024-S03,2024,3,CRM Sales & Service,CRM Platform QA,High,2.0,45.0,Defect Management,No,10.2096,11.8,0,-1.5904000000000007,-15.577495690330675,1.1557749569033067,15.0,3.4032
124,2024-S03,2024,3,Enterprise Data Platform,Data Platform QA,Medium,6.0,66.0,Test Planning,No,7.45,8.22,0,-0.7700000000000005,-10.335570469798663,1.1033557046979867,9.428571428571429,1.0642857142857143
124,2024-S03,2024,3,Enterprise Data Platform,Data Platform QA,Medium,6.0,66.0,Test Design,No,29.5,48.64,0,-19.14,-64.88135593220339,1.6488135593220339,9.428571428571429,4.214285714285714
124,2024-S03,2024,3,Enterprise Data Platform,Data Platform QA,Medium,6.0,66.0,Automation Development,No,25.76,25.28,0,0.4800000000000004,1.8633540372670823,0.9813664596273292,9.428571428571429,3.68
124,2024-S03,2024,3,Enterprise Data Platform,Data Platform QA,Medium,6.0,66.0,Test Execution,No,9.69,7.0,0,2.6899999999999995,27.760577915376672,0.7223942208462333,9.428571428571429,1.3842857142857141
124,2024-S03,2024,3,Enterprise Data Platform,Data Platform QA,Medium,6.0,66.0,Regression Testing,No,14.17,14.3392,0,-0.16920000000000002,-1.194071983062809,1.011940719830628,9.428571428571429,2.0242857142857145
124,2024-S03,2024,3,Enterprise Data Platform,Data Platform QA,Medium,6.0,66.0,Defect Management,No,16.8,16.0,0,0.8000000000000007,4.761904761904765,0.9523809523809523,9.428571428571429,2.4
125,2024-S04,2024,4,Enterprise Data Platform,Data Platform QA,Medium,4.0,52.0,Test Planning,No,6.06,6.96,0,-0.9000000000000004,-14.85148514851486,1.1485148514851486,10.4,1.212
125,2024-S04,2024,4,Enterprise Data Platform,Data Platform QA,Medium,4.0,52.0,Test Design,No,22.98,24.4,0,-1.4199999999999982,-6.179286335944291,1.061792863359443,10.4,4.596
125,2024-S04,2024,4,Enterprise Data Platform,Data Platform QA,Medium,4.0,52.0,Automation Development,No,23.3,25.56,0,-2.259999999999998,-9.699570815450635,1.0969957081545063,10.4,4.66
125,2024-S04,2024,4,Enterprise Data Platform,Data Platform QA,Medium,4.0,52.0,Test Execution,No,8.14,7.6,0,0.5400000000000009,6.633906633906644,0.9336609336609335,10.4,1.6280000000000001
125,2024-S04,2024,4,Enterprise Data Platform,Data Platform QA,Medium,4.0,52.0,Regression Testing,No,16.67,18.01,0,-1.3399999999999999,-8.03839232153569,1.080383923215357,10.4,3.3340000000000005
125,2024-S04,2024,4,Enterprise Data Platform,Data Platform QA,Medium,4.0,52.0,Defect Management,No,9.7,11.3,0,-1.6000000000000014,-16.49484536082476,1.1649484536082475,10.4,1.94
126,2024-S04,2024,4,CRM Sales & Service,CRM Platform QA,Medium,12.0,43.0,Test Planning,No,13.69,13.4,0,0.28999999999999915,2.118334550766977,0.9788166544923302,3.3076923076923075,1.053076923076923
126,2024-S04,2024,4,CRM Sales & Service,CRM Platform QA,Medium,12.0,43.0,Test Design,Yes,20.01,14.32,1,5.690000000000001,28.435782108945528,0.7156421789105447,3.3076923076923075,1.5392307692307694
126,2024-S04,2024,4,CRM Sales & Service,CRM Platform QA,Medium,12.0,43.0,Automation Development,No,14.59,13.3,0,1.2899999999999991,8.841672378341324,0.9115832762165867,3.3076923076923075,1.1223076923076922
126,2024-S04,2024,4,CRM Sales & Service,CRM Platform QA,Medium,12.0,43.0,Test Execution,No,7.15,7.71,0,-0.5599999999999996,-7.832167832167826,1.0783216783216782,3.3076923076923075,0.55
126,2024-S04,2024,4,CRM Sales & Service,CRM Platform QA,Medium,12.0,43.0,Regression Testing,No,13.93,17.0,0,-3.0700000000000003,-22.03876525484566,1.2203876525484565,3.3076923076923075,1.0715384615384616
126,2024-S04,2024,4,CRM Sales & Service,CRM Platform QA,Medium,12.0,43.0,Defect Management,No,11.17,11.44,0,-0.2699999999999996,-2.4171888988361645,1.0241718889883618,3.3076923076923075,0.8592307692307692
127,2024-S04,2024,4,Customer Web Portal,EIP-QA,Medium,9.0,60.0,Test Planning,No,10.3,11.4,0,-1.0999999999999996,-10.679611650485432,1.1067961165048543,6.0,1.03
127,2024-S04,2024,4,Customer Web Portal,EIP-QA,Medium,9.0,60.0,Test Design,No,26.8,20.8,0,6.0,22.388059701492537,0.7761194029850746,6.0,2.68
127,2024-S04,2024,4,Customer Web Portal,EIP-QA,Medium,9.0,60.0,Automation Development,Yes,22.0,14.62,1,7.380000000000001,33.545454545454554,0.6645454545454546,6.0,2.2
127,2024-S04,2024,4,Customer Web Portal,EIP-QA,Medium,9.0,60.0,Test Execution,No,9.1,8.2,0,0.9000000000000004,9.890109890109894,0.901098901098901,6.0,0.9099999999999999
127,2024-S04,2024,4,Customer Web Portal,EIP-QA,Medium,9.0,60.0,Regression Testing,Yes,21.0,17.93,1,3.0700000000000003,14.61904761904762,0.8538095238095238,6.0,2.1
127,2024-S04,2024,4,Customer Web Portal,EIP-QA,Medium,9.0,60.0,Defect Management,No,10.65,10.0,0,0.6500000000000004,6.1032863849765295,0.9389671361502347,6.0,1.065
128,2024-S04,2024,4,ERP Operations,ERP Operations QA,Medium,6.0,44.0,Test Planning,No,8.03,17.04,0,-9.01,-112.20423412204235,2.1220423412204235,6.285714285714286,1.147142857142857
128,2024-S04,2024,4,ERP Operations,ERP Operations QA,Medium,6.0,44.0,Test Design,No,24.36,24.02,0,0.33999999999999986,1.395730706075533,0.9860426929392446,6.285714285714286,3.48
128,2024-S04,2024,4,ERP Operations,ERP Operations QA,Medium,6.0,44.0,Automation Development,No,39.74,42.1471,0,-2.4071,-6.057121288374432,1.0605712128837443,6.285714285714286,5.677142857142857
128,2024-S04,2024,4,ERP Operations,ERP Operations QA,Medium,6.0,44.0,Test Execution,No,9.3,8.9178,0,0.382200000000001,4.109677419354849,0.9589032258064515,6.285714285714286,1.3285714285714287
128,2024-S04,2024,4,ERP Operations,ERP Operations QA,Medium,6.0,44.0,Regression Testing,No,20.28,20.51,0,-0.23000000000000043,-1.1341222879684438,1.0113412228796845,6.285714285714286,2.8971428571428572
128,2024-S04,2024,4,ERP Operations,ERP Operations QA,Medium,6.0,44.0,Defect Management,No,12.1,14.2045,0,-2.1045,-17.392561983471072,1.1739256198347108,6.285714285714286,1.7285714285714284
129,2024-S04,2024,4,API Integration Platform,API & Middleware QA,Low,9.0,75.0,Test Planning,No,10.05,9.5,0,0.5500000000000007,5.472636815920405,0.9452736318407959,7.5,1.0050000000000001
129,2024-S04,2024,4,API Integration Platform,API & Middleware QA,Low,9.0,75.0,Test Design,Yes,33.51,34.89,1,-1.3800000000000026,-4.118173679498665,1.0411817367949867,7.5,3.351
129,2024-S04,2024,4,API Integration Platform,API & Middleware QA,Low,9.0,75.0,Automation Development,No,39.2852,35.7,0,3.5852000000000004,9.126083105087922,0.9087391689491208,7.5,3.9285200000000002
129,2024-S04,2024,4,API Integration Platform,API & Middleware QA,Low,9.0,75.0,Test Execution,No,11.2,11.0,0,0.1999999999999993,1.7857142857142794,0.9821428571428572,7.5,1.1199999999999999
129,2024-S04,2024,4,API Integration Platform,API & Middleware QA,Low,9.0,75.0,Regression Testing,No,27.82,31.0,0,-3.1799999999999997,-11.430625449317038,1.1143062544931703,7.5,2.782
129,2024-S04,2024,4,API Integration Platform,API & Middleware QA,Low,9.0,75.0,Defect Management,No,14.29,,0,,,,7.5,1.4289999999999998
130,2024-S04,2024,4,Billing & Payments,Billing & Payments QA,High,3.0,51.0,Test Planning,No,7.07,7.3,0,-0.22999999999999954,-3.253182461103247,1.0325318246110324,12.75,1.7675
130,2024-S04,2024,4,Billing & Payments,Billing & Payments QA,High,3.0,51.0,Test Design,No,28.61,31.0,0,-2.3900000000000006,-8.353722474659213,1.0835372247465922,12.75,7.1525
130,2024-S04,2024,4,Billing & Payments,Billing & Payments QA,High,3.0,51.0,Automation Development,No,26.43,25.31,0,1.120000000000001,4.237608777903901,0.957623912220961,12.75,6.6075
130,2024-S04,2024,4,Billing & Payments,Billing & Payments QA,High,3.0,51.0,Test Execution,No,10.1,11.01,0,-0.9100000000000001,-9.00990099009901,1.0900990099009902,12.75,2.525
130,2024-S04,2024,4,Billing & Payments,Billing & Payments QA,High,3.0,51.0,Regression Testing,No,14.73,15.33,0,-0.5999999999999996,-4.073319755600812,1.0407331975560081,12.75,3.6825
130,2024-S04,2024,4,Billing & Payments,Billing & Payments QA,High,3.0,51.0,Defect Management,No,17.59,20.38,0,-2.789999999999999,-15.861284820920973,1.1586128482092097,12.75,4.3975
131,2024-S04,2024,4,Enterprise Data Platform,Data Platform QA,Medium,4.0,52.0,Test Planning,No,6.06,6.96,0,-0.9000000000000004,-14.85148514851486,1.1485148514851486,10.4,1.212
131,2024-S04,2024,4,Enterprise Data Platform,Data Platform QA,Medium,4.0,52.0,Test Design,No,22.98,24.49,0,-1.509999999999998,-6.570931244560478,1.0657093124456047,10.4,4.596
131,2024-S04,2024,4,Enterprise Data Platform,Data Platform QA,Medium,4.0,52.0,Automation Development,No,23.3,25.56,0,-2.259999999999998,-9.699570815450635,1.0969957081545063,10.4,4.66
131,2024-S04,2024,4,Enterprise Data Platform,Data Platform QA,Medium,4.0,52.0,Test Execution,No,8.14,7.6,0,0.5400000000000009,6.633906633906644,0.9336609336609335,10.4,1.6280000000000001
131,2024-S04,2024,4,Enterprise Data Platform,Data Platform QA,Medium,4.0,52.0,Regression Testing,No,16.67,18.01,0,-1.3399999999999999,-8.03839232153569,1.080383923215357,10.4,3.3340000000000005
131,2024-S04,2024,4,Enterprise Data Platform,Data Platform QA,Medium,4.0,52.0,Defect Management,No,9.7,11.3,0,-1.6000000000000014,-16.49484536082476,1.1649484536082475,10.4,1.94
132,2024-S04,2024,4,Mobile Service App,Mobile & Web QE,Medium,12.0,77.0,Test Planning,No,13.91,16.0,0,-2.09,-15.025161754133714,1.150251617541337,5.923076923076923,1.07
132,2024-S04,2024,4,Mobile Service App,Mobile & Web QE,Medium,12.0,77.0,Test Design,Yes,33.03,25.0,1,8.030000000000001,24.311232213139572,0.7568876778686042,5.923076923076923,2.540769230769231
132,2024-S04,2024,4,Mobile Service App,Mobile & Web QE,Medium,12.0,77.0,Automation Development,Yes,38.7,26.65,1,12.050000000000004,31.136950904392773,0.6886304909560723,5.923076923076923,2.976923076923077
132,2024-S04,2024,4,Mobile Service App,Mobile & Web QE,Medium,12.0,77.0,Test Execution,No,11.82,11.8,0,0.019999999999999574,0.1692047377326529,0.9983079526226735,5.923076923076923,0.9092307692307693
132,2024-S04,2024,4,Mobile Service App,Mobile & Web QE,Medium,12.0,77.0,Regression Testing,No,21.8,,0,,,,5.923076923076923,1.676923076923077
132,2024-S04,2024,4,Mobile Service App,Mobile & Web QE,Medium,12.0,77.0,Defect Management,No,27.46,29.9,0,-2.4399999999999977,-8.885651857246895,1.088856518572469,5.923076923076923,2.1123076923076924
133,2024-S05,2024,5,Mobile Service App,Mobile & Web QE,Medium,6.0,124.0,Test Planning,No,7.0,7.8242,0,-0.8242000000000003,-11.774285714285718,1.1177428571428571,17.714285714285715,1.0
133,2024-S05,2024,5,Mobile Service App,Mobile & Web QE,Medium,6.0,124.0,Test Design,Yes,53.0,53.93,1,-0.9299999999999997,-1.7547169811320749,1.0175471698113208,17.714285714285715,7.571428571428571
133,2024-S05,2024,5,Mobile Service App,Mobile & Web QE,Medium,6.0,124.0,Automation Development,Yes,37.45,28.5,1,8.950000000000003,23.898531375166897,0.761014686248331,17.714285714285715,5.3500000000000005
133,2024-S05,2024,5,Mobile Service App,Mobile & Web QE,Medium,6.0,124.0,Test Execution,No,18.2056,18.47,0,-0.2643999999999984,-1.4523003910884476,1.0145230039108846,17.714285714285715,2.6008
133,2024-S05,2024,5,Mobile Service App,Mobile & Web QE,Medium,6.0,124.0,Regression Testing,No,21.33,23.7152,0,-2.385200000000001,-11.182372245663391,1.1118237224566339,17.714285714285715,3.0471428571428567
133,2024-S05,2024,5,Mobile Service App,Mobile & Web QE,Medium,6.0,124.0,Defect Management,No,29.41,27.87,0,1.5399999999999991,5.236314178850728,0.9476368582114927,17.714285714285715,4.201428571428571
134,2024-S05,2024,5,Billing & Payments,Billing & Payments QA,Low,6.0,48.0,Test Planning,No,7.11,5.7976,0,1.3124000000000002,18.458509142053448,0.8154149085794655,6.857142857142857,1.0157142857142858
134,2024-S05,2024,5,Billing & Payments,Billing & Payments QA,Low,6.0,48.0,Test Design,No,18.3,17.3,0,1.0,5.46448087431694,0.9453551912568307,6.857142857142857,2.6142857142857143
134,2024-S05,2024,5,Billing & Payments,Billing & Payments QA,Low,6.0,48.0,Automation Development,No,22.3,21.7254,0,0.5746000000000002,2.5766816143497766,0.9742331838565023,6.857142857142857,3.185714285714286
134,2024-S05,2024,5,Billing & Payments,Billing & Payments QA,Low,6.0,48.0,Test Execution,Yes,6.84,6.0,1,0.8399999999999999,12.280701754385962,0.8771929824561404,6.857142857142857,0.9771428571428571
134,2024-S05,2024,5,Billing & Payments,Billing & Payments QA,Low,6.0,48.0,Regression Testing,No,15.19,13.9,0,1.2899999999999991,8.492429229756414,0.9150757077024358,6.857142857142857,2.17
134,2024-S05,2024,5,Billing & Payments,Billing & Payments QA,Low,6.0,48.0,Defect Management,No,11.82,11.042,0,0.7780000000000005,6.5820642978003425,0.9341793570219966,6.857142857142857,1.6885714285714286
135,2024-S05,2024,5,API Integration Platform,API & Middleware QA,Medium,8.0,67.0,Test Planning,No,10.37,10.03,0,0.33999999999999986,3.2786885245901627,0.9672131147540983,7.444444444444445,1.152222222222222
135,2024-S05,2024,5,API Integration Platform,API & Middleware QA,Medium,8.0,67.0,Test Design,Yes,28.21,20.8,1,7.41,26.26728110599078,0.7373271889400922,7.444444444444445,3.1344444444444446
135,2024-S05,2024,5,API Integration Platform,API & Middleware QA,Medium,8.0,67.0,Automation Development,No,34.92,38.16,0,-3.239999999999995,-9.278350515463902,1.092783505154639,7.444444444444445,3.8800000000000003
135,2024-S05,2024,5,API Integration Platform,API & Middleware QA,Medium,8.0,67.0,Test Execution,No,11.35,10.87,0,0.4800000000000004,4.229074889867846,0.9577092511013215,7.444444444444445,1.261111111111111
135,2024-S05,2024,5,API Integration Platform,API & Middleware QA,Medium,8.0,67.0,Regression Testing,No,21.68,21.76,0,-0.08000000000000185,-0.3690036900369089,1.0036900369003692,7.444444444444445,2.408888888888889
135,2024-S05,2024,5,API Integration Platform,API & Middleware QA,Medium,8.0,67.0,Defect Management,No,16.72,17.04,0,-0.3200000000000003,-1.913875598086126,1.0191387559808613,7.444444444444445,1.8577777777777778
136,2024-S05,2024,5,Customer Web Portal,EIP-QA,Medium,5.0,57.0,Test Planning,No,6.69,6.9,0,-0.20999999999999996,-3.1390134529147975,1.031390134529148,9.5,1.115
136,2024-S05,2024,5,Customer Web Portal,EIP-QA,Medium,5.0,57.0,Test Design,Yes,25.42,19.6,1,5.82,22.895357985837922,0.7710464201416207,9.5,4.236666666666667
136,2024-S05,2024,5,Customer Web Portal,EIP-QA,Medium,5.0,57.0,Automation Development,Yes,22.0,18.0,1,4.0,18.181818181818183,0.8181818181818182,9.5,3.6666666666666665
136,2024-S05,2024,5,Customer Web Portal,EIP-QA,Medium,5.0,57.0,Test Execution,No,8.91,7.68,0,1.2300000000000004,13.804713804713808,0.8619528619528619,9.5,1.485
136,2024-S05,2024,5,Customer Web Portal,EIP-QA,Medium,5.0,57.0,Regression Testing,No,18.0,18.63,0,-0.629999999999999,-3.4999999999999947,1.035,9.5,3.0
136,2024-S05,2024,5,Customer Web Portal,EIP-QA,Medium,5.0,57.0,Defect Management,No,11.28,13.8,0,-2.5200000000000014,-22.340425531914907,1.223404255319149,9.5,1.88
137,2024-S05,2024,5,Legacy Service Platform,Legacy Support QA,Low,7.0,55.0,Test Planning,No,7.12,7.85,0,-0.7299999999999995,-10.252808988764038,1.1025280898876404,6.875,0.89
137,2024-S05,2024,5,Legacy Service Platform,Legacy Support QA,Low,7.0,55.0,Test Design,No,20.0,23.1,0,-3.1000000000000014,-15.500000000000009,1.155,6.875,2.5
137,2024-S05,2024,5,Legacy Service Platform,Legacy Support QA,Low,7.0,55.0,Automation Development,No,32.25,32.77,0,-0.5200000000000031,-1.6124031007752035,1.016124031007752,6.875,4.03125
137,2024-S05,2024,5,Legacy Service Platform,Legacy Support QA,Low,7.0,55.0,Test Execution,No,8.24,8.41,0,-0.16999999999999993,-2.0631067961165037,1.020631067961165,6.875,1.03
137,2024-S05,2024,5,Legacy Service Platform,Legacy Support QA,Low,7.0,55.0,Regression Testing,No,15.09,16.0,0,-0.9100000000000001,-6.030483764082175,1.0603048376408217,6.875,1.88625
137,2024-S05,2024,5,Legacy Service Platform,Legacy Support QA,Low,7.0,55.0,Defect Management,No,7.66,7.83,0,-0.16999999999999993,-2.219321148825064,1.0221932114882506,6.875,0.9575
138,2024-S05,2024,5,Enterprise Data Platform,Data Platform QA,Medium,3.0,67.0,Test Planning,No,5.1,5.2961,0,-0.19610000000000039,-3.845098039215694,1.0384509803921569,16.75,1.275
138,2024-S05,2024,5,Enterprise Data Platform,Data Platform QA,Medium,3.0,67.0,Test Design,No,28.16,28.06,0,0.10000000000000142,0.3551136363636414,0.9964488636363635,16.75,7.04
138,2024-S05,2024,5,Enterprise Data Platform,Data Platform QA,Medium,3.0,67.0,Automation Development,No,29.61,29.28,0,0.3299999999999983,1.1144883485308958,0.988855116514691,16.75,7.4025
138,2024-S05,2024,5,Enterprise Data Platform,Data Platform QA,Medium,3.0,67.0,Test Execution,No,10.49,9.7,0,0.7900000000000009,7.530981887511924,0.9246901811248808,16.75,2.6225
138,2024-S05,2024,5,Enterprise Data Platform,Data Platform QA,Medium,3.0,67.0,Regression Testing,No,19.7498,20.0,0,-0.25019999999999953,-1.266848271881232,1.0126684827188124,16.75,4.93745
138,2024-S05,2024,5,Enterprise Data Platform,Data Platform QA,Medium,3.0,67.0,Defect Management,No,20.0,19.01,0,0.9899999999999984,4.949999999999992,0.9505000000000001,16.75,5.0
139,2024-S05,2024,5,CRM Sales & Service,CRM Platform QA,Low,4.0,51.0,Test Planning,No,6.87,7.84,0,-0.9699999999999998,-14.11935953420669,1.1411935953420669,10.2,1.374
139,2024-S05,2024,5,CRM Sales & Service,CRM Platform QA,Low,4.0,51.0,Test Design,Yes,21.9,18.31,1,3.59,16.392694063926943,0.8360730593607306,10.2,4.38
139,2024-S05,2024,5,CRM Sales & Service,CRM Platform QA,Low,4.0,51.0,Automation Development,No,32.0,30.85,0,1.1499999999999986,3.5937499999999956,0.9640625,10.2,6.4
139,2024-S05,2024,5,CRM Sales & Service,CRM Platform QA,Low,4.0,51.0,Test Execution,No,8.29,7.67,0,0.6199999999999992,7.478890229191788,0.9252110977080821,10.2,1.658
139,2024-S05,2024,5,CRM Sales & Service,CRM Platform QA,Low,4.0,51.0,Regression Testing,No,15.7,17.69,0,-1.990000000000002,-12.675159235668804,1.126751592356688,10.2,3.1399999999999997
139,2024-S05,2024,5,CRM Sales & Service,CRM Platform QA,Low,4.0,51.0,Defect Management,No,7.28,7.0,0,0.28000000000000025,3.8461538461538494,0.9615384615384615,10.2,1.456
140,2024-S06,2024,6,Customer Web Portal,EIP-QA,High,12.0,63.0,Test Planning,No,16.3,16.1529,0,0.14710000000000178,0.9024539877300723,0.9909754601226993,4.846153846153846,1.2538461538461538
140,2024-S06,2024,6,Customer Web Portal,EIP-QA,High,12.0,63.0,Test Design,Yes,33.6,15.35,1,18.25,54.31547619047619,0.4568452380952381,4.846153846153846,2.5846153846153848
140,2024-S06,2024,6,Customer Web Portal,EIP-QA,High,12.0,63.0,Automation Development,Yes,41.38,35.36,1,6.020000000000003,14.548090865152256,0.8545190913484775,4.846153846153846,3.183076923076923
140,2024-S06,2024,6,Customer Web Portal,EIP-QA,High,12.0,63.0,Test Execution,No,12.65,13.24,0,-0.5899999999999999,-4.6640316205533585,1.0466403162055335,4.846153846153846,0.9730769230769231
140,2024-S06,2024,6,Customer Web Portal,EIP-QA,High,12.0,63.0,Regression Testing,No,19.06,22.24,0,-3.1799999999999997,-16.684155299055615,1.166841552990556,4.846153846153846,1.4661538461538461
140,2024-S06,2024,6,Customer Web Portal,EIP-QA,High,12.0,63.0,Defect Management,No,13.17,14.0824,0,-0.9123999999999999,-6.927866362946089,1.069278663629461,4.846153846153846,1.013076923076923
141,2024-S06,2024,6,Billing & Payments,Billing & Payments QA,Medium,12.0,85.0,Test Planning,No,12.0,12.8,0,-0.8000000000000007,-6.666666666666672,1.0666666666666667,6.538461538461538,0.9230769230769231
141,2024-S06,2024,6,Billing & Payments,Billing & Payments QA,Medium,12.0,85.0,Test Design,No,35.53,40.0,0,-4.469999999999999,-12.580917534477903,1.125809175344779,6.538461538461538,2.733076923076923
141,2024-S06,2024,6,Billing & Payments,Billing & Payments QA,Medium,12.0,85.0,Automation Development,No,32.98,29.91,0,3.0699999999999967,9.308671922377188,0.9069132807762281,6.538461538461538,2.5369230769230766
141,2024-S06,2024,6,Billing & Payments,Billing & Payments QA,Medium,12.0,85.0,Test Execution,No,13.3,13.79,0,-0.48999999999999844,-3.6842105263157774,1.0368421052631578,6.538461538461538,1.0230769230769232
141,2024-S06,2024,6,Billing & Payments,Billing & Payments QA,Medium,12.0,85.0,Regression Testing,No,17.35,19.32,0,-1.9699999999999989,-11.354466858789618,1.1135446685878962,6.538461538461538,1.3346153846153848
141,2024-S06,2024,6,Billing & Payments,Billing & Payments QA,Medium,12.0,85.0,Defect Management,No,26.6621,28.57,0,-1.9079000000000015,-7.155850439387751,1.0715585043938776,6.538461538461538,2.050930769230769
142,2024-S06,2024,6,API Integration Platform,API & Middleware QA,Medium,7.0,54.0,Test Planning,No,9.0,8.92,0,0.08000000000000007,0.8888888888888897,0.991111111111111,6.75,1.125
142,2024-S06,2024,6,API Integration Platform,API & Middleware QA,Medium,7.0,54.0,Test Design,No,22.79,18.79,0,4.0,17.551557700745942,0.8244844229925405,6.75,2.84875
142,2024-S06,2024,6,API Integration Platform,API & Middleware QA,Medium,7.0,54.0,Automation Development,Yes,44.0,44.67,1,-0.6700000000000017,-1.5227272727272767,1.0152272727272729,6.75,5.5
142,2024-S06,2024,6,API Integration Platform,API & Middleware QA,Medium,7.0,54.0,Test Execution,No,8.89,8.39,0,0.5,5.624296962879639,0.9437570303712036,6.75,1.11125
142,2024-S06,2024,6,API Integration Platform,API & Middleware QA,Medium,7.0,54.0,Regression Testing,No,22.29,25.08,0,-2.789999999999999,-12.516823687752352,1.1251682368775235,6.75,2.78625
142,2024-S06,2024,6,API Integration Platform,API & Middleware QA,Medium,7.0,54.0,Defect Management,No,15.4,13.85,0,1.5500000000000007,10.064935064935069,0.8993506493506493,6.75,1.925
143,2024-S06,2024,6,Enterprise Data Platform,Data Platform QA,High,8.0,50.0,Test Planning,No,11.32,11.17,0,0.15000000000000036,1.325088339222618,0.9867491166077739,5.555555555555555,1.2577777777777779
143,2024-S06,2024,6,Enterprise Data Platform,Data Platform QA,High,8.0,50.0,Test Design,No,26.04,29.9,0,-3.8599999999999994,-14.823348694316435,1.1482334869431643,5.555555555555555,2.893333333333333
143,2024-S06,2024,6,Enterprise Data Platform,Data Platform QA,High,8.0,50.0,Automation Development,No,26.44,29.91,0,-3.469999999999999,-13.124054462934943,1.1312405446293494,5.555555555555555,2.937777777777778
143,2024-S06,2024,6,Enterprise Data Platform,Data Platform QA,High,8.0,50.0,Test Execution,No,11.0,11.0,0,0.0,0.0,1.0,5.555555555555555,1.2222222222222223
143,2024-S06,2024,6,Enterprise Data Platform,Data Platform QA,High,8.0,50.0,Regression Testing,No,15.36,15.4092,0,-0.0492000000000008,-0.3203125000000052,1.003203125,5.555555555555555,1.7066666666666666
143,2024-S06,2024,6,Enterprise Data Platform,Data Platform QA,High,8.0,50.0,Defect Management,No,19.0,18.26,0,0.7399999999999984,3.894736842105255,0.9610526315789475,5.555555555555555,2.111111111111111
144,2024-S06,2024,6,Enterprise Data Platform,Data Platform QA,High,8.0,50.0,Test Planning,No,11.32,11.17,0,0.15000000000000036,1.325088339222618,0.9867491166077739,5.555555555555555,1.2577777777777779
144,2024-S06,2024,6,Enterprise Data Platform,Data Platform QA,High,8.0,50.0,Test Design,No,26.04,29.9,0,-3.8599999999999994,-14.823348694316435,1.1482334869431643,5.555555555555555,2.893333333333333
144,2024-S06,2024,6,Enterprise Data Platform,Data Platform QA,High,8.0,50.0,Automation Development,No,26.44,30.1,0,-3.66,-13.842662632375188,1.138426626323752,5.555555555555555,2.937777777777778
144,2024-S06,2024,6,Enterprise Data Platform,Data Platform QA,High,8.0,50.0,Test Execution,No,11.0,11.0,0,0.0,0.0,1.0,5.555555555555555,1.2222222222222223
144,2024-S06,2024,6,Enterprise Data Platform,Data Platform QA,High,8.0,50.0,Regression Testing,No,15.36,15.4092,0,-0.0492000000000008,-0.3203125000000052,1.003203125,5.555555555555555,1.7066666666666666
144,2024-S06,2024,6,Enterprise Data Platform,Data Platform QA,High,8.0,50.0,Defect Management,No,19.0,18.26,0,0.7399999999999984,3.894736842105255,0.9610526315789475,5.555555555555555,2.111111111111111
145,2024-S06,2024,6,Mobile Service App,Mobile & Web QE,High,10.0,40.0,Test Planning,No,12.88,24.71,0,-11.83,-91.84782608695652,1.9184782608695652,3.6363636363636362,1.170909090909091
145,2024-S06,2024,6,Mobile Service App,Mobile & Web QE,High,10.0,40.0,Test Design,Yes,22.4,17.3,1,5.099999999999998,22.767857142857135,0.7723214285714286,3.6363636363636362,2.036363636363636
145,2024-S06,2024,6,Mobile Service App,Mobile & Web QE,High,10.0,40.0,Automation Development,No,18.23,18.26,0,-0.030000000000001137,-0.16456390565003368,1.0016456390565003,3.6363636363636362,1.6572727272727272
145,2024-S06,2024,6,Mobile Service App,Mobile & Web QE,High,10.0,40.0,Test Execution,No,8.05,8.67,0,-0.6199999999999992,-7.701863354037257,1.0770186335403726,3.6363636363636362,0.7318181818181819
145,2024-S06,2024,6,Mobile Service App,Mobile & Web QE,High,10.0,40.0,Regression Testing,No,11.46,12.57,0,-1.1099999999999994,-9.685863874345545,1.0968586387434553,3.6363636363636362,1.041818181818182
145,2024-S06,2024,6,Mobile Service App,Mobile & Web QE,High,10.0,40.0,Defect Management,No,11.77,11.8,0,-0.030000000000001137,-0.25488530161428324,1.0025488530161428,3.6363636363636362,1.07
146,2024-S06,2024,6,CRM Sales & Service,CRM Platform QA,Medium,7.0,47.0,Test Planning,No,9.63,8.5,0,1.1300000000000008,11.734164070612676,0.8826583592938733,5.875,1.20375
146,2024-S06,2024,6,CRM Sales & Service,CRM Platform QA,Medium,7.0,47.0,Test Design,Yes,20.57,14.1,1,6.470000000000001,31.45357316480311,0.6854642683519688,5.875,2.57125
146,2024-S06,2024,6,CRM Sales & Service,CRM Platform QA,Medium,7.0,47.0,Automation Development,Yes,14.38,13.55,1,0.8300000000000001,5.771905424200279,0.9422809457579973,5.875,1.7975
146,2024-S06,2024,6,CRM Sales & Service,CRM Platform QA,Medium,7.0,47.0,Test Execution,No,7.6,11.4,0,-3.8000000000000007,-50.000000000000014,1.5000000000000002,5.875,0.95
146,2024-S06,2024,6,CRM Sales & Service,CRM Platform QA,Medium,7.0,47.0,Regression Testing,No,17.55,18.5,0,-0.9499999999999993,-5.413105413105409,1.054131054131054,5.875,2.19375
146,2024-S06,2024,6,CRM Sales & Service,CRM Platform QA,Medium,7.0,47.0,Defect Management,No,13.4,13.4,0,0.0,0.0,1.0,5.875,1.675
147,2024-S07,2024,7,Mobile Service App,Mobile & Web QE,Medium,7.0,125.0,Test Planning,No,8.5,8.1,0,0.40000000000000036,4.70588235294118,0.9529411764705882,15.625,1.0625
147,2024-S07,2024,7,Mobile Service App,Mobile & Web QE,Medium,7.0,125.0,Test Design,Yes,55.3,41.91,1,13.39,24.21338155515371,0.7578661844484629,15.625,6.9125
147,2024-S07,2024,7,Mobile Service App,Mobile & Web QE,Medium,7.0,125.0,Automation Development,Yes,35.26,30.0,1,5.259999999999998,14.917753828701072,0.8508224617129893,15.625,4.4075
147,2024-S07,2024,7,Mobile Service App,Mobile & Web QE,Medium,7.0,125.0,Test Execution,No,19.31,18.25,0,1.0599999999999987,5.489383738995333,0.9451061626100467,15.625,2.41375
147,2024-S07,2024,7,Mobile Service App,Mobile & Web QE,Medium,7.0,125.0,Regression Testing,No,33.01,27.35,0,5.659999999999997,17.146319297182664,0.8285368070281733,15.625,4.12625
147,2024-S07,2024,7,Mobile Service App,Mobile & Web QE,Medium,7.0,125.0,Defect Management,No,21.21,23.72,0,-2.509999999999998,-11.834040546911824,1.1183404054691182,15.625,2.65125
148,2024-S07,2024,7,CRM Sales & Service,CRM Platform QA,Medium,11.0,54.0,Test Planning,No,11.62,11.5,0,0.11999999999999922,1.032702237521508,0.9896729776247849,4.5,0.9683333333333333
148,2024-S07,2024,7,CRM Sales & Service,CRM Platform QA,Medium,11.0,54.0,Test Design,Yes,23.1,15.09,1,8.010000000000002,34.67532467532468,0.6532467532467532,4.5,1.925
148,2024-S07,2024,7,CRM Sales & Service,CRM Platform QA,Medium,11.0,54.0,Automation Development,Yes,22.06,28.0,1,-5.940000000000001,-26.926563916591125,1.2692656391659112,4.5,1.8383333333333332
148,2024-S07,2024,7,CRM Sales & Service,CRM Platform QA,Medium,11.0,54.0,Test Execution,No,9.1,8.68,0,0.41999999999999993,4.615384615384615,0.9538461538461539,4.5,0.7583333333333333
148,2024-S07,2024,7,CRM Sales & Service,CRM Platform QA,Medium,11.0,54.0,Regression Testing,No,16.38,15.39,0,0.9899999999999984,6.043956043956035,0.9395604395604397,4.5,1.365
148,2024-S07,2024,7,CRM Sales & Service,CRM Platform QA,Medium,11.0,54.0,Defect Management,No,14.33,14.91,0,-0.5800000000000001,-4.047452896022332,1.0404745289602233,4.5,1.1941666666666666
149,2024-S07,2024,7,Billing & Payments,Billing & Payments QA,Medium,7.0,72.0,Test Planning,No,9.16,9.97,0,-0.8100000000000005,-8.842794759825333,1.0884279475982532,9.0,1.145
149,2024-S07,2024,7,Billing & Payments,Billing & Payments QA,Medium,7.0,72.0,Test Design,No,31.0,29.4435,0,1.5564999999999998,5.020967741935483,0.9497903225806452,9.0,3.875
149,2024-S07,2024,7,Billing & Payments,Billing & Payments QA,Medium,7.0,72.0,Automation Development,No,29.3,27.44,0,1.8599999999999994,6.348122866894196,0.936518771331058,9.0,3.6625
149,2024-S07,2024,7,Billing & Payments,Billing & Payments QA,Medium,7.0,72.0,Test Execution,No,11.48,9.87,0,1.6100000000000012,14.024390243902449,0.8597560975609755,9.0,1.435
149,2024-S07,2024,7,Billing & Payments,Billing & Payments QA,Medium,7.0,72.0,Regression Testing,No,24.0,42.52,0,-18.520000000000003,-77.16666666666669,1.7716666666666667,9.0,3.0
149,2024-S07,2024,7,Billing & Payments,Billing & Payments QA,Medium,7.0,72.0,Defect Management,No,17.61,15.5796,0,2.0304,11.529812606473596,0.884701873935264,9.0,2.20125
150,2024-S07,2024,7,Customer Web Portal,EIP-QA,High,8.0,59.0,Test Planning,No,11.06,13.0,0,-1.9399999999999995,-17.540687160940323,1.1754068716094033,6.555555555555555,1.228888888888889
150,2024-S07,2024,7,Customer Web Portal,EIP-QA,High,8.0,59.0,Test Design,Yes,31.2,26.74,1,4.460000000000001,14.294871794871797,0.857051282051282,6.555555555555555,3.466666666666667
150,2024-S07,2024,7,Customer Web Portal,EIP-QA,High,8.0,59.0,Automation Development,Yes,32.19,23.45,1,8.739999999999998,27.151289220254732,0.7284871077974526,6.555555555555555,3.576666666666666
150,2024-S07,2024,7,Customer Web Portal,EIP-QA,High,8.0,59.0,Test Execution,No,11.95,13.04,0,-1.0899999999999999,-9.12133891213389,1.091213389121339,6.555555555555555,1.3277777777777777
150,2024-S07,2024,7,Customer Web Portal,EIP-QA,High,8.0,59.0,Regression Testing,No,31.14,31.3,0,-0.16000000000000014,-0.5138086062941559,1.0051380860629415,6.555555555555555,3.46
150,2024-S07,2024,7,Customer Web Portal,EIP-QA,High,8.0,59.0,Defect Management,No,20.0,16.84,0,3.16,15.8,0.842,6.555555555555555,2.2222222222222223
151,2024-S07,2024,7,Enterprise Data Platform,Data Platform QA,Medium,9.0,74.0,Test Planning,No,10.69,10.09,0,0.5999999999999996,5.612722170252569,0.9438727782974743,7.4,1.069
151,2024-S07,2024,7,Enterprise Data Platform,Data Platform QA,Medium,9.0,74.0,Test Design,No,30.8,34.0,0,-3.1999999999999993,-10.389610389610388,1.103896103896104,7.4,3.08
151,2024-S07,2024,7,Enterprise Data Platform,Data Platform QA,Medium,9.0,74.0,Automation Development,No,36.66,37.12,0,-0.46000000000000085,-1.2547735951991297,1.0125477359519912,7.4,3.6659999999999995
151,2024-S07,2024,7,Enterprise Data Platform,Data Platform QA,Medium,9.0,74.0,Test Execution,No,11.6,12.7,0,-1.0999999999999996,-9.482758620689651,1.0948275862068966,7.4,1.16
151,2024-S07,2024,7,Enterprise Data Platform,Data Platform QA,Medium,9.0,74.0,Regression Testing,No,25.19,26.1768,0,-0.9867999999999988,-3.917427550615318,1.0391742755061533,7.4,2.519
151,2024-S07,2024,7,Enterprise Data Platform,Data Platform QA,Medium,9.0,74.0,Defect Management,No,20.3,22.45,0,-2.1499999999999986,-10.591133004926101,1.1059113300492611,7.4,2.0300000000000002
152,2024-S07,2024,7,API Integration Platform,API & Middleware QA,High,11.0,71.0,Test Planning,No,14.2,13.69,0,0.5099999999999998,3.5915492957746467,0.9640845070422536,5.916666666666667,1.1833333333333333
152,2024-S07,2024,7,API Integration Platform,API & Middleware QA,High,11.0,71.0,Test Design,Yes,38.34,28.25,1,10.090000000000003,26.317162232655196,0.736828377673448,5.916666666666667,3.1950000000000003
152,2024-S07,2024,7,API Integration Platform,API & Middleware QA,High,11.0,71.0,Automation Development,No,51.54,51.63,0,-0.09000000000000341,-0.17462165308498914,1.00174621653085,5.916666666666667,4.295
152,2024-S07,2024,7,API Integration Platform,API & Middleware QA,High,11.0,71.0,Test Execution,No,14.06,14.97,0,-0.9100000000000001,-6.472261735419631,1.0647226173541964,5.916666666666667,1.1716666666666666
152,2024-S07,2024,7,API Integration Platform,API & Middleware QA,High,11.0,71.0,Regression Testing,No,19.26,17.26,0,2.0,10.384215991692626,0.8961578400830738,5.916666666666667,1.6050000000000002
152,2024-S07,2024,7,API Integration Platform,API & Middleware QA,High,11.0,71.0,Defect Management,No,13.26,14.79,0,-1.5299999999999994,-11.538461538461533,1.1153846153846154,5.916666666666667,1.105
153,2024-S08,2024,8,API Integration Platform,API & Middleware QA,Medium,6.0,54.0,Test Planning,No,7.8,7.36,0,0.4399999999999995,5.641025641025635,0.9435897435897437,7.714285714285714,1.1142857142857143
153,2024-S08,2024,8,API Integration Platform,API & Middleware QA,Medium,6.0,54.0,Test Design,Yes,24.07,18.68,1,5.390000000000001,22.393020357291235,0.7760697964270876,7.714285714285714,3.4385714285714286
153,2024-S08,2024,8,API Integration Platform,API & Middleware QA,Medium,6.0,54.0,Automation Development,No,33.56,32.1,0,1.4600000000000009,4.350417163289633,0.9564958283671037,7.714285714285714,4.7942857142857145
153,2024-S08,2024,8,API Integration Platform,API & Middleware QA,Medium,6.0,54.0,Test Execution,Yes,8.71,8.58,1,0.13000000000000078,1.4925373134328446,0.9850746268656716,7.714285714285714,1.2442857142857144
153,2024-S08,2024,8,API Integration Platform,API & Middleware QA,Medium,6.0,54.0,Regression Testing,Yes,12.1,7.68,1,4.42,36.52892561983471,0.6347107438016529,7.714285714285714,1.7285714285714284
153,2024-S08,2024,8,API Integration Platform,API & Middleware QA,Medium,6.0,54.0,Defect Management,No,19.7,22.19,0,-2.490000000000002,-12.63959390862945,1.1263959390862945,7.714285714285714,2.814285714285714
154,2024-S08,2024,8,Customer Web Portal,EIP-QA,High,8.0,86.0,Test Planning,No,11.0,11.0,0,0.0,0.0,1.0,9.555555555555555,1.2222222222222223
154,2024-S08,2024,8,Customer Web Portal,EIP-QA,High,8.0,86.0,Test Design,Yes,47.42,29.22,1,18.200000000000003,38.3804301982286,0.616195698017714,9.555555555555555,5.268888888888889
154,2024-S08,2024,8,Customer Web Portal,EIP-QA,High,8.0,86.0,Automation Development,Yes,75.2,47.24,1,27.96,37.18085106382979,0.6281914893617021,9.555555555555555,8.355555555555556
154,2024-S08,2024,8,Customer Web Portal,EIP-QA,High,8.0,86.0,Test Execution,No,16.95,17.96,0,-1.0100000000000016,-5.958702064896765,1.0595870206489677,9.555555555555555,1.8833333333333333
154,2024-S08,2024,8,Customer Web Portal,EIP-QA,High,8.0,86.0,Regression Testing,Yes,31.49,20.84,1,10.649999999999999,33.820260400127026,0.6617973959987298,9.555555555555555,3.4988888888888887
154,2024-S08,2024,8,Customer Web Portal,EIP-QA,High,8.0,86.0,Defect Management,No,36.46,36.0,0,0.46000000000000085,1.2616566099835458,0.9873834339001646,9.555555555555555,4.051111111111111
155,2024-S08,2024,8,Billing & Payments,Billing & Payments QA,Medium,13.0,90.0,Test Planning,No,14.2,14.21,0,-0.010000000000001563,-0.07042253521127861,1.0007042253521128,6.428571428571429,1.0142857142857142
155,2024-S08,2024,8,Billing & Payments,Billing & Payments QA,Medium,13.0,90.0,Test Design,No,39.58,42.53,0,-2.950000000000003,-7.453259221829215,1.0745325922182922,6.428571428571429,2.827142857142857
155,2024-S08,2024,8,Billing & Payments,Billing & Payments QA,Medium,13.0,90.0,Automation Development,No,27.97,31.63,0,-3.66,-13.085448695030392,1.1308544869503039,6.428571428571429,1.9978571428571428
155,2024-S08,2024,8,Billing & Payments,Billing & Payments QA,Medium,13.0,90.0,Test Execution,No,13.63,14.34,0,-0.7099999999999991,-5.209097578870132,1.0520909757887014,6.428571428571429,0.9735714285714286
155,2024-S08,2024,8,Billing & Payments,Billing & Payments QA,Medium,13.0,90.0,Regression Testing,No,16.17,15.0,0,1.1700000000000017,7.235621521335816,0.9276437847866418,6.428571428571429,1.155
155,2024-S08,2024,8,Billing & Payments,Billing & Payments QA,Medium,13.0,90.0,Defect Management,No,22.48,24.5,0,-2.0199999999999996,-8.985765124555158,1.0898576512455516,6.428571428571429,1.6057142857142856
156,2024-S08,2024,8,CRM Sales & Service,CRM Platform QA,Medium,9.0,76.0,Test Planning,No,10.53,11.59,0,-1.0600000000000005,-10.066476733143405,1.100664767331434,7.6,1.053
156,2024-S08,2024,8,CRM Sales & Service,CRM Platform QA,Medium,9.0,76.0,Test Design,No,31.85,22.53,0,9.32,29.26216640502355,0.7073783359497645,7.6,3.185
156,2024-S08,2024,8,CRM Sales & Service,CRM Platform QA,Medium,9.0,76.0,Automation Development,Yes,35.83,37.03,1,-1.2000000000000028,-3.3491487580240107,1.0334914875802401,7.6,3.5829999999999997
156,2024-S08,2024,8,CRM Sales & Service,CRM Platform QA,Medium,9.0,76.0,Test Execution,No,11.2529,9.8448,0,1.408100000000001,12.513218814705551,0.8748678118529445,7.6,1.1252900000000001
156,2024-S08,2024,8,CRM Sales & Service,CRM Platform QA,Medium,9.0,76.0,Regression Testing,No,16.0,14.4,0,1.5999999999999996,9.999999999999998,0.9,7.6,1.6
156,2024-S08,2024,8,CRM Sales & Service,CRM Platform QA,Medium,9.0,76.0,Defect Management,No,12.73,12.49,0,0.2400000000000002,1.8853102906520047,0.9811468970934799,7.6,1.2730000000000001
157,2024-S08,2024,8,Enterprise Data Platform,Data Platform QA,High,9.0,115.0,Test Planning,No,12.97,13.8,0,-0.8300000000000001,-6.399383191981496,1.063993831919815,11.5,1.2970000000000002
157,2024-S08,2024,8,Enterprise Data Platform,Data Platform QA,High,9.0,115.0,Test Design,No,59.88,56.0,0,3.8800000000000026,6.479625918503679,0.9352037408149633,11.5,5.988
157,2024-S08,2024,8,Enterprise Data Platform,Data Platform QA,High,9.0,115.0,Automation Development,No,51.0,50.62,0,0.38000000000000256,0.7450980392156913,0.9925490196078431,11.5,5.1
157,2024-S08,2024,8,Enterprise Data Platform,Data Platform QA,High,9.0,115.0,Test Execution,No,21.19,23.6,0,-2.41,-11.373289287399716,1.1137328928739971,11.5,2.119
157,2024-S08,2024,8,Enterprise Data Platform,Data Platform QA,High,9.0,115.0,Regression Testing,No,50.0,49.98,0,0.020000000000003126,0.04000000000000625,0.9995999999999999,11.5,5.0
157,2024-S08,2024,8,Enterprise Data Platform,Data Platform QA,High,9.0,115.0,Defect Management,No,22.15,21.0,0,1.1499999999999986,5.191873589164779,0.9480812641083523,11.5,2.215
158,2024-S09,2024,9,Enterprise Data Platform,Data Platform QA,High,9.0,54.0,Test Planning,No,13.03,13.0,0,0.02999999999999936,0.23023791250958836,0.9976976208749041,5.4,1.303
158,2024-S09,2024,9,Enterprise Data Platform,Data Platform QA,High,9.0,54.0,Test Design,Yes,29.3148,15.1,1,14.214800000000002,48.49018243344659,0.5150981756655341,5.4,2.93148
158,2024-S09,2024,9,Enterprise Data Platform,Data Platform QA,High,9.0,54.0,Automation Development,No,40.0,37.35,0,2.6499999999999986,6.6249999999999964,0.9337500000000001,5.4,4.0
158,2024-S09,2024,9,Enterprise Data Platform,Data Platform QA,High,9.0,54.0,Test Execution,No,11.3409,11.17,0,0.1708999999999996,1.5069350756994562,0.9849306492430054,5.4,1.13409
158,2024-S09,2024,9,Enterprise Data Platform,Data Platform QA,High,9.0,54.0,Regression Testing,No,14.2,13.8442,0,0.35579999999999856,2.505633802816891,0.9749436619718311,5.4,1.42
158,2024-S09,2024,9,Enterprise Data Platform,Data Platform QA,High,9.0,54.0,Defect Management,No,11.85,13.57,0,-1.7200000000000006,-14.514767932489459,1.1451476793248945,5.4,1.185
159,2024-S09,2024,9,CRM Sales & Service,CRM Platform QA,Low,11.0,33.0,Test Planning,No,11.32,10.42,0,0.9000000000000004,7.950530035335691,0.9204946996466431,2.75,0.9433333333333334
159,2024-S09,2024,9,CRM Sales & Service,CRM Platform QA,Low,11.0,33.0,Test Design,Yes,12.4,8.75,1,3.6500000000000004,29.435483870967744,0.7056451612903225,2.75,1.0333333333333334
159,2024-S09,2024,9,CRM Sales & Service,CRM Platform QA,Low,11.0,33.0,Automation Development,Yes,20.18,16.13,1,4.050000000000001,20.069375619425177,0.7993062438057482,2.75,1.6816666666666666
159,2024-S09,2024,9,CRM Sales & Service,CRM Platform QA,Low,11.0,33.0,Test Execution,No,5.15,5.9,0,-0.75,-14.563106796116504,1.145631067961165,2.75,0.4291666666666667
159,2024-S09,2024,9,CRM Sales & Service,CRM Platform QA,Low,11.0,33.0,Regression Testing,No,9.0,9.5,0,-0.5,-5.555555555555555,1.0555555555555556,2.75,0.75
159,2024-S09,2024,9,CRM Sales & Service,CRM Platform QA,Low,11.0,33.0,Defect Management,No,8.62,8.75,0,-0.13000000000000078,-1.5081206496519812,1.0150812064965198,2.75,0.7183333333333333
160,2024-S09,2024,9,Billing & Payments,Billing & Payments QA,High,9.0,54.0,Test Planning,No,13.0,14.29,0,-1.2899999999999991,-9.923076923076916,1.0992307692307692,5.4,1.3
160,2024-S09,2024,9,Billing & Payments,Billing & Payments QA,High,9.0,54.0,Test Design,No,30.22,31.17,0,-0.9500000000000028,-3.1436135009927297,1.0314361350099273,5.4,3.022
160,2024-S09,2024,9,Billing & Payments,Billing & Payments QA,High,9.0,54.0,Automation Development,No,39.49,44.28,0,-4.789999999999999,-12.129653076728284,1.1212965307672829,5.4,3.9490000000000003
160,2024-S09,2024,9,Billing & Payments,Billing & Payments QA,High,9.0,54.0,Test Execution,No,11.58,11.8,0,-0.22000000000000064,-1.8998272884283303,1.0189982728842832,5.4,1.158
160,2024-S09,2024,9,Billing & Payments,Billing & Payments QA,High,9.0,54.0,Regression Testing,No,18.74,23.0,0,-4.260000000000002,-22.73212379935967,1.2273212379935967,5.4,1.8739999999999999
160,2024-S09,2024,9,Billing & Payments,Billing & Payments QA,High,9.0,54.0,Defect Management,No,26.78,28.85,0,-2.0700000000000003,-7.729648991784916,1.0772964899178492,5.4,2.678
161,2024-S09,2024,9,Legacy Service Platform,Legacy Support QA,Medium,6.0,51.0,Test Planning,No,8.05,7.71,0,0.34000000000000075,4.2236024844720585,0.9577639751552794,7.285714285714286,1.1500000000000001
161,2024-S09,2024,9,Legacy Service Platform,Legacy Support QA,Medium,6.0,51.0,Test Design,No,22.9,24.0,0,-1.1000000000000014,-4.803493449781666,1.0480349344978166,7.285714285714286,3.2714285714285714
161,2024-S09,2024,9,Legacy Service Platform,Legacy Support QA,Medium,6.0,51.0,Automation Development,No,20.4359,23.37,0,-2.934100000000001,-14.357576617618998,1.14357576617619,7.285714285714286,2.9194142857142857
161,2024-S09,2024,9,Legacy Service Platform,Legacy Support QA,Medium,6.0,51.0,Test Execution,No,8.5,8.35,0,0.15000000000000036,1.7647058823529453,0.9823529411764705,7.285714285714286,1.2142857142857142
161,2024-S09,2024,9,Legacy Service Platform,Legacy Support QA,Medium,6.0,51.0,Regression Testing,No,14.0,16.8,0,-2.8000000000000007,-20.000000000000004,1.2,7.285714285714286,2.0
161,2024-S09,2024,9,Legacy Service Platform,Legacy Support QA,Medium,6.0,51.0,Defect Management,No,10.0,11.51,0,-1.5099999999999998,-15.099999999999996,1.151,7.285714285714286,1.4285714285714286
162,2024-S10,2024,10,Enterprise Data Platform,Data Platform QA,Medium,8.0,108.0,Test Planning,No,10.0,9.9586,0,0.04139999999999944,0.41399999999999443,0.9958600000000001,12.0,1.1111111111111112
162,2024-S10,2024,10,Enterprise Data Platform,Data Platform QA,Medium,8.0,108.0,Test Design,Yes,45.16,32.7,1,12.459999999999994,27.590788308237368,0.7240921169176263,12.0,5.017777777777777
162,2024-S10,2024,10,Enterprise Data Platform,Data Platform QA,Medium,8.0,108.0,Automation Development,Yes,45.45,,1,,,,12.0,5.050000000000001
162,2024-S10,2024,10,Enterprise Data Platform,Data Platform QA,Medium,8.0,108.0,Test Execution,No,16.07,18.7,0,-2.629999999999999,-16.365899191039198,1.163658991910392,12.0,1.7855555555555556
162,2024-S10,2024,10,Enterprise Data Platform,Data Platform QA,Medium,8.0,108.0,Regression Testing,No,39.62,36.2,0,3.4199999999999946,8.63200403836445,0.9136799596163555,12.0,4.402222222222222
162,2024-S10,2024,10,Enterprise Data Platform,Data Platform QA,Medium,8.0,108.0,Defect Management,No,28.47,28.1,0,0.36999999999999744,1.2996136283807427,0.9870038637161925,12.0,3.163333333333333
163,2024-S10,2024,10,CRM Sales & Service,CRM Platform QA,Medium,5.0,76.0,Test Planning,No,7.14,6.32,0,0.8199999999999994,11.484593837535007,0.8851540616246499,12.666666666666666,1.19
163,2024-S10,2024,10,CRM Sales & Service,CRM Platform QA,Medium,5.0,76.0,Test Design,Yes,33.06,26.85,1,6.210000000000001,18.784029038112525,0.8121597096188747,12.666666666666666,5.510000000000001
163,2024-S10,2024,10,CRM Sales & Service,CRM Platform QA,Medium,5.0,76.0,Automation Development,Yes,40.9,34.1,1,6.799999999999997,16.62591687041564,0.8337408312958435,12.666666666666666,6.816666666666666
163,2024-S10,2024,10,CRM Sales & Service,CRM Platform QA,Medium,5.0,76.0,Test Execution,No,12.12,10.21,0,1.9099999999999984,15.759075907590747,0.8424092409240925,12.666666666666666,2.02
163,2024-S10,2024,10,CRM Sales & Service,CRM Platform QA,Medium,5.0,76.0,Regression Testing,No,28.89,32.2,0,-3.3100000000000023,-11.457251644167538,1.1145725164416753,12.666666666666666,4.815
163,2024-S10,2024,10,CRM Sales & Service,CRM Platform QA,Medium,5.0,76.0,Defect Management,No,16.33,13.02,0,3.3099999999999987,20.269442743417017,0.7973055725658298,12.666666666666666,2.7216666666666662
164,2024-S10,2024,10,Legacy Service Platform,Legacy Support QA,Medium,8.0,54.0,Test Planning,No,9.55,9.67,0,-0.11999999999999922,-1.2565445026177928,1.0125654450261778,6.0,1.0611111111111111
164,2024-S10,2024,10,Legacy Service Platform,Legacy Support QA,Medium,8.0,54.0,Test Design,No,24.0,25.0,0,-1.0,-4.166666666666666,1.0416666666666667,6.0,2.6666666666666665
164,2024-S10,2024,10,Legacy Service Platform,Legacy Support QA,Medium,8.0,54.0,Automation Development,No,34.2167,36.75,0,-2.533299999999997,-7.403694687097227,1.0740369468709723,6.0,3.801855555555556
164,2024-S10,2024,10,Legacy Service Platform,Legacy Support QA,Medium,8.0,54.0,Test Execution,No,8.39,8.55,0,-0.16000000000000014,-1.9070321811680588,1.0190703218116806,6.0,0.9322222222222223
164,2024-S10,2024,10,Legacy Service Platform,Legacy Support QA,Medium,8.0,54.0,Regression Testing,No,11.44,18.0,0,-6.5600000000000005,-57.342657342657354,1.5734265734265735,6.0,1.271111111111111
164,2024-S10,2024,10,Legacy Service Platform,Legacy Support QA,Medium,8.0,54.0,Defect Management,No,7.15,7.7,0,-0.5499999999999998,-7.69230769230769,1.0769230769230769,6.0,0.7944444444444445
165,2024-S10,2024,10,ERP Operations,ERP Operations QA,Low,11.0,57.0,Test Planning,No,10.78,11.5,0,-0.7200000000000006,-6.679035250463829,1.0667903525046383,4.75,0.8983333333333333
165,2024-S10,2024,10,ERP Operations,ERP Operations QA,Low,11.0,57.0,Test Design,No,21.45,23.7413,0,-2.2912999999999997,-10.68205128205128,1.1068205128205129,4.75,1.7874999999999999
165,2024-S10,2024,10,ERP Operations,ERP Operations QA,Low,11.0,57.0,Automation Development,No,28.1,29.0,0,-0.8999999999999986,-3.2028469750889625,1.0320284697508897,4.75,2.341666666666667
165,2024-S10,2024,10,ERP Operations,ERP Operations QA,Low,11.0,57.0,Test Execution,No,7.8,7.78,0,0.019999999999999574,0.25641025641025095,0.9974358974358974,4.75,0.65
165,2024-S10,2024,10,ERP Operations,ERP Operations QA,Low,11.0,57.0,Regression Testing,No,12.9607,13.64,0,-0.6793000000000013,-5.241229254592741,1.0524122925459274,4.75,1.0800583333333333
165,2024-S10,2024,10,ERP Operations,ERP Operations QA,Low,11.0,57.0,Defect Management,No,17.0,18.8,0,-1.8000000000000007,-10.58823529411765,1.1058823529411765,4.75,1.4166666666666667
166,2024-S10,2024,10,Customer Web Portal,EIP-QA,Medium,11.0,87.0,Test Planning,No,,12.87,0,,,,7.25,
166,2024-S10,2024,10,Customer Web Portal,EIP-QA,Medium,11.0,87.0,Test Design,Yes,38.68,29.05,1,9.629999999999999,24.896587383660805,0.7510341261633919,7.25,3.223333333333333
166,2024-S10,2024,10,Customer Web Portal,EIP-QA,Medium,11.0,87.0,Automation Development,No,31.49,21.0,0,10.489999999999998,33.31216259129882,0.6668783740870118,7.25,2.6241666666666665
166,2024-S10,2024,10,Customer Web Portal,EIP-QA,Medium,11.0,87.0,Test Execution,No,13.12,12.52,0,0.5999999999999996,4.5731707317073145,0.9542682926829269,7.25,1.0933333333333333
166,2024-S10,2024,10,Customer Web Portal,EIP-QA,Medium,11.0,87.0,Regression Testing,Yes,19.0,,1,,,,7.25,1.5833333333333333
166,2024-S10,2024,10,Customer Web Portal,EIP-QA,Medium,11.0,87.0,Defect Management,No,14.39,16.62,0,-2.2300000000000004,-15.496872828353025,1.1549687282835301,7.25,1.1991666666666667
167,2024-S10,2024,10,API Integration Platform,API & Middleware QA,High,11.0,104.0,Test Planning,No,12.2,13.0,0,-0.8000000000000007,-6.557377049180333,1.0655737704918034,8.666666666666666,1.0166666666666666
167,2024-S10,2024,10,API Integration Platform,API & Middleware QA,High,11.0,104.0,Test Design,Yes,44.91,53.51,1,-8.600000000000001,-19.149409930973064,1.1914940993097307,8.666666666666666,3.7424999999999997
167,2024-S10,2024,10,API Integration Platform,API & Middleware QA,High,11.0,104.0,Automation Development,No,64.0,45.99,0,18.009999999999998,28.140624999999996,0.71859375,8.666666666666666,5.333333333333333
167,2024-S10,2024,10,API Integration Platform,API & Middleware QA,High,11.0,104.0,Test Execution,No,16.0,15.07,0,0.9299999999999997,5.812499999999998,0.941875,8.666666666666666,1.3333333333333333
167,2024-S10,2024,10,API Integration Platform,API & Middleware QA,High,11.0,104.0,Regression Testing,No,33.5,37.01,0,-3.509999999999998,-10.477611940298502,1.104776119402985,8.666666666666666,2.7916666666666665
167,2024-S10,2024,10,API Integration Platform,API & Middleware QA,High,11.0,104.0,Defect Management,No,20.1,18.6784,0,1.4216000000000015,7.072636815920405,0.9292736318407959,8.666666666666666,1.675
168,2024-S11,2024,11,API Integration Platform,API & Middleware QA,Medium,8.0,122.0,Test Planning,No,9.9399,9.76,0,0.17989999999999995,1.8098773629513372,0.9819012263704866,13.555555555555555,1.1044333333333334
168,2024-S11,2024,11,API Integration Platform,API & Middleware QA,Medium,8.0,122.0,Test Design,Yes,51.53,36.84,1,14.689999999999998,28.507665437609152,0.7149233456239085,13.555555555555555,5.725555555555555
168,2024-S11,2024,11,API Integration Platform,API & Middleware QA,Medium,8.0,122.0,Automation Development,Yes,55.7,51.64,1,4.060000000000002,7.289048473967688,0.9271095152603231,13.555555555555555,6.188888888888889
168,2024-S11,2024,11,API Integration Platform,API & Middleware QA,Medium,8.0,122.0,Test Execution,No,17.93,21.58,0,-3.6499999999999986,-20.3569436698271,1.203569436698271,13.555555555555555,1.9922222222222221
168,2024-S11,2024,11,API Integration Platform,API & Middleware QA,Medium,8.0,122.0,Regression Testing,No,23.9,23.73,0,0.16999999999999815,0.7112970711296994,0.992887029288703,13.555555555555555,2.6555555555555554
168,2024-S11,2024,11,API Integration Platform,API & Middleware QA,Medium,8.0,122.0,Defect Management,No,21.0,17.58,0,3.4200000000000017,16.285714285714295,0.8371428571428571,13.555555555555555,2.3333333333333335
169,2024-S11,2024,11,Mobile Service App,Mobile & Web QE,Medium,8.0,88.0,Test Planning,No,9.23,9.0,0,0.23000000000000043,2.4918743228602427,0.9750812567713976,9.777777777777779,1.0255555555555556
169,2024-S11,2024,11,Mobile Service App,Mobile & Web QE,Medium,8.0,88.0,Test Design,Yes,39.05,41.0,1,-1.9500000000000028,-4.993597951344437,1.0499359795134444,9.777777777777779,4.338888888888889
169,2024-S11,2024,11,Mobile Service App,Mobile & Web QE,Medium,8.0,88.0,Automation Development,Yes,43.7,35.72,1,7.980000000000004,18.2608695652174,0.817391304347826,9.777777777777779,4.855555555555556
169,2024-S11,2024,11,Mobile Service App,Mobile & Web QE,Medium,8.0,88.0,Test Execution,No,13.25,13.9,0,-0.6500000000000004,-4.905660377358493,1.049056603773585,9.777777777777779,1.4722222222222223
169,2024-S11,2024,11,Mobile Service App,Mobile & Web QE,Medium,8.0,88.0,Regression Testing,Yes,32.69,33.71,1,-1.0200000000000031,-3.1202202508412458,1.0312022025084124,9.777777777777779,3.632222222222222
169,2024-S11,2024,11,Mobile Service App,Mobile & Web QE,Medium,8.0,88.0,Defect Management,No,21.56,23.481,0,-1.921000000000003,-8.910018552875709,1.0891001855287572,9.777777777777779,2.395555555555555
170,2024-S11,2024,11,Enterprise Data Platform,Data Platform QA,Medium,11.0,57.0,Test Planning,No,13.03,12.1,0,0.9299999999999997,7.137375287797389,0.9286262471220261,4.75,1.0858333333333332
170,2024-S11,2024,11,Enterprise Data Platform,Data Platform QA,Medium,11.0,57.0,Test Design,Yes,23.6,20.3,1,3.3000000000000007,13.983050847457628,0.8601694915254237,4.75,1.9666666666666668
170,2024-S11,2024,11,Enterprise Data Platform,Data Platform QA,Medium,11.0,57.0,Automation Development,No,34.0,35.8,0,-1.7999999999999972,-5.294117647058815,1.052941176470588,4.75,2.8333333333333335
170,2024-S11,2024,11,Enterprise Data Platform,Data Platform QA,Medium,11.0,57.0,Test Execution,No,9.5,20.35,0,-10.850000000000001,-114.2105263157895,2.142105263157895,4.75,0.7916666666666666
170,2024-S11,2024,11,Enterprise Data Platform,Data Platform QA,Medium,11.0,57.0,Regression Testing,No,21.23,24.1,0,-2.870000000000001,-13.518605746585024,1.1351860574658503,4.75,1.7691666666666668
170,2024-S11,2024,11,Enterprise Data Platform,Data Platform QA,Medium,11.0,57.0,Defect Management,No,20.0,19.83,0,0.1700000000000017,0.8500000000000085,0.9914999999999999,4.75,1.6666666666666667
171,2024-S11,2024,11,CRM Sales & Service,CRM Platform QA,Medium,6.0,46.0,Test Planning,No,7.0,14.39,0,-7.390000000000001,-105.57142857142858,2.0557142857142856,6.571428571428571,1.0
171,2024-S11,2024,11,CRM Sales & Service,CRM Platform QA,Medium,6.0,46.0,Test Design,Yes,20.75,18.05,1,2.6999999999999993,13.012048192771081,0.8698795180722891,6.571428571428571,2.9642857142857144
171,2024-S11,2024,11,CRM Sales & Service,CRM Platform QA,Medium,6.0,46.0,Automation Development,Yes,22.53,23.3,1,-0.7699999999999996,-3.4176653351087416,1.0341766533510874,6.571428571428571,3.218571428571429
171,2024-S11,2024,11,CRM Sales & Service,CRM Platform QA,Medium,6.0,46.0,Test Execution,No,7.79,7.3793,0,0.4107000000000003,5.272143774069323,0.9472785622593067,6.571428571428571,1.1128571428571428
171,2024-S11,2024,11,CRM Sales & Service,CRM Platform QA,Medium,6.0,46.0,Regression Testing,No,17.7,17.0,0,0.6999999999999993,3.9548022598870016,0.96045197740113,6.571428571428571,2.5285714285714285
171,2024-S11,2024,11,CRM Sales & Service,CRM Platform QA,Medium,6.0,46.0,Defect Management,No,10.54,9.8,0,0.7399999999999984,7.020872865275128,0.9297912713472487,6.571428571428571,1.5057142857142856
172,2024-S12,2024,12,API Integration Platform,API & Middleware QA,High,5.0,98.0,Test Planning,No,8.4,10.34,0,-1.9399999999999995,-23.095238095238088,1.2309523809523808,16.333333333333332,1.4000000000000001
172,2024-S12,2024,12,API Integration Platform,API & Middleware QA,High,5.0,98.0,Test Design,Yes,53.0,41.56,1,11.439999999999998,21.584905660377355,0.7841509433962265,16.333333333333332,8.833333333333334
172,2024-S12,2024,12,API Integration Platform,API & Middleware QA,High,5.0,98.0,Automation Development,Yes,53.61,49.6,1,4.009999999999998,7.479947770938254,0.9252005222906174,16.333333333333332,8.935
172,2024-S12,2024,12,API Integration Platform,API & Middleware QA,High,5.0,98.0,Test Execution,No,18.23,16.0,0,2.2300000000000004,12.232583653318708,0.8776741634668129,16.333333333333332,3.0383333333333336
172,2024-S12,2024,12,API Integration Platform,API & Middleware QA,High,5.0,98.0,Regression Testing,No,30.4,26.53,0,3.8699999999999974,12.730263157894727,0.8726973684210527,16.333333333333332,5.066666666666666
172,2024-S12,2024,12,API Integration Platform,API & Middleware QA,High,5.0,98.0,Defect Management,No,27.0,24.07,0,2.9299999999999997,10.851851851851851,0.8914814814814815,16.333333333333332,4.5
173,2024-S12,2024,12,Enterprise Data Platform,Data Platform QA,Medium,2.0,43.0,Test Planning,No,3.8,3.62,0,0.17999999999999972,4.73684210526315,0.9526315789473685,14.333333333333334,1.2666666666666666
173,2024-S12,2024,12,Enterprise Data Platform,Data Platform QA,Medium,2.0,43.0,Test Design,Yes,18.62,14.42,1,4.200000000000001,22.556390977443613,0.7744360902255638,14.333333333333334,6.206666666666667
173,2024-S12,2024,12,Enterprise Data Platform,Data Platform QA,Medium,2.0,43.0,Automation Development,Yes,25.9746,27.0,1,-1.0254000000000012,-3.9477027557691025,1.039477027557691,14.333333333333334,8.658199999999999
173,2024-S12,2024,12,Enterprise Data Platform,Data Platform QA,Medium,2.0,43.0,Test Execution,No,7.7478,7.688,0,0.059800000000000075,0.7718320039236954,0.992281679960763,14.333333333333334,2.5826
173,2024-S12,2024,12,Enterprise Data Platform,Data Platform QA,Medium,2.0,43.0,Regression Testing,No,17.95,20.0,0,-2.0500000000000007,-11.420612813370477,1.1142061281337048,14.333333333333334,5.983333333333333
173,2024-S12,2024,12,Enterprise Data Platform,Data Platform QA,Medium,2.0,43.0,Defect Management,No,8.94,8.0555,0,0.8844999999999992,9.893736017897083,0.9010626398210292,14.333333333333334,2.98
174,2024-S12,2024,12,Billing & Payments,Billing & Payments QA,Medium,7.0,33.0,Test Planning,No,9.25,8.9,0,0.34999999999999964,3.7837837837837798,0.9621621621621622,4.125,1.15625
174,2024-S12,2024,12,Billing & Payments,Billing & Payments QA,Medium,7.0,33.0,Test Design,No,14.55,14.311,0,0.23900000000000077,1.6426116838488023,0.983573883161512,4.125,1.81875
174,2024-S12,2024,12,Billing & Payments,Billing & Payments QA,Medium,7.0,33.0,Automation Development,No,15.88,17.09,0,-1.209999999999999,-7.619647355163722,1.0761964735516372,4.125,1.985
174,2024-S12,2024,12,Billing & Payments,Billing & Payments QA,Medium,7.0,33.0,Test Execution,No,5.97,5.43,0,0.54,9.045226130653267,0.9095477386934673,4.125,0.74625
174,2024-S12,2024,12,Billing & Payments,Billing & Payments QA,Medium,7.0,33.0,Regression Testing,No,15.3,16.0,0,-0.6999999999999993,-4.575163398692805,1.0457516339869282,4.125,1.9125
174,2024-S12,2024,12,Billing & Payments,Billing & Payments QA,Medium,7.0,33.0,Defect Management,No,11.62,11.7,0,-0.08000000000000007,-0.688468158347677,1.0068846815834769,4.125,1.4525
175,2024-S12,2024,12,Mobile Service App,Mobile & Web QE,High,7.0,64.0,Test Planning,No,10.53,9.4,0,1.129999999999999,10.731244064577389,0.8926875593542261,8.0,1.31625
175,2024-S12,2024,12,Mobile Service App,Mobile & Web QE,High,7.0,64.0,Test Design,Yes,35.47,24.4,1,11.07,31.209472793910347,0.6879052720608965,8.0,4.43375
175,2024-S12,2024,12,Mobile Service App,Mobile & Web QE,High,7.0,64.0,Automation Development,Yes,40.37,39.7,1,0.6699999999999946,1.65964825365369,0.9834035174634631,8.0,5.04625
175,2024-S12,2024,12,Mobile Service App,Mobile & Web QE,High,7.0,64.0,Test Execution,No,12.09,11.9,0,0.1899999999999995,1.5715467328370512,0.9842845326716295,8.0,1.51125
175,2024-S12,2024,12,Mobile Service App,Mobile & Web QE,High,7.0,64.0,Regression Testing,No,15.2,15.0,0,0.1999999999999993,1.315789473684206,0.986842105263158,8.0,1.9
175,2024-S12,2024,12,Mobile Service App,Mobile & Web QE,High,7.0,64.0,Defect Management,No,13.0,16.0,0,-3.0,-23.076923076923077,1.2307692307692308,8.0,1.625
176,2024-S12,2024,12,CRM Sales & Service,CRM Platform QA,Medium,9.0,31.0,Test Planning,No,10.67,10.93,0,-0.2599999999999998,-2.436738519212744,1.0243673851921273,3.1,1.067
176,2024-S12,2024,12,CRM Sales & Service,CRM Platform QA,Medium,9.0,31.0,Test Design,Yes,14.16,0.0,1,14.16,100.0,0.0,3.1,1.416
176,2024-S12,2024,12,CRM Sales & Service,CRM Platform QA,Medium,9.0,31.0,Automation Development,Yes,18.0,14.2,1,3.8000000000000007,21.111111111111114,0.7888888888888889,3.1,1.8
176,2024-S12,2024,12,CRM Sales & Service,CRM Platform QA,Medium,9.0,31.0,Test Execution,No,6.0,5.99,0,0.009999999999999787,0.16666666666666313,0.9983333333333334,3.1,0.6
176,2024-S12,2024,12,CRM Sales & Service,CRM Platform QA,Medium,9.0,31.0,Regression Testing,No,7.26,7.8,0,-0.54,-7.43801652892562,1.0743801652892562,3.1,0.726
176,2024-S12,2024,12,CRM Sales & Service,CRM Platform QA,Medium,9.0,31.0,Defect Management,No,7.0,7.02,0,-0.019999999999999574,-0.28571428571427965,1.002857142857143,3.1,0.7
177,2024-S12,2024,12,ERP Operations,ERP Operations QA,High,7.0,49.0,Test Planning,No,10.99,10.51,0,0.4800000000000004,4.367606915377619,0.9563239308462238,6.125,1.37375
177,2024-S12,2024,12,ERP Operations,ERP Operations QA,High,7.0,49.0,Test Design,No,25.93,26.02,0,-0.08999999999999986,-0.3470883146934048,1.0034708831469341,6.125,3.24125
177,2024-S12,2024,12,ERP Operations,ERP Operations QA,High,7.0,49.0,Automation Development,No,17.12,16.0,0,1.120000000000001,6.54205607476636,0.9345794392523364,6.125,2.14
177,2024-S12,2024,12,ERP Operations,ERP Operations QA,High,7.0,49.0,Test Execution,No,9.42,9.97,0,-0.5500000000000007,-5.838641188959668,1.0583864118895967,6.125,1.1775
177,2024-S12,2024,12,ERP Operations,ERP Operations QA,High,7.0,49.0,Regression Testing,No,,14.7,0,,,,6.125,
177,2024-S12,2024,12,ERP Operations,ERP Operations QA,High,7.0,49.0,Defect Management,No,14.66,13.4261,0,1.2339000000000002,8.416780354706686,0.9158321964529331,6.125,1.8325
178,2024-S13,2024,13,Legacy Service Platform,Legacy Support QA,Low,2.0,76.0,Test Planning,No,3.77,3.5,0,0.27,7.161803713527852,0.9283819628647215,25.333333333333332,1.2566666666666666
178,2024-S13,2024,13,Legacy Service Platform,Legacy Support QA,Low,2.0,76.0,Test Design,No,27.4,27.47,0,-0.07000000000000028,-0.25547445255474555,1.0025547445255474,25.333333333333332,9.133333333333333
178,2024-S13,2024,13,Legacy Service Platform,Legacy Support QA,Low,2.0,76.0,Automation Development,No,20.62,20.71,0,-0.08999999999999986,-0.4364694471386996,1.004364694471387,25.333333333333332,6.873333333333334
178,2024-S13,2024,13,Legacy Service Platform,Legacy Support QA,Low,2.0,76.0,Test Execution,No,9.7,10.5413,0,-0.8413000000000004,-8.673195876288665,1.0867319587628868,25.333333333333332,3.233333333333333
178,2024-S13,2024,13,Legacy Service Platform,Legacy Support QA,Low,2.0,76.0,Regression Testing,No,17.36,27.65,0,-10.29,-59.27419354838709,1.592741935483871,25.333333333333332,5.786666666666666
178,2024-S13,2024,13,Legacy Service Platform,Legacy Support QA,Low,2.0,76.0,Defect Management,No,8.0,7.7,0,0.2999999999999998,3.749999999999998,0.9625,25.333333333333332,2.6666666666666665
179,2024-S13,2024,13,Customer Web Portal,EIP-QA,High,3.0,68.0,Test Planning,No,6.02,6.4,0,-0.3800000000000008,-6.312292358804,1.06312292358804,17.0,1.505
179,2024-S13,2024,13,Customer Web Portal,EIP-QA,High,3.0,68.0,Test Design,Yes,36.13,23.77,1,12.360000000000003,34.209797951840585,0.6579020204815942,17.0,9.0325
179,2024-S13,2024,13,Customer Web Portal,EIP-QA,High,3.0,68.0,Automation Development,Yes,34.55,24.9,1,9.649999999999999,27.930535455861065,0.7206946454413893,17.0,8.6375
179,2024-S13,2024,13,Customer Web Portal,EIP-QA,High,3.0,68.0,Test Execution,No,13.82,12.88,0,0.9399999999999995,6.801736613603469,0.9319826338639653,17.0,3.455
179,2024-S13,2024,13,Customer Web Portal,EIP-QA,High,3.0,68.0,Regression Testing,Yes,31.06,25.6,1,5.459999999999997,17.578879587894388,0.8242112041210561,17.0,7.765
179,2024-S13,2024,13,Customer Web Portal,EIP-QA,High,3.0,68.0,Defect Management,No,17.4,18.7,0,-1.3000000000000007,-7.471264367816096,1.0747126436781609,17.0,4.35
180,2024-S13,2024,13,ERP Operations,ERP Operations QA,Medium,11.0,53.0,Test Planning,No,12.21,12.0,0,0.21000000000000085,1.7199017199017268,0.9828009828009827,4.416666666666667,1.0175
180,2024-S13,2024,13,ERP Operations,ERP Operations QA,Medium,11.0,53.0,Test Design,No,22.58,23.45,0,-0.870000000000001,-3.8529672276350797,1.0385296722763508,4.416666666666667,1.8816666666666666
180,2024-S13,2024,13,ERP Operations,ERP Operations QA,Medium,11.0,53.0,Automation Development,No,38.57,37.64,0,0.9299999999999997,2.411200414830178,0.9758879958516982,4.416666666666667,3.214166666666667
180,2024-S13,2024,13,ERP Operations,ERP Operations QA,Medium,11.0,53.0,Test Execution,No,8.68,9.45,0,-0.7699999999999996,-8.870967741935479,1.0887096774193548,4.416666666666667,0.7233333333333333
180,2024-S13,2024,13,ERP Operations,ERP Operations QA,Medium,11.0,53.0,Regression Testing,No,12.02,14.82,0,-2.8000000000000007,-23.294509151414317,1.232945091514143,4.416666666666667,1.0016666666666667
180,2024-S13,2024,13,ERP Operations,ERP Operations QA,Medium,11.0,53.0,Defect Management,No,16.36,17.32,0,-0.9600000000000009,-5.867970660146705,1.058679706601467,4.416666666666667,1.3633333333333333
181,2024-S13,2024,13,CRM Sales & Service,CRM Platform QA,Low,6.0,66.0,Test Planning,No,6.76,7.4,0,-0.6400000000000006,-9.467455621301783,1.0946745562130178,9.428571428571429,0.9657142857142856
181,2024-S13,2024,13,CRM Sales & Service,CRM Platform QA,Low,6.0,66.0,Test Design,Yes,16.0,9.73,1,6.27,39.1875,0.608125,9.428571428571429,2.2857142857142856
181,2024-S13,2024,13,CRM Sales & Service,CRM Platform QA,Low,6.0,66.0,Automation Development,Yes,23.151,18.35,1,4.800999999999998,20.737765107338767,0.7926223489266123,9.428571428571429,3.3072857142857144
181,2024-S13,2024,13,CRM Sales & Service,CRM Platform QA,Low,6.0,66.0,Test Execution,No,6.34,7.59,0,-1.25,-19.71608832807571,1.1971608832807572,9.428571428571429,0.9057142857142857
181,2024-S13,2024,13,CRM Sales & Service,CRM Platform QA,Low,6.0,66.0,Regression Testing,No,12.07,10.65,0,1.42,11.76470588235294,0.8823529411764706,9.428571428571429,1.7242857142857144
181,2024-S13,2024,13,CRM Sales & Service,CRM Platform QA,Low,6.0,66.0,Defect Management,No,8.4,9.52,0,-1.1199999999999992,-13.333333333333325,1.1333333333333333,9.428571428571429,1.2
182,2024-S14,2024,14,Billing & Payments,Billing & Payments QA,Low,7.0,46.0,Test Planning,No,7.37,7.88,0,-0.5099999999999998,-6.9199457259158725,1.0691994572591588,5.75,0.92125
182,2024-S14,2024,14,Billing & Payments,Billing & Payments QA,Low,7.0,46.0,Test Design,No,17.3,20.54,0,-3.2399999999999984,-18.728323699421956,1.1872832369942194,5.75,2.1625
182,2024-S14,2024,14,Billing & Payments,Billing & Payments QA,Low,7.0,46.0,Automation Development,No,19.21,18.51,0,0.6999999999999993,3.6439354502863055,0.9635606454971369,5.75,2.40125
182,2024-S14,2024,14,Billing & Payments,Billing & Payments QA,Low,7.0,46.0,Test Execution,No,6.8,7.29,0,-0.4900000000000002,-7.20588235294118,1.0720588235294117,5.75,0.85
182,2024-S14,2024,14,Billing & Payments,Billing & Payments QA,Low,7.0,46.0,Regression Testing,No,13.19,12.79,0,0.40000000000000036,3.032600454890071,0.9696739954510993,5.75,1.64875
182,2024-S14,2024,14,Billing & Payments,Billing & Payments QA,Low,7.0,46.0,Defect Management,No,10.6303,10.8,0,-0.16970000000000063,-1.5963801586032438,1.0159638015860324,5.75,1.3287875
183,2024-S14,2024,14,Legacy Service Platform,Legacy Support QA,Low,12.0,113.0,Test Planning,No,11.6,14.5,0,-2.9000000000000004,-25.000000000000007,1.25,8.692307692307692,0.8923076923076922
183,2024-S14,2024,14,Legacy Service Platform,Legacy Support QA,Low,12.0,113.0,Test Design,No,41.0,38.52,0,2.479999999999997,6.04878048780487,0.9395121951219513,8.692307692307692,3.1538461538461537
183,2024-S14,2024,14,Legacy Service Platform,Legacy Support QA,Low,12.0,113.0,Automation Development,No,32.1,32.28,0,-0.17999999999999972,-0.5607476635514009,1.005607476635514,8.692307692307692,2.4692307692307693
183,2024-S14,2024,14,Legacy Service Platform,Legacy Support QA,Low,12.0,113.0,Test Execution,No,15.1,13.36,0,1.7400000000000002,11.523178807947021,0.8847682119205298,8.692307692307692,1.1615384615384614
183,2024-S14,2024,14,Legacy Service Platform,Legacy Support QA,Low,12.0,113.0,Regression Testing,No,23.08,22.41,0,0.6699999999999982,2.902946273830148,0.9709705372616985,8.692307692307692,1.7753846153846153
183,2024-S14,2024,14,Legacy Service Platform,Legacy Support QA,Low,12.0,113.0,Defect Management,No,12.0,18.83,0,-6.829999999999998,-56.91666666666665,1.5691666666666666,8.692307692307692,0.9230769230769231
184,2024-S14,2024,14,CRM Sales & Service,CRM Platform QA,Medium,15.0,56.0,Test Planning,No,16.26,17.14,0,-0.879999999999999,-5.412054120541199,1.054120541205412,3.5,1.01625
184,2024-S14,2024,14,CRM Sales & Service,CRM Platform QA,Medium,15.0,56.0,Test Design,Yes,25.09,21.51,1,3.5799999999999983,14.268632921482654,0.8573136707851734,3.5,1.568125
184,2024-S14,2024,14,CRM Sales & Service,CRM Platform QA,Medium,15.0,56.0,Automation Development,Yes,23.47,22.753,1,0.7169999999999987,3.0549637835534673,0.9694503621644653,3.5,1.466875
184,2024-S14,2024,14,CRM Sales & Service,CRM Platform QA,Medium,15.0,56.0,Test Execution,No,9.5,9.0,0,0.5,5.263157894736842,0.9473684210526315,3.5,0.59375
184,2024-S14,2024,14,CRM Sales & Service,CRM Platform QA,Medium,15.0,56.0,Regression Testing,No,15.61,14.7,0,0.9100000000000001,5.829596412556055,0.9417040358744394,3.5,0.975625
184,2024-S14,2024,14,CRM Sales & Service,CRM Platform QA,Medium,15.0,56.0,Defect Management,No,11.98,11.49,0,0.4900000000000002,4.090150250417364,0.9590984974958263,3.5,0.74875
185,2024-S15,2024,15,API Integration Platform,API & Middleware QA,Low,13.0,92.0,Test Planning,No,11.89,12.74,0,-0.8499999999999996,-7.148864592094194,1.0714886459209418,6.571428571428571,0.8492857142857143
185,2024-S15,2024,15,API Integration Platform,API & Middleware QA,Low,13.0,92.0,Test Design,No,32.81,29.3,0,3.5100000000000016,10.697957939652548,0.8930204206034745,6.571428571428571,2.343571428571429
185,2024-S15,2024,15,API Integration Platform,API & Middleware QA,Low,13.0,92.0,Automation Development,Yes,42.7708,34.76,1,8.010800000000003,18.729600568612238,0.8127039943138776,6.571428571428571,3.055057142857143
185,2024-S15,2024,15,API Integration Platform,API & Middleware QA,Low,13.0,92.0,Test Execution,No,12.24,13.85,0,-1.6099999999999994,-13.153594771241824,1.1315359477124183,6.571428571428571,0.8742857142857143
185,2024-S15,2024,15,API Integration Platform,API & Middleware QA,Low,13.0,92.0,Regression Testing,No,16.52,16.09,0,0.4299999999999997,2.6029055690072624,0.9739709443099274,6.571428571428571,1.18
185,2024-S15,2024,15,API Integration Platform,API & Middleware QA,Low,13.0,92.0,Defect Management,No,23.89,27.8,0,-3.91,-16.36668061950607,1.1636668061950608,6.571428571428571,1.7064285714285714
186,2024-S15,2024,15,Legacy Service Platform,Legacy Support QA,Medium,6.0,29.0,Test Planning,No,7.3,6.861,0,0.43900000000000006,6.013698630136987,0.9398630136986301,4.142857142857143,1.042857142857143
186,2024-S15,2024,15,Legacy Service Platform,Legacy Support QA,Medium,6.0,29.0,Test Design,No,13.21,12.12,0,1.0900000000000016,8.251324753974274,0.9174867524602572,4.142857142857143,1.8871428571428572
186,2024-S15,2024,15,Legacy Service Platform,Legacy Support QA,Medium,6.0,29.0,Automation Development,No,17.9228,17.29,0,0.6327999999999996,3.5306983283861877,0.9646930167161382,4.142857142857143,2.5604
186,2024-S15,2024,15,Legacy Service Platform,Legacy Support QA,Medium,6.0,29.0,Test Execution,No,5.04,6.34,0,-1.2999999999999998,-25.79365079365079,1.257936507936508,4.142857142857143,0.72
186,2024-S15,2024,15,Legacy Service Platform,Legacy Support QA,Medium,6.0,29.0,Regression Testing,No,7.39,7.18,0,0.20999999999999996,2.8416779431664407,0.9715832205683356,4.142857142857143,1.0557142857142856
186,2024-S15,2024,15,Legacy Service Platform,Legacy Support QA,Medium,6.0,29.0,Defect Management,No,7.04,8.3,0,-1.2600000000000007,-17.89772727272728,1.178977272727273,4.142857142857143,1.0057142857142858
187,2024-S15,2024,15,Mobile Service App,Mobile & Web QE,Medium,14.0,66.0,Test Planning,No,17.17,19.02,0,-1.8499999999999979,-10.774606872451937,1.1077460687245193,4.4,1.1446666666666667
187,2024-S15,2024,15,Mobile Service App,Mobile & Web QE,Medium,14.0,66.0,Test Design,Yes,35.99,52.2046,1,-16.214599999999997,-45.0530702973048,1.4505307029730479,4.4,2.3993333333333333
187,2024-S15,2024,15,Mobile Service App,Mobile & Web QE,Medium,14.0,66.0,Automation Development,Yes,35.2,25.02,1,10.180000000000003,28.920454545454554,0.7107954545454545,4.4,2.3466666666666667
187,2024-S15,2024,15,Mobile Service App,Mobile & Web QE,Medium,14.0,66.0,Test Execution,No,13.54,14.56,0,-1.0200000000000014,-7.533234859675048,1.0753323485967505,4.4,0.9026666666666666
187,2024-S15,2024,15,Mobile Service App,Mobile & Web QE,Medium,14.0,66.0,Regression Testing,Yes,37.5665,32.64,1,4.926499999999997,13.114077702208077,0.8688592229779192,4.4,2.504433333333333
187,2024-S15,2024,15,Mobile Service App,Mobile & Web QE,Medium,14.0,66.0,Defect Management,No,30.76,32.55,0,-1.7899999999999956,-5.819245773732105,1.058192457737321,4.4,2.050666666666667
188,2024-S15,2024,15,ERP Operations,ERP Operations QA,Medium,12.0,61.0,Test Planning,No,12.57,12.1,0,0.47000000000000064,3.739061256961023,0.9626093874303898,4.6923076923076925,0.966923076923077
188,2024-S15,2024,15,ERP Operations,ERP Operations QA,Medium,12.0,61.0,Test Design,No,25.94,23.52,0,2.4200000000000017,9.329221279876645,0.9067077872012336,4.6923076923076925,1.9953846153846155
188,2024-S15,2024,15,ERP Operations,ERP Operations QA,Medium,12.0,61.0,Automation Development,No,,38.6,0,,,,4.6923076923076925,
188,2024-S15,2024,15,ERP Operations,ERP Operations QA,Medium,12.0,61.0,Test Execution,No,9.32,11.03,0,-1.709999999999999,-18.347639484978533,1.1834763948497853,4.6923076923076925,0.716923076923077
188,2024-S15,2024,15,ERP Operations,ERP Operations QA,Medium,12.0,61.0,Regression Testing,No,13.24,14.3212,0,-1.081199999999999,-8.16616314199395,1.0816616314199394,4.6923076923076925,1.0184615384615385
188,2024-S15,2024,15,ERP Operations,ERP Operations QA,Medium,12.0,61.0,Defect Management,No,17.6,19.7,0,-2.099999999999998,-11.93181818181817,1.1193181818181817,4.6923076923076925,1.353846153846154
189,2024-S15,2024,15,Enterprise Data Platform,Data Platform QA,Medium,10.0,15.0,Test Planning,No,11.76,12.07,0,-0.3100000000000005,-2.6360544217687116,1.026360544217687,1.3636363636363635,1.069090909090909
189,2024-S15,2024,15,Enterprise Data Platform,Data Platform QA,Medium,10.0,15.0,Test Design,Yes,7.3,4.64,1,2.66,36.43835616438356,0.6356164383561643,1.3636363636363635,0.6636363636363636
189,2024-S15,2024,15,Enterprise Data Platform,Data Platform QA,Medium,10.0,15.0,Automation Development,No,8.37,8.49,0,-0.120000000000001,-1.4336917562724134,1.0143369175627241,1.3636363636363635,0.7609090909090909
189,2024-S15,2024,15,Enterprise Data Platform,Data Platform QA,Medium,10.0,15.0,Test Execution,No,3.23,3.38,0,-0.1499999999999999,-4.643962848297211,1.046439628482972,1.3636363636363635,0.29363636363636364
189,2024-S15,2024,15,Enterprise Data Platform,Data Platform QA,Medium,10.0,15.0,Regression Testing,No,4.55,4.73,0,-0.1800000000000006,-3.9560439560439695,1.0395604395604396,1.3636363636363635,0.41363636363636364
189,2024-S15,2024,15,Enterprise Data Platform,Data Platform QA,Medium,10.0,15.0,Defect Management,No,4.9,5.47,0,-0.5699999999999994,-11.632653061224477,1.1163265306122447,1.3636363636363635,0.4454545454545455
190,2024-S15,2024,15,Billing & Payments,Billing & Payments QA,High,16.0,66.0,Test Planning,No,20.1,18.0,0,2.1000000000000014,10.447761194029857,0.8955223880597014,3.8823529411764706,1.1823529411764706
190,2024-S15,2024,15,Billing & Payments,Billing & Payments QA,High,16.0,66.0,Test Design,Yes,36.8,28.9453,1,7.854699999999998,21.344293478260866,0.7865570652173913,3.8823529411764706,2.164705882352941
190,2024-S15,2024,15,Billing & Payments,Billing & Payments QA,High,16.0,66.0,Automation Development,No,53.47,57.72,0,-4.25,-7.948382270432018,1.0794838227043202,3.8823529411764706,3.1452941176470586
190,2024-S15,2024,15,Billing & Payments,Billing & Payments QA,High,16.0,66.0,Test Execution,No,12.65,12.3009,0,0.34909999999999997,2.7596837944664028,0.972403162055336,3.8823529411764706,0.7441176470588236
190,2024-S15,2024,15,Billing & Payments,Billing & Payments QA,High,16.0,66.0,Regression Testing,No,29.6495,32.65,0,-3.000499999999999,-10.119900841498167,1.1011990084149816,3.8823529411764706,1.7440882352941176
190,2024-S15,2024,15,Billing & Payments,Billing & Payments QA,High,16.0,66.0,Defect Management,No,26.4,29.61,0,-3.210000000000001,-12.159090909090912,1.121590909090909,3.8823529411764706,1.552941176470588
191,2024-S15,2024,15,Customer Web Portal,EIP-QA,Medium,10.0,13.0,Test Planning,No,11.0,11.29,0,-0.28999999999999915,-2.6363636363636287,1.0263636363636364,1.1818181818181819,1.0
191,2024-S15,2024,15,Customer Web Portal,EIP-QA,Medium,10.0,13.0,Test Design,Yes,6.13,6.08,1,0.04999999999999982,0.8156606851549727,0.9918433931484503,1.1818181818181819,0.5572727272727273
191,2024-S15,2024,15,Customer Web Portal,EIP-QA,Medium,10.0,13.0,Automation Development,No,9.79,6.42,0,3.369999999999999,34.422880490296215,0.6557711950970379,1.1818181818181819,0.8899999999999999
191,2024-S15,2024,15,Customer Web Portal,EIP-QA,Medium,10.0,13.0,Test Execution,No,2.8134,2.84,0,-0.026599999999999735,-0.9454752257055425,1.0094547522570554,1.1818181818181819,0.25576363636363636
191,2024-S15,2024,15,Customer Web Portal,EIP-QA,Medium,10.0,13.0,Regression Testing,Yes,5.46,4.1,1,1.3600000000000003,24.908424908424916,0.7509157509157508,1.1818181818181819,0.49636363636363634
191,2024-S15,2024,15,Customer Web Portal,EIP-QA,Medium,10.0,13.0,Defect Management,No,5.36,5.37,0,-0.009999999999999787,-0.1865671641791005,1.001865671641791,1.1818181818181819,0.4872727272727273
192,2024-S16,2024,16,CRM Sales & Service,CRM Platform QA,Medium,7.0,68.0,Test Planning,No,9.04,11.02,0,-1.9800000000000004,-21.902654867256643,1.2190265486725664,8.5,1.13
192,2024-S16,2024,16,CRM Sales & Service,CRM Platform QA,Medium,7.0,68.0,Test Design,Yes,28.77,22.2,1,6.57,22.836287799791453,0.7716371220020855,8.5,3.59625
192,2024-S16,2024,16,CRM Sales & Service,CRM Platform QA,Medium,7.0,68.0,Automation Development,Yes,,19.1,1,,,,8.5,
192,2024-S16,2024,16,CRM Sales & Service,CRM Platform QA,Medium,7.0,68.0,Test Execution,No,10.9,21.44,0,-10.540000000000001,-96.69724770642202,1.9669724770642203,8.5,1.3625
192,2024-S16,2024,16,CRM Sales & Service,CRM Platform QA,Medium,7.0,68.0,Regression Testing,No,20.29,23.1,0,-2.8100000000000023,-13.84918679152293,1.1384918679152294,8.5,2.53625
192,2024-S16,2024,16,CRM Sales & Service,CRM Platform QA,Medium,7.0,68.0,Defect Management,No,14.47,12.7,0,1.7700000000000014,12.232204561161032,0.8776779543883897,8.5,1.80875
193,2024-S16,2024,16,Enterprise Data Platform,Data Platform QA,Low,3.0,57.0,Test Planning,No,5.08,4.7,0,0.3799999999999999,7.480314960629919,0.9251968503937008,14.25,1.27
193,2024-S16,2024,16,Enterprise Data Platform,Data Platform QA,Low,3.0,57.0,Test Design,Yes,21.31,13.73,1,7.579999999999998,35.5701548568747,0.644298451431253,14.25,5.3275
193,2024-S16,2024,16,Enterprise Data Platform,Data Platform QA,Low,3.0,57.0,Automation Development,No,15.1,18.26,0,-3.160000000000002,-20.927152317880807,1.209271523178808,14.25,3.775
193,2024-S16,2024,16,Enterprise Data Platform,Data Platform QA,Low,3.0,57.0,Test Execution,No,7.77,8.07,0,-0.3000000000000007,-3.8610038610038706,1.0386100386100388,14.25,1.9425
193,2024-S16,2024,16,Enterprise Data Platform,Data Platform QA,Low,3.0,57.0,Regression Testing,No,14.0,16.8,0,-2.8000000000000007,-20.000000000000004,1.2,14.25,3.5
193,2024-S16,2024,16,Enterprise Data Platform,Data Platform QA,Low,3.0,57.0,Defect Management,No,9.18,9.52,0,-0.33999999999999986,-3.703703703703702,1.037037037037037,14.25,2.295
194,2024-S16,2024,16,API Integration Platform,API & Middleware QA,High,9.0,74.0,Test Planning,No,12.98,13.98,0,-1.0,-7.704160246533127,1.0770416024653313,7.4,1.298
194,2024-S16,2024,16,API Integration Platform,API & Middleware QA,High,9.0,74.0,Test Design,Yes,39.0,29.6902,1,9.3098,23.87128205128205,0.7612871794871795,7.4,3.9
194,2024-S16,2024,16,API Integration Platform,API & Middleware QA,High,9.0,74.0,Automation Development,Yes,68.0,53.91,1,14.090000000000003,20.720588235294123,0.7927941176470588,7.4,6.8
194,2024-S16,2024,16,API Integration Platform,API & Middleware QA,High,9.0,74.0,Test Execution,No,14.79,13.96,0,0.8299999999999983,5.611899932386737,0.9438810006761327,7.4,1.4789999999999999
194,2024-S16,2024,16,API Integration Platform,API & Middleware QA,High,9.0,74.0,Regression Testing,No,38.02,46.15,0,-8.129999999999995,-21.383482377695938,1.2138348237769594,7.4,3.8020000000000005
194,2024-S16,2024,16,API Integration Platform,API & Middleware QA,High,9.0,74.0,Defect Management,No,18.93,20.4,0,-1.4699999999999989,-7.765451664025351,1.0776545166402536,7.4,1.893
195,2024-S16,2024,16,Billing & Payments,Billing & Payments QA,High,8.0,95.0,Test Planning,No,11.04,10.49,0,0.5499999999999989,4.981884057971006,0.9501811594202899,10.555555555555555,1.2266666666666666
195,2024-S16,2024,16,Billing & Payments,Billing & Payments QA,High,8.0,95.0,Test Design,No,50.4,35.41,0,14.990000000000002,29.742063492063497,0.702579365079365,10.555555555555555,5.6
195,2024-S16,2024,16,Billing & Payments,Billing & Payments QA,High,8.0,95.0,Automation Development,No,79.67,76.37,0,3.299999999999997,4.14208610518388,0.9585791389481612,10.555555555555555,8.852222222222222
195,2024-S16,2024,16,Billing & Payments,Billing & Payments QA,High,8.0,95.0,Test Execution,No,18.65,40.1,0,-21.450000000000003,-115.0134048257373,2.1501340482573728,10.555555555555555,2.072222222222222
195,2024-S16,2024,16,Billing & Payments,Billing & Payments QA,High,8.0,95.0,Regression Testing,No,30.5,30.8455,0,-0.34550000000000125,-1.1327868852459058,1.011327868852459,10.555555555555555,3.388888888888889
195,2024-S16,2024,16,Billing & Payments,Billing & Payments QA,High,8.0,95.0,Defect Management,No,24.42,27.65,0,-3.229999999999997,-13.226863226863214,1.1322686322686322,10.555555555555555,2.7133333333333334
196,2024-S16,2024,16,Customer Web Portal,EIP-QA,High,10.0,57.0,Test Planning,No,11.44,11.0,0,0.4399999999999995,3.8461538461538423,0.9615384615384616,5.181818181818182,1.04
196,2024-S16,2024,16,Customer Web Portal,EIP-QA,High,10.0,57.0,Test Design,Yes,24.69,30.0,1,-5.309999999999999,-21.506682867557707,1.215066828675577,5.181818181818182,2.2445454545454546
196,2024-S16,2024,16,Customer Web Portal,EIP-QA,High,10.0,57.0,Automation Development,Yes,20.6,20.65,1,-0.04999999999999716,-0.24271844660192793,1.0024271844660193,5.181818181818182,1.8727272727272728
196,2024-S16,2024,16,Customer Web Portal,EIP-QA,High,10.0,57.0,Test Execution,No,9.35,10.19,0,-0.8399999999999999,-8.983957219251336,1.0898395721925134,5.181818181818182,0.85
196,2024-S16,2024,16,Customer Web Portal,EIP-QA,High,10.0,57.0,Regression Testing,No,12.02,8.3,0,3.719999999999999,30.948419301164716,0.6905158069883528,5.181818181818182,1.0927272727272728
196,2024-S16,2024,16,Customer Web Portal,EIP-QA,High,10.0,57.0,Defect Management,No,7.8,8.0,0,-0.20000000000000018,-2.5641025641025665,1.0256410256410258,5.181818181818182,0.7090909090909091
197,2024-S16,2024,16,Mobile Service App,Mobile & Web QE,Medium,16.0,59.0,Test Planning,No,16.97,15.72,0,1.2499999999999982,7.365939893930455,0.9263406010606955,3.4705882352941178,0.998235294117647
197,2024-S16,2024,16,Mobile Service App,Mobile & Web QE,Medium,16.0,59.0,Test Design,No,26.38,15.84,0,10.54,39.95451099317665,0.6004548900682335,3.4705882352941178,1.551764705882353
197,2024-S16,2024,16,Mobile Service App,Mobile & Web QE,Medium,16.0,59.0,Automation Development,Yes,37.31,53.6897,1,-16.3797,-43.901634950415435,1.4390163495041544,3.4705882352941178,2.1947058823529413
197,2024-S16,2024,16,Mobile Service App,Mobile & Web QE,Medium,16.0,59.0,Test Execution,No,9.3,9.8,0,-0.5,-5.376344086021505,1.053763440860215,3.4705882352941178,0.5470588235294118
197,2024-S16,2024,16,Mobile Service App,Mobile & Web QE,Medium,16.0,59.0,Regression Testing,Yes,12.31,10.02,1,2.290000000000001,18.602761982128357,0.8139723801787164,3.4705882352941178,0.7241176470588235
197,2024-S16,2024,16,Mobile Service App,Mobile & Web QE,Medium,16.0,59.0,Defect Management,No,17.1,17.33,0,-0.22999999999999687,-1.3450292397660635,1.0134502923976607,3.4705882352941178,1.0058823529411764
198,2024-S16,2024,16,Legacy Service Platform,Legacy Support QA,Medium,9.0,45.0,Test Planning,No,10.6,11.9,0,-1.3000000000000007,-12.264150943396233,1.1226415094339623,4.5,1.06
198,2024-S16,2024,16,Legacy Service Platform,Legacy Support QA,Medium,9.0,45.0,Test Design,No,19.95,21.55,0,-1.6000000000000014,-8.020050125313292,1.0802005012531328,4.5,1.9949999999999999
198,2024-S16,2024,16,Legacy Service Platform,Legacy Support QA,Medium,9.0,45.0,Automation Development,No,23.4647,26.58,0,-3.1152999999999977,-13.276538800836994,1.13276538800837,4.5,2.34647
198,2024-S16,2024,16,Legacy Service Platform,Legacy Support QA,Medium,9.0,45.0,Test Execution,No,7.77,7.44,0,0.3299999999999992,4.247104247104237,0.9575289575289576,4.5,0.7769999999999999
198,2024-S16,2024,16,Legacy Service Platform,Legacy Support QA,Medium,9.0,45.0,Regression Testing,No,9.66,9.81,0,-0.15000000000000036,-1.5527950310559042,1.015527950310559,4.5,0.966
198,2024-S16,2024,16,Legacy Service Platform,Legacy Support QA,Medium,9.0,45.0,Defect Management,No,14.13,27.32,0,-13.19,-93.34748761500353,1.9334748761500353,4.5,1.413
199,2024-S17,2024,17,Enterprise Data Platform,Data Platform QA,Medium,12.0,99.0,Test Planning,No,12.81,14.5861,0,-1.7760999999999996,-13.864949258391878,1.1386494925839188,7.615384615384615,0.9853846153846154
199,2024-S17,2024,17,Enterprise Data Platform,Data Platform QA,Medium,12.0,99.0,Test Design,Yes,43.45,36.89,1,6.560000000000002,15.09781357882624,0.8490218642117376,7.615384615384615,3.3423076923076924
199,2024-S17,2024,17,Enterprise Data Platform,Data Platform QA,Medium,12.0,99.0,Automation Development,No,27.0,24.97,0,2.030000000000001,7.518518518518523,0.9248148148148148,7.615384615384615,2.076923076923077
199,2024-S17,2024,17,Enterprise Data Platform,Data Platform QA,Medium,12.0,99.0,Test Execution,No,14.0,17.0,0,-3.0,-21.428571428571427,1.2142857142857142,7.615384615384615,1.0769230769230769
199,2024-S17,2024,17,Enterprise Data Platform,Data Platform QA,Medium,12.0,99.0,Regression Testing,No,37.5,42.5,0,-5.0,-13.333333333333334,1.1333333333333333,7.615384615384615,2.8846153846153846
199,2024-S17,2024,17,Enterprise Data Platform,Data Platform QA,Medium,12.0,99.0,Defect Management,No,19.04,19.7,0,-0.6600000000000001,-3.4663865546218497,1.0346638655462186,7.615384615384615,1.4646153846153847
200,2024-S17,2024,17,CRM Sales & Service,CRM Platform QA,Medium,11.0,35.0,Test Planning,No,12.87,13.11,0,-0.2400000000000002,-1.8648018648018665,1.0186480186480187,2.9166666666666665,1.0725
200,2024-S17,2024,17,CRM Sales & Service,CRM Platform QA,Medium,11.0,35.0,Test Design,Yes,15.8,10.59,1,5.210000000000001,32.9746835443038,0.6702531645569619,2.9166666666666665,1.3166666666666667
200,2024-S17,2024,17,CRM Sales & Service,CRM Platform QA,Medium,11.0,35.0,Automation Development,Yes,22.76,18.57,1,4.190000000000001,18.40949033391916,0.8159050966608083,2.9166666666666665,1.8966666666666667
200,2024-S17,2024,17,CRM Sales & Service,CRM Platform QA,Medium,11.0,35.0,Test Execution,No,6.16,5.0,0,1.1600000000000001,18.83116883116883,0.8116883116883117,2.9166666666666665,0.5133333333333333
200,2024-S17,2024,17,CRM Sales & Service,CRM Platform QA,Medium,11.0,35.0,Regression Testing,No,9.6,9.54,0,0.0600000000000005,0.6250000000000052,0.9937499999999999,2.9166666666666665,0.7999999999999999
200,2024-S17,2024,17,CRM Sales & Service,CRM Platform QA,Medium,11.0,35.0,Defect Management,No,12.0,21.15,0,-9.149999999999999,-76.24999999999999,1.7625,2.9166666666666665,1.0
201,2024-S17,2024,17,Legacy Service Platform,Legacy Support QA,High,16.0,27.0,Test Planning,No,19.8,21.0,0,-1.1999999999999993,-6.060606060606057,1.0606060606060606,1.588235294117647,1.1647058823529413
201,2024-S17,2024,17,Legacy Service Platform,Legacy Support QA,High,16.0,27.0,Test Design,No,14.89,16.3,0,-1.4100000000000001,-9.469442578912023,1.0946944257891202,1.588235294117647,0.8758823529411766
201,2024-S17,2024,17,Legacy Service Platform,Legacy Support QA,High,16.0,27.0,Automation Development,No,10.71,10.98,0,-0.2699999999999996,-2.5210084033613405,1.0252100840336134,1.588235294117647,0.63
201,2024-S17,2024,17,Legacy Service Platform,Legacy Support QA,High,16.0,27.0,Test Execution,No,5.89,6.11,0,-0.22000000000000064,-3.7351443123938988,1.037351443123939,1.588235294117647,0.3464705882352941
201,2024-S17,2024,17,Legacy Service Platform,Legacy Support QA,High,16.0,27.0,Regression Testing,No,13.15,14.3,0,-1.1500000000000004,-8.745247148288977,1.0874524714828897,1.588235294117647,0.7735294117647059
201,2024-S17,2024,17,Legacy Service Platform,Legacy Support QA,High,16.0,27.0,Defect Management,No,6.11,4.39,0,1.7200000000000006,28.150572831423904,0.718494271685761,1.588235294117647,0.3594117647058824
202,2024-S17,2024,17,ERP Operations,ERP Operations QA,Medium,8.0,13.0,Test Planning,No,10.0,9.99,0,0.009999999999999787,0.09999999999999788,0.999,1.4444444444444444,1.1111111111111112
202,2024-S17,2024,17,ERP Operations,ERP Operations QA,Medium,8.0,13.0,Test Design,No,6.19,6.73,0,-0.54,-8.723747980613894,1.0872374798061388,1.4444444444444444,0.6877777777777778
202,2024-S17,2024,17,ERP Operations,ERP Operations QA,Medium,8.0,13.0,Automation Development,No,8.14,8.82,0,-0.6799999999999997,-8.353808353808349,1.0835380835380835,1.4444444444444444,0.9044444444444445
202,2024-S17,2024,17,ERP Operations,ERP Operations QA,Medium,8.0,13.0,Test Execution,No,2.5,2.9,0,-0.3999999999999999,-15.999999999999998,1.16,1.4444444444444444,0.2777777777777778
202,2024-S17,2024,17,ERP Operations,ERP Operations QA,Medium,8.0,13.0,Regression Testing,No,6.0,5.33,0,0.6699999999999999,11.166666666666664,0.8883333333333333,1.4444444444444444,0.6666666666666666
202,2024-S17,2024,17,ERP Operations,ERP Operations QA,Medium,8.0,13.0,Defect Management,No,5.72,6.13,0,-0.41000000000000014,-7.167832167832171,1.0716783216783217,1.4444444444444444,0.6355555555555555
203,2024-S17,2024,17,Mobile Service App,Mobile & Web QE,Medium,16.0,45.0,Test Planning,No,16.89,17.94,0,-1.0500000000000007,-6.216696269982243,1.0621669626998225,2.6470588235294117,0.9935294117647059
203,2024-S17,2024,17,Mobile Service App,Mobile & Web QE,Medium,16.0,45.0,Test Design,Yes,20.44,17.2,1,3.240000000000002,15.851272015655585,0.8414872798434442,2.6470588235294117,1.2023529411764706
203,2024-S17,2024,17,Mobile Service App,Mobile & Web QE,Medium,16.0,45.0,Automation Development,Yes,22.1,16.54,1,5.560000000000002,25.158371040723992,0.7484162895927601,2.6470588235294117,1.3
203,2024-S17,2024,17,Mobile Service App,Mobile & Web QE,Medium,16.0,45.0,Test Execution,No,7.41,8.44,0,-1.0299999999999994,-13.900134952766525,1.1390013495276652,2.6470588235294117,0.4358823529411765
203,2024-S17,2024,17,Mobile Service App,Mobile & Web QE,Medium,16.0,45.0,Regression Testing,Yes,16.27,13.11,1,3.16,19.422249539028886,0.8057775046097111,2.6470588235294117,0.9570588235294117
203,2024-S17,2024,17,Mobile Service App,Mobile & Web QE,Medium,16.0,45.0,Defect Management,No,7.17,6.4,0,0.7699999999999996,10.739191073919102,0.892608089260809,2.6470588235294117,0.42176470588235293
204,2024-S17,2024,17,Customer Web Portal,EIP-QA,Medium,8.0,78.0,Test Planning,No,10.47,12.96,0,-2.49,-23.78223495702006,1.2378223495702005,8.666666666666666,1.1633333333333333
204,2024-S17,2024,17,Customer Web Portal,EIP-QA,Medium,8.0,78.0,Test Design,Yes,32.92,31.29,1,1.6300000000000026,4.951397326852985,0.9504860267314702,8.666666666666666,3.657777777777778
204,2024-S17,2024,17,Customer Web Portal,EIP-QA,Medium,8.0,78.0,Automation Development,Yes,34.17,28.55,1,5.620000000000001,16.447175885279485,0.8355282411472051,8.666666666666666,3.796666666666667
204,2024-S17,2024,17,Customer Web Portal,EIP-QA,Medium,8.0,78.0,Test Execution,No,12.37,14.37,0,-2.0,-16.168148746968473,1.1616814874696848,8.666666666666666,1.3744444444444444
204,2024-S17,2024,17,Customer Web Portal,EIP-QA,Medium,8.0,78.0,Regression Testing,Yes,21.4,16.48,1,4.919999999999998,22.99065420560747,0.7700934579439253,8.666666666666666,2.3777777777777778
204,2024-S17,2024,17,Customer Web Portal,EIP-QA,Medium,8.0,78.0,Defect Management,No,19.95,14.7,0,5.25,26.31578947368421,0.7368421052631579,8.666666666666666,2.216666666666667
205,2024-S18,2024,18,CRM Sales & Service,CRM Platform QA,Low,12.0,67.0,Test Planning,No,14.2,14.98,0,-0.7800000000000011,-5.492957746478881,1.0549295774647889,5.153846153846154,1.0923076923076922
205,2024-S18,2024,18,CRM Sales & Service,CRM Platform QA,Low,12.0,67.0,Test Design,Yes,28.42,24.22,1,4.200000000000003,14.778325123152719,0.8522167487684729,5.153846153846154,2.186153846153846
205,2024-S18,2024,18,CRM Sales & Service,CRM Platform QA,Low,12.0,67.0,Automation Development,Yes,33.97,29.3,1,4.669999999999998,13.747424197821603,0.862525758021784,5.153846153846154,2.613076923076923
205,2024-S18,2024,18,CRM Sales & Service,CRM Platform QA,Low,12.0,67.0,Test Execution,No,10.07,10.17,0,-0.09999999999999964,-0.9930486593843062,1.009930486593843,5.153846153846154,0.7746153846153846
205,2024-S18,2024,18,CRM Sales & Service,CRM Platform QA,Low,12.0,67.0,Regression Testing,No,24.0,24.9,0,-0.8999999999999986,-3.7499999999999942,1.0374999999999999,5.153846153846154,1.8461538461538463
205,2024-S18,2024,18,CRM Sales & Service,CRM Platform QA,Low,12.0,67.0,Defect Management,No,15.16,15.75,0,-0.5899999999999999,-3.8918205804749335,1.0389182058047493,5.153846153846154,1.166153846153846
206,2024-S18,2024,18,Billing & Payments,Billing & Payments QA,Medium,22.0,46.0,Test Planning,No,21.49,21.96,0,-0.4700000000000024,-2.187063750581677,1.0218706375058169,2.0,0.9343478260869564
206,2024-S18,2024,18,Billing & Payments,Billing & Payments QA,Medium,22.0,46.0,Test Design,Yes,19.5913,24.0,1,-4.4087,-22.50335608152598,1.2250335608152598,2.0,0.8517956521739131
206,2024-S18,2024,18,Billing & Payments,Billing & Payments QA,Medium,22.0,46.0,Automation Development,No,21.95,22.92,0,-0.9700000000000024,-4.419134396355364,1.0441913439635537,2.0,0.9543478260869565
206,2024-S18,2024,18,Billing & Payments,Billing & Payments QA,Medium,22.0,46.0,Test Execution,No,7.85,7.73,0,0.11999999999999922,1.5286624203821557,0.9847133757961785,2.0,0.34130434782608693
206,2024-S18,2024,18,Billing & Payments,Billing & Payments QA,Medium,22.0,46.0,Regression Testing,No,19.29,20.91,0,-1.620000000000001,-8.398133748055994,1.08398133748056,2.0,0.838695652173913
206,2024-S18,2024,18,Billing & Payments,Billing & Payments QA,Medium,22.0,46.0,Defect Management,No,16.96,15.73,0,1.2300000000000004,7.252358490566039,0.9274764150943396,2.0,0.7373913043478261
207,2024-S18,2024,18,Customer Web Portal,EIP-QA,Medium,13.0,87.0,Test Planning,No,14.0,17.08,0,-3.0799999999999983,-21.99999999999999,1.22,6.214285714285714,1.0
207,2024-S18,2024,18,Customer Web Portal,EIP-QA,Medium,13.0,87.0,Test Design,Yes,37.82,35.44,1,2.3800000000000026,6.292966684294031,0.9370703331570597,6.214285714285714,2.7014285714285715
207,2024-S18,2024,18,Customer Web Portal,EIP-QA,Medium,13.0,87.0,Automation Development,Yes,39.1664,28.1,1,11.066400000000002,28.254830671187552,0.7174516932881245,6.214285714285714,2.7976
207,2024-S18,2024,18,Customer Web Portal,EIP-QA,Medium,13.0,87.0,Test Execution,No,12.7,13.6,0,-0.9000000000000004,-7.086614173228349,1.0708661417322836,6.214285714285714,0.9071428571428571
207,2024-S18,2024,18,Customer Web Portal,EIP-QA,Medium,13.0,87.0,Regression Testing,Yes,25.4,17.8,1,7.599999999999998,29.921259842519675,0.7007874015748032,6.214285714285714,1.8142857142857143
207,2024-S18,2024,18,Customer Web Portal,EIP-QA,Medium,13.0,87.0,Defect Management,No,25.1869,26.8,0,-1.6130999999999993,-6.404519809901175,1.0640451980990118,6.214285714285714,1.7990642857142858
208,2024-S18,2024,18,API Integration Platform,API & Middleware QA,Medium,7.0,58.0,Test Planning,No,8.8,9.21,0,-0.41000000000000014,-4.659090909090911,1.0465909090909091,7.25,1.1
208,2024-S18,2024,18,API Integration Platform,API & Middleware QA,Medium,7.0,58.0,Test Design,Yes,24.55,20.64,1,3.91,15.926680244399186,0.8407331975560082,7.25,3.06875
208,2024-S18,2024,18,API Integration Platform,API & Middleware QA,Medium,7.0,58.0,Automation Development,Yes,19.9,21.0,1,-1.1000000000000014,-5.527638190954781,1.0552763819095479,7.25,2.4875
208,2024-S18,2024,18,API Integration Platform,API & Middleware QA,Medium,7.0,58.0,Test Execution,No,9.5,10.45,0,-0.9499999999999993,-9.999999999999993,1.0999999999999999,7.25,1.1875
208,2024-S18,2024,18,API Integration Platform,API & Middleware QA,Medium,7.0,58.0,Regression Testing,No,21.17,23.73,0,-2.5599999999999987,-12.092583845063762,1.1209258384506375,7.25,2.64625
208,2024-S18,2024,18,API Integration Platform,API & Middleware QA,Medium,7.0,58.0,Defect Management,No,12.7,13.0,0,-0.3000000000000007,-2.362204724409455,1.0236220472440944,7.25,1.5875
209,2024-S18,2024,18,Legacy Service Platform,Legacy Support QA,Medium,6.0,55.0,Test Planning,No,8.04,8.82,0,-0.7800000000000011,-9.701492537313449,1.0970149253731345,7.857142857142857,1.1485714285714284
209,2024-S18,2024,18,Legacy Service Platform,Legacy Support QA,Medium,6.0,55.0,Test Design,No,23.89,22.58,0,1.3100000000000023,5.48346588530767,0.9451653411469233,7.857142857142857,3.412857142857143
209,2024-S18,2024,18,Legacy Service Platform,Legacy Support QA,Medium,6.0,55.0,Automation Development,No,32.74,31.61,0,1.1300000000000026,3.45143555284057,0.9654856444715944,7.857142857142857,4.677142857142857
209,2024-S18,2024,18,Legacy Service Platform,Legacy Support QA,Medium,6.0,55.0,Test Execution,No,9.09,8.19,0,0.9000000000000004,9.900990099009906,0.9009900990099009,7.857142857142857,1.2985714285714285
209,2024-S18,2024,18,Legacy Service Platform,Legacy Support QA,Medium,6.0,55.0,Regression Testing,No,15.94,18.27,0,-2.33,-14.617314930991219,1.146173149309912,7.857142857142857,2.277142857142857
209,2024-S18,2024,18,Legacy Service Platform,Legacy Support QA,Medium,6.0,55.0,Defect Management,No,17.5,21.0,0,-3.5,-20.0,1.2,7.857142857142857,2.5
210,2024-S18,2024,18,Mobile Service App,Mobile & Web QE,Medium,9.0,106.0,Test Planning,No,10.4,12.52,0,-2.119999999999999,-20.384615384615376,1.2038461538461538,10.6,1.04
210,2024-S18,2024,18,Mobile Service App,Mobile & Web QE,Medium,9.0,106.0,Test Design,Yes,46.25,36.29,1,9.96,21.535135135135135,0.7846486486486486,10.6,4.625
210,2024-S18,2024,18,Mobile Service App,Mobile & Web QE,Medium,9.0,106.0,Automation Development,Yes,73.0,44.16,1,28.840000000000003,39.5068493150685,0.6049315068493151,10.6,7.3
210,2024-S18,2024,18,Mobile Service App,Mobile & Web QE,Medium,9.0,106.0,Test Execution,No,16.6261,17.47,0,-0.8438999999999979,-5.075754386175939,1.0507575438617593,10.6,1.6626100000000001
210,2024-S18,2024,18,Mobile Service App,Mobile & Web QE,Medium,9.0,106.0,Regression Testing,Yes,31.4,23.17,1,8.229999999999997,26.210191082802538,0.7378980891719746,10.6,3.1399999999999997
210,2024-S18,2024,18,Mobile Service App,Mobile & Web QE,Medium,9.0,106.0,Defect Management,No,23.06,24.0,0,-0.9400000000000013,-4.076322636600179,1.0407632263660018,10.6,2.306
211,2024-S19,2024,19,Customer Web Portal,EIP-QA,Medium,12.0,39.0,Test Planning,No,12.74,12.0,0,0.7400000000000002,5.808477237048667,0.9419152276295133,3.0,0.98
211,2024-S19,2024,19,Customer Web Portal,EIP-QA,Medium,12.0,39.0,Test Design,Yes,17.0,13.0,1,4.0,23.52941176470588,0.7647058823529411,3.0,1.3076923076923077
211,2024-S19,2024,19,Customer Web Portal,EIP-QA,Medium,12.0,39.0,Automation Development,Yes,16.22,12.2,1,4.02,24.78421701602959,0.752157829839704,3.0,1.2476923076923077
211,2024-S19,2024,19,Customer Web Portal,EIP-QA,Medium,12.0,39.0,Test Execution,No,6.3,6.99,0,-0.6900000000000004,-10.95238095238096,1.1095238095238096,3.0,0.4846153846153846
211,2024-S19,2024,19,Customer Web Portal,EIP-QA,Medium,12.0,39.0,Regression Testing,No,13.33,14.63,0,-1.3000000000000007,-9.752438109527386,1.097524381095274,3.0,1.0253846153846153
211,2024-S19,2024,19,Customer Web Portal,EIP-QA,Medium,12.0,39.0,Defect Management,No,11.04,12.52,0,-1.4800000000000004,-13.405797101449279,1.134057971014493,3.0,0.8492307692307691
212,2024-S19,2024,19,Mobile Service App,Mobile & Web QE,Medium,13.0,69.0,Test Planning,No,13.78,12.0,0,1.7799999999999994,12.917271407837442,0.8708272859216256,4.928571428571429,0.9842857142857142
212,2024-S19,2024,19,Mobile Service App,Mobile & Web QE,Medium,13.0,69.0,Test Design,Yes,29.6216,19.01,1,10.6116,35.82385826558997,0.6417614173441003,4.928571428571429,2.1158285714285716
212,2024-S19,2024,19,Mobile Service App,Mobile & Web QE,Medium,13.0,69.0,Automation Development,Yes,21.34,12.97,1,8.37,39.22211808809747,0.6077788191190253,4.928571428571429,1.5242857142857142
212,2024-S19,2024,19,Mobile Service App,Mobile & Web QE,Medium,13.0,69.0,Test Execution,No,11.28,11.7,0,-0.41999999999999993,-3.723404255319149,1.0372340425531914,4.928571428571429,0.8057142857142857
212,2024-S19,2024,19,Mobile Service App,Mobile & Web QE,Medium,13.0,69.0,Regression Testing,Yes,20.68,19.43,1,1.25,6.0444874274661515,0.9395551257253385,4.928571428571429,1.477142857142857
212,2024-S19,2024,19,Mobile Service App,Mobile & Web QE,Medium,13.0,69.0,Defect Management,No,22.0,21.74,0,0.26000000000000156,1.181818181818189,0.9881818181818182,4.928571428571429,1.5714285714285714
213,2024-S19,2024,19,Billing & Payments,Billing & Payments QA,Medium,5.0,64.0,Test Planning,No,6.39,7.0,0,-0.6100000000000003,-9.546165884194059,1.0954616588419406,10.666666666666666,1.065
213,2024-S19,2024,19,Billing & Payments,Billing & Payments QA,Medium,5.0,64.0,Test Design,Yes,22.83,20.6,1,2.229999999999997,9.767849321068756,0.9023215067893124,10.666666666666666,3.8049999999999997
213,2024-S19,2024,19,Billing & Payments,Billing & Payments QA,Medium,5.0,64.0,Automation Development,Yes,44.89,32.87,1,12.020000000000003,26.776564936511477,0.7322343506348852,10.666666666666666,7.4816666666666665
213,2024-S19,2024,19,Billing & Payments,Billing & Payments QA,Medium,5.0,64.0,Test Execution,No,9.02,9.9828,0,-0.9627999999999997,-10.674057649667402,1.106740576496674,10.666666666666666,1.5033333333333332
213,2024-S19,2024,19,Billing & Payments,Billing & Payments QA,Medium,5.0,64.0,Regression Testing,No,21.2,24.8,0,-3.6000000000000014,-16.981132075471706,1.169811320754717,10.666666666666666,3.533333333333333
213,2024-S19,2024,19,Billing & Payments,Billing & Payments QA,Medium,5.0,64.0,Defect Management,No,17.39,19.5,0,-2.1099999999999994,-12.133410005750427,1.1213341000575043,10.666666666666666,2.8983333333333334
214,2024-S19,2024,19,API Integration Platform,API & Middleware QA,Medium,8.0,57.0,Test Planning,No,9.86,10.56,0,-0.7000000000000011,-7.099391480730234,1.0709939148073024,6.333333333333333,1.0955555555555554
214,2024-S19,2024,19,API Integration Platform,API & Middleware QA,Medium,8.0,57.0,Test Design,Yes,25.2,15.75,1,9.45,37.5,0.625,6.333333333333333,2.8
214,2024-S19,2024,19,API Integration Platform,API & Middleware QA,Medium,8.0,57.0,Automation Development,Yes,32.44,27.0,1,5.439999999999998,16.769420468557332,0.8323057953144267,6.333333333333333,3.6044444444444443
214,2024-S19,2024,19,API Integration Platform,API & Middleware QA,Medium,8.0,57.0,Test Execution,No,9.22,9.27,0,-0.049999999999998934,-0.5422993492407693,1.0054229934924077,6.333333333333333,1.0244444444444445
214,2024-S19,2024,19,API Integration Platform,API & Middleware QA,Medium,8.0,57.0,Regression Testing,No,22.4,22.8563,0,-0.45630000000000237,-2.037053571428582,1.0203705357142858,6.333333333333333,2.488888888888889
214,2024-S19,2024,19,API Integration Platform,API & Middleware QA,Medium,8.0,57.0,Defect Management,No,9.5,9.77,0,-0.2699999999999996,-2.8421052631578902,1.028421052631579,6.333333333333333,1.0555555555555556
215,2024-S19,2024,19,CRM Sales & Service,CRM Platform QA,Medium,11.0,76.0,Test Planning,No,12.0,13.9,0,-1.9000000000000004,-15.833333333333336,1.1583333333333334,6.333333333333333,1.0
215,2024-S19,2024,19,CRM Sales & Service,CRM Platform QA,Medium,11.0,76.0,Test Design,Yes,33.6,26.53,1,7.07,21.041666666666668,0.7895833333333333,6.333333333333333,2.8000000000000003
215,2024-S19,2024,19,CRM Sales & Service,CRM Platform QA,Medium,11.0,76.0,Automation Development,No,45.55,67.8505,0,-22.3005,-48.9582875960483,1.489582875960483,6.333333333333333,3.795833333333333
215,2024-S19,2024,19,CRM Sales & Service,CRM Platform QA,Medium,11.0,76.0,Test Execution,Yes,11.4,10.7713,1,0.6287000000000003,5.514912280701757,0.9448508771929824,6.333333333333333,0.9500000000000001
215,2024-S19,2024,19,CRM Sales & Service,CRM Platform QA,Medium,11.0,76.0,Regression Testing,No,20.82,21.0,0,-0.17999999999999972,-0.8645533141210362,1.0086455331412103,6.333333333333333,1.735
215,2024-S19,2024,19,CRM Sales & Service,CRM Platform QA,Medium,11.0,76.0,Defect Management,No,13.91,10.15,0,3.76,27.03091301222142,0.7296908698777858,6.333333333333333,1.1591666666666667
216,2024-S20,2024,20,Enterprise Data Platform,Data Platform QA,Medium,12.0,77.0,Test Planning,No,14.0,13.12,0,0.8800000000000008,6.285714285714292,0.937142857142857,5.923076923076923,1.0769230769230769
216,2024-S20,2024,20,Enterprise Data Platform,Data Platform QA,Medium,12.0,77.0,Test Design,Yes,32.4,19.63,1,12.77,39.41358024691358,0.6058641975308642,5.923076923076923,2.4923076923076923
216,2024-S20,2024,20,Enterprise Data Platform,Data Platform QA,Medium,12.0,77.0,Automation Development,No,25.7,37.42,0,-11.720000000000002,-45.603112840466935,1.4560311284046694,5.923076923076923,1.9769230769230768
216,2024-S20,2024,20,Enterprise Data Platform,Data Platform QA,Medium,12.0,77.0,Test Execution,No,11.59,7.2,0,4.39,37.87748058671268,0.6212251941328731,5.923076923076923,0.8915384615384615
216,2024-S20,2024,20,Enterprise Data Platform,Data Platform QA,Medium,12.0,77.0,Regression Testing,No,14.26,17.5,0,-3.24,-22.720897615708278,1.2272089761570828,5.923076923076923,1.096923076923077
216,2024-S20,2024,20,Enterprise Data Platform,Data Platform QA,Medium,12.0,77.0,Defect Management,No,11.39,13.49,0,-2.0999999999999996,-18.437225636523262,1.1843722563652326,5.923076923076923,0.8761538461538462
217,2024-S20,2024,20,Billing & Payments,Billing & Payments QA,Medium,8.0,101.0,Test Planning,No,9.42,7.93,0,1.4900000000000002,15.817409766454354,0.8418259023354564,11.222222222222221,1.0466666666666666
217,2024-S20,2024,20,Billing & Payments,Billing & Payments QA,Medium,8.0,101.0,Test Design,Yes,44.87,34.42,1,10.449999999999996,23.289503008691767,0.7671049699130823,11.222222222222221,4.985555555555555
217,2024-S20,2024,20,Billing & Payments,Billing & Payments QA,Medium,8.0,101.0,Automation Development,No,37.23,35.9,0,1.3299999999999983,3.5723878592532863,0.9642761214074671,11.222222222222221,4.136666666666667
217,2024-S20,2024,20,Billing & Payments,Billing & Payments QA,Medium,8.0,101.0,Test Execution,No,15.26,14.5277,0,0.7323000000000004,4.798820445609439,0.9520117955439056,11.222222222222221,1.6955555555555555
217,2024-S20,2024,20,Billing & Payments,Billing & Payments QA,Medium,8.0,101.0,Regression Testing,No,24.9,20.6,0,4.299999999999997,17.269076305220874,0.8273092369477912,11.222222222222221,2.7666666666666666
217,2024-S20,2024,20,Billing & Payments,Billing & Payments QA,Medium,8.0,101.0,Defect Management,No,19.66,21.46,0,-1.8000000000000007,-9.155645981688712,1.0915564598168872,11.222222222222221,2.1844444444444444
218,2024-S20,2024,20,API Integration Platform,API & Middleware QA,High,14.0,39.0,Test Planning,No,17.8,18.5631,0,-0.7630999999999979,-4.287078651685381,1.0428707865168538,2.6,1.1866666666666668
218,2024-S20,2024,20,API Integration Platform,API & Middleware QA,High,14.0,39.0,Test Design,Yes,22.25,20.46,1,1.7899999999999991,8.044943820224715,0.9195505617977529,2.6,1.4833333333333334
218,2024-S20,2024,20,API Integration Platform,API & Middleware QA,High,14.0,39.0,Automation Development,Yes,26.66,20.13,1,6.530000000000001,24.493623405851466,0.7550637659414853,2.6,1.7773333333333334
218,2024-S20,2024,20,API Integration Platform,API & Middleware QA,High,14.0,39.0,Test Execution,No,7.95,7.95,0,0.0,0.0,1.0,2.6,0.53
218,2024-S20,2024,20,API Integration Platform,API & Middleware QA,High,14.0,39.0,Regression Testing,No,18.0,18.64,0,-0.6400000000000006,-3.555555555555559,1.0355555555555556,2.6,1.2
218,2024-S20,2024,20,API Integration Platform,API & Middleware QA,High,14.0,39.0,Defect Management,No,8.4,7.27,0,1.1300000000000008,13.45238095238096,0.8654761904761904,2.6,0.56
219,2024-S20,2024,20,API Integration Platform,API & Middleware QA,High,14.0,39.0,Test Planning,No,17.8,18.5631,0,-0.7630999999999979,-4.287078651685381,1.0428707865168538,2.6,1.1866666666666668
219,2024-S20,2024,20,API Integration Platform,API & Middleware QA,High,14.0,39.0,Test Design,Yes,22.25,20.46,1,1.7899999999999991,8.044943820224715,0.9195505617977529,2.6,1.4833333333333334
219,2024-S20,2024,20,API Integration Platform,API & Middleware QA,High,14.0,39.0,Automation Development,Yes,26.66,20.13,1,6.530000000000001,24.493623405851466,0.7550637659414853,2.6,1.7773333333333334
219,2024-S20,2024,20,API Integration Platform,API & Middleware QA,High,14.0,39.0,Test Execution,No,7.95,7.96,0,-0.009999999999999787,-0.12578616352200991,1.0012578616352201,2.6,0.53
219,2024-S20,2024,20,API Integration Platform,API & Middleware QA,High,14.0,39.0,Regression Testing,No,18.0,18.64,0,-0.6400000000000006,-3.555555555555559,1.0355555555555556,2.6,1.2
219,2024-S20,2024,20,API Integration Platform,API & Middleware QA,High,14.0,39.0,Defect Management,No,8.4,7.27,0,1.1300000000000008,13.45238095238096,0.8654761904761904,2.6,0.56
220,2024-S20,2024,20,Mobile Service App,Mobile & Web QE,Medium,10.0,60.0,Test Planning,No,11.52,12.3,0,-0.7800000000000011,-6.770833333333344,1.0677083333333335,5.454545454545454,1.0472727272727271
220,2024-S20,2024,20,Mobile Service App,Mobile & Web QE,Medium,10.0,60.0,Test Design,Yes,25.28,18.61,1,6.670000000000002,26.384493670886084,0.7361550632911392,5.454545454545454,2.2981818181818183
220,2024-S20,2024,20,Mobile Service App,Mobile & Web QE,Medium,10.0,60.0,Automation Development,No,38.96,38.63,0,0.3299999999999983,0.8470225872689894,0.9915297741273101,5.454545454545454,3.541818181818182
220,2024-S20,2024,20,Mobile Service App,Mobile & Web QE,Medium,10.0,60.0,Test Execution,Yes,10.1907,9.7,1,0.49070000000000036,4.815174619996667,0.9518482538000334,5.454545454545454,0.9264272727272727
220,2024-S20,2024,20,Mobile Service App,Mobile & Web QE,Medium,10.0,60.0,Regression Testing,Yes,15.54,8.8,1,6.739999999999998,43.37194337194337,0.5662805662805663,5.454545454545454,1.4127272727272726
220,2024-S20,2024,20,Mobile Service App,Mobile & Web QE,Medium,10.0,60.0,Defect Management,No,19.04,19.0,0,0.03999999999999915,0.2100840336134409,0.9978991596638656,5.454545454545454,1.7309090909090907
221,2024-S20,2024,20,CRM Sales & Service,CRM Platform QA,Low,7.0,107.0,Test Planning,No,9.6,10.44,0,-0.8399999999999999,-8.75,1.0875,13.375,1.2
221,2024-S20,2024,20,CRM Sales & Service,CRM Platform QA,Low,7.0,107.0,Test Design,Yes,58.0,33.13,1,24.869999999999997,42.87931034482758,0.5712068965517242,13.375,7.25
221,2024-S20,2024,20,CRM Sales & Service,CRM Platform QA,Low,7.0,107.0,Automation Development,Yes,69.1,86.33,1,-17.230000000000004,-24.93487698986976,1.2493487698986976,13.375,8.6375
221,2024-S20,2024,20,CRM Sales & Service,CRM Platform QA,Low,7.0,107.0,Test Execution,No,18.73,19.99,0,-1.259999999999998,-6.727175654030955,1.0672717565403096,13.375,2.34125
221,2024-S20,2024,20,CRM Sales & Service,CRM Platform QA,Low,7.0,107.0,Regression Testing,Yes,22.0,13.57,1,8.43,38.31818181818182,0.6168181818181818,13.375,2.75
221,2024-S20,2024,20,CRM Sales & Service,CRM Platform QA,Low,7.0,107.0,Defect Management,No,31.4,34.65,0,-3.25,-10.35031847133758,1.1035031847133758,13.375,3.925
222,2024-S20,2024,20,Customer Web Portal,EIP-QA,Low,12.0,68.0,Test Planning,No,11.4,12.8,0,-1.4000000000000004,-12.280701754385968,1.1228070175438596,5.230769230769231,0.8769230769230769
222,2024-S20,2024,20,Customer Web Portal,EIP-QA,Low,12.0,68.0,Test Design,Yes,24.91,20.36,1,4.550000000000001,18.26575672420715,0.8173424327579285,5.230769230769231,1.916153846153846
222,2024-S20,2024,20,Customer Web Portal,EIP-QA,Low,12.0,68.0,Automation Development,No,34.3,31.33,0,2.969999999999999,8.65889212827988,0.9134110787172012,5.230769230769231,2.6384615384615384
222,2024-S20,2024,20,Customer Web Portal,EIP-QA,Low,12.0,68.0,Test Execution,No,9.09,9.37,0,-0.27999999999999936,-3.0803080308030735,1.0308030803080308,5.230769230769231,0.6992307692307692
222,2024-S20,2024,20,Customer Web Portal,EIP-QA,Low,12.0,68.0,Regression Testing,Yes,14.28,11.4,1,2.879999999999999,20.168067226890752,0.7983193277310925,5.230769230769231,1.0984615384615384
222,2024-S20,2024,20,Customer Web Portal,EIP-QA,Low,12.0,68.0,Defect Management,No,15.74,17.15,0,-1.4099999999999984,-8.958068614993635,1.0895806861499364,5.230769230769231,1.2107692307692308
223,2024-S20,2024,20,ERP Operations,ERP Operations QA,Medium,8.0,75.0,Test Planning,No,9.72,11.11,0,-1.3899999999999988,-14.300411522633732,1.1430041152263373,8.333333333333334,1.08
223,2024-S20,2024,20,ERP Operations,ERP Operations QA,Medium,8.0,75.0,Test Design,No,30.9558,30.9,0,0.055800000000001404,0.18025701161010668,0.9981974298838989,8.333333333333334,3.4395333333333333
223,2024-S20,2024,20,ERP Operations,ERP Operations QA,Medium,8.0,75.0,Automation Development,No,32.31,30.69,0,1.620000000000001,5.013927576601674,0.9498607242339833,8.333333333333334,3.5900000000000003
223,2024-S20,2024,20,ERP Operations,ERP Operations QA,Medium,8.0,75.0,Test Execution,No,12.0,12.45,0,-0.4499999999999993,-3.7499999999999942,1.0374999999999999,8.333333333333334,1.3333333333333333
223,2024-S20,2024,20,ERP Operations,ERP Operations QA,Medium,8.0,75.0,Regression Testing,No,29.0,30.8,0,-1.8000000000000007,-6.206896551724141,1.0620689655172415,8.333333333333334,3.2222222222222223
223,2024-S20,2024,20,ERP Operations,ERP Operations QA,Medium,8.0,75.0,Defect Management,No,28.39,28.18,0,0.21000000000000085,0.7396970764353676,0.9926030292356464,8.333333333333334,3.1544444444444446
224,2025-S01,2025,1,API Integration Platform,API & Middleware QA,High,8.0,101.0,Test Planning,No,11.4,22.08,0,-10.679999999999998,-93.68421052631577,1.9368421052631577,11.222222222222221,1.2666666666666666
224,2025-S01,2025,1,API Integration Platform,API & Middleware QA,High,8.0,101.0,Test Design,Yes,52.39,,1,,,,11.222222222222221,5.821111111111112
224,2025-S01,2025,1,API Integration Platform,API & Middleware QA,High,8.0,101.0,Automation Development,Yes,73.84,97.22,1,-23.379999999999995,-31.663055254604544,1.3166305525460453,11.222222222222221,8.204444444444444
224,2025-S01,2025,1,API Integration Platform,API & Middleware QA,High,8.0,101.0,Test Execution,No,19.34,19.4,0,-0.05999999999999872,-0.3102378490175735,1.0031023784901758,11.222222222222221,2.148888888888889
224,2025-S01,2025,1,API Integration Platform,API & Middleware QA,High,8.0,101.0,Regression Testing,No,45.32,48.0,0,-2.6799999999999997,-5.913503971756398,1.059135039717564,11.222222222222221,5.035555555555556
224,2025-S01,2025,1,API Integration Platform,API & Middleware QA,High,8.0,101.0,Defect Management,No,21.5,22.33,0,-0.8299999999999983,-3.860465116279062,1.0386046511627907,11.222222222222221,2.388888888888889
225,2025-S01,2025,1,Billing & Payments,Billing & Payments QA,High,14.0,98.0,Test Planning,No,17.55,17.86,0,-0.3099999999999987,-1.766381766381759,1.0176638176638175,6.533333333333333,1.1700000000000002
225,2025-S01,2025,1,Billing & Payments,Billing & Payments QA,High,14.0,98.0,Test Design,Yes,52.53,41.53,1,11.0,20.940415000951837,0.7905958499904816,6.533333333333333,3.5020000000000002
225,2025-S01,2025,1,Billing & Payments,Billing & Payments QA,High,14.0,98.0,Automation Development,No,47.0,49.3784,0,-2.378399999999999,-5.060425531914891,1.050604255319149,6.533333333333333,3.1333333333333333
225,2025-S01,2025,1,Billing & Payments,Billing & Payments QA,High,14.0,98.0,Test Execution,No,18.2,26.4,0,-8.2,-45.05494505494505,1.4505494505494505,6.533333333333333,1.2133333333333334
225,2025-S01,2025,1,Billing & Payments,Billing & Payments QA,High,14.0,98.0,Regression Testing,No,25.9,26.0,0,-0.10000000000000142,-0.3861003861003916,1.0038610038610039,6.533333333333333,1.7266666666666666
225,2025-S01,2025,1,Billing & Payments,Billing & Payments QA,High,14.0,98.0,Defect Management,No,26.8,28.44,0,-1.6400000000000006,-6.119402985074629,1.0611940298507463,6.533333333333333,1.7866666666666666
226,2025-S01,2025,1,Customer Web Portal,EIP-QA,High,14.0,60.0,Test Planning,No,18.69,19.0,0,-0.3099999999999987,-1.6586409844836743,1.0165864098448367,4.0,1.246
226,2025-S01,2025,1,Customer Web Portal,EIP-QA,High,14.0,60.0,Test Design,Yes,31.53,22.34,1,9.190000000000001,29.146844275293375,0.7085315572470663,4.0,2.102
226,2025-S01,2025,1,Customer Web Portal,EIP-QA,High,14.0,60.0,Automation Development,Yes,45.82,31.17,1,14.649999999999999,31.972937581841986,0.6802706241815801,4.0,3.054666666666667
226,2025-S01,2025,1,Customer Web Portal,EIP-QA,High,14.0,60.0,Test Execution,No,11.17,12.2,0,-1.0299999999999994,-9.221128021486118,1.0922112802148611,4.0,0.7446666666666667
226,2025-S01,2025,1,Customer Web Portal,EIP-QA,High,14.0,60.0,Regression Testing,Yes,18.6,10.97,1,7.630000000000001,41.02150537634409,0.5897849462365591,4.0,1.24
226,2025-S01,2025,1,Customer Web Portal,EIP-QA,High,14.0,60.0,Defect Management,No,14.37,12.87,0,1.5,10.438413361169104,0.8956158663883089,4.0,0.958
227,2025-S01,2025,1,Mobile Service App,Mobile & Web QE,Medium,13.0,94.0,Test Planning,Yes,14.48,14.17,1,0.3100000000000005,2.1408839779005557,0.9785911602209945,6.714285714285714,1.0342857142857143
227,2025-S01,2025,1,Mobile Service App,Mobile & Web QE,Medium,13.0,94.0,Test Design,Yes,41.16,35.2,1,5.959999999999994,14.480077745383854,0.8551992225461614,6.714285714285714,2.94
227,2025-S01,2025,1,Mobile Service App,Mobile & Web QE,Medium,13.0,94.0,Automation Development,Yes,39.0,29.87,1,9.129999999999999,23.41025641025641,0.765897435897436,6.714285714285714,2.7857142857142856
227,2025-S01,2025,1,Mobile Service App,Mobile & Web QE,Medium,13.0,94.0,Test Execution,No,14.34,14.1,0,0.2400000000000002,1.6736401673640184,0.9832635983263598,6.714285714285714,1.0242857142857142
227,2025-S01,2025,1,Mobile Service App,Mobile & Web QE,Medium,13.0,94.0,Regression Testing,Yes,25.73,22.9,1,2.830000000000002,10.99883404586087,0.8900116595413913,6.714285714285714,1.8378571428571429
227,2025-S01,2025,1,Mobile Service App,Mobile & Web QE,Medium,13.0,94.0,Defect Management,No,19.19,18.95,0,0.240000000000002,1.2506513809275766,0.9874934861907242,6.714285714285714,1.3707142857142858
228,2025-S01,2025,1,CRM Sales & Service,CRM Platform QA,Medium,11.0,67.0,Test Planning,No,12.03,13.53,0,-1.5,-12.468827930174564,1.1246882793017456,5.583333333333333,1.0025
228,2025-S01,2025,1,CRM Sales & Service,CRM Platform QA,Medium,11.0,67.0,Test Design,Yes,29.85,20.68,1,9.170000000000002,30.720268006700174,0.6927973199329983,5.583333333333333,2.4875000000000003
228,2025-S01,2025,1,CRM Sales & Service,CRM Platform QA,Medium,11.0,67.0,Automation Development,Yes,,21.5,1,,,,5.583333333333333,
228,2025-S01,2025,1,CRM Sales & Service,CRM Platform QA,Medium,11.0,67.0,Test Execution,No,10.0,11.2,0,-1.1999999999999993,-11.999999999999993,1.1199999999999999,5.583333333333333,0.8333333333333334
228,2025-S01,2025,1,CRM Sales & Service,CRM Platform QA,Medium,11.0,67.0,Regression Testing,Yes,20.76,15.0,1,5.760000000000002,27.745664739884397,0.722543352601156,5.583333333333333,1.7300000000000002
228,2025-S01,2025,1,CRM Sales & Service,CRM Platform QA,Medium,11.0,67.0,Defect Management,No,14.16,15.33,0,-1.17,-8.262711864406779,1.0826271186440677,5.583333333333333,1.18
229,2025-S02,2025,2,ERP Operations,ERP Operations QA,High,8.0,74.0,Test Planning,No,12.53,25.31,0,-12.78,-101.99521149241819,2.019952114924182,8.222222222222221,1.3922222222222222
229,2025-S02,2025,2,ERP Operations,ERP Operations QA,High,8.0,74.0,Test Design,No,40.65,40.11,0,0.5399999999999991,1.3284132841328393,0.9867158671586717,8.222222222222221,4.516666666666667
229,2025-S02,2025,2,ERP Operations,ERP Operations QA,High,8.0,74.0,Automation Development,No,66.84,70.0,0,-3.1599999999999966,-4.7277079593058,1.047277079593058,8.222222222222221,7.426666666666667
229,2025-S02,2025,2,ERP Operations,ERP Operations QA,High,8.0,74.0,Test Execution,No,14.35,15.15,0,-0.8000000000000007,-5.5749128919860675,1.0557491289198606,8.222222222222221,1.5944444444444443
229,2025-S02,2025,2,ERP Operations,ERP Operations QA,High,8.0,74.0,Regression Testing,No,38.7,46.89,0,-8.189999999999998,-21.16279069767441,1.2116279069767442,8.222222222222221,4.300000000000001
229,2025-S02,2025,2,ERP Operations,ERP Operations QA,High,8.0,74.0,Defect Management,No,28.0,33.47,0,-5.469999999999999,-19.53571428571428,1.1953571428571428,8.222222222222221,3.111111111111111
230,2025-S02,2025,2,Legacy Service Platform,Legacy Support QA,High,9.0,60.0,Test Planning,No,13.0,12.6,0,0.40000000000000036,3.0769230769230793,0.9692307692307692,6.0,1.3
230,2025-S02,2025,2,Legacy Service Platform,Legacy Support QA,High,9.0,60.0,Test Design,No,32.98,30.63,0,2.349999999999998,7.125530624620977,0.9287446937537902,6.0,3.2979999999999996
230,2025-S02,2025,2,Legacy Service Platform,Legacy Support QA,High,9.0,60.0,Automation Development,No,39.13,37.9,0,1.230000000000004,3.14336825964734,0.9685663174035266,6.0,3.9130000000000003
230,2025-S02,2025,2,Legacy Service Platform,Legacy Support QA,High,9.0,60.0,Test Execution,No,11.71,14.23,0,-2.5199999999999996,-21.520068317677193,1.2152006831767719,6.0,1.171
230,2025-S02,2025,2,Legacy Service Platform,Legacy Support QA,High,9.0,60.0,Regression Testing,No,28.18,28.0,0,0.17999999999999972,0.638750887154009,0.99361249112846,6.0,2.818
230,2025-S02,2025,2,Legacy Service Platform,Legacy Support QA,High,9.0,60.0,Defect Management,No,19.1,17.88,0,1.2200000000000024,6.387434554973834,0.9361256544502616,6.0,1.9100000000000001
231,2025-S02,2025,2,Billing & Payments,Billing & Payments QA,High,16.0,103.0,Test Planning,No,20.5,17.53,0,2.969999999999999,14.487804878048774,0.8551219512195123,6.0588235294117645,1.2058823529411764
231,2025-S02,2025,2,Billing & Payments,Billing & Payments QA,High,16.0,103.0,Test Design,Yes,52.97,44.39,1,8.579999999999998,16.197847838399092,0.8380215216160091,6.0588235294117645,3.1158823529411763
231,2025-S02,2025,2,Billing & Payments,Billing & Payments QA,High,16.0,103.0,Automation Development,No,87.22,97.11,0,-9.89,-11.339142398532449,1.1133914239853244,6.0588235294117645,5.130588235294118
231,2025-S02,2025,2,Billing & Payments,Billing & Payments QA,High,16.0,103.0,Test Execution,No,19.7,17.42,0,2.2799999999999976,11.573604060913693,0.8842639593908631,6.0588235294117645,1.1588235294117646
231,2025-S02,2025,2,Billing & Payments,Billing & Payments QA,High,16.0,103.0,Regression Testing,No,51.36,63.21,0,-11.850000000000001,-23.07242990654206,1.2307242990654206,6.0588235294117645,3.021176470588235
231,2025-S02,2025,2,Billing & Payments,Billing & Payments QA,High,16.0,103.0,Defect Management,No,17.9,14.2,0,3.6999999999999993,20.670391061452513,0.7932960893854749,6.0588235294117645,1.052941176470588
232,2025-S02,2025,2,Customer Web Portal,EIP-QA,Medium,12.0,66.0,Test Planning,No,13.0,14.0,0,-1.0,-7.6923076923076925,1.0769230769230769,5.076923076923077,1.0
232,2025-S02,2025,2,Customer Web Portal,EIP-QA,Medium,12.0,66.0,Test Design,Yes,28.01,25.71,1,2.3000000000000007,8.211353088182793,0.9178864691181721,5.076923076923077,2.1546153846153846
232,2025-S02,2025,2,Customer Web Portal,EIP-QA,Medium,12.0,66.0,Automation Development,Yes,39.23,38.48,1,0.75,1.9118021921998474,0.9808819780780015,5.076923076923077,3.0176923076923075
232,2025-S02,2025,2,Customer Web Portal,EIP-QA,Medium,12.0,66.0,Test Execution,Yes,10.77,12.67,1,-1.9000000000000004,-17.64159702878366,1.1764159702878367,5.076923076923077,0.8284615384615385
232,2025-S02,2025,2,Customer Web Portal,EIP-QA,Medium,12.0,66.0,Regression Testing,No,15.6,15.8,0,-0.20000000000000107,-1.282051282051289,1.012820512820513,5.076923076923077,1.2
232,2025-S02,2025,2,Customer Web Portal,EIP-QA,Medium,12.0,66.0,Defect Management,Yes,16.97,13.12,1,3.8499999999999996,22.68709487330583,0.7731290512669416,5.076923076923077,1.3053846153846154
233,2025-S02,2025,2,API Integration Platform,API & Middleware QA,Medium,17.0,71.0,Test Planning,No,17.1,17.3,0,-0.1999999999999993,-1.1695906432748495,1.0116959064327484,3.9444444444444446,0.9500000000000001
233,2025-S02,2025,2,API Integration Platform,API & Middleware QA,Medium,17.0,71.0,Test Design,Yes,29.84,23.8,1,6.039999999999999,20.241286863270773,0.7975871313672922,3.9444444444444446,1.6577777777777778
233,2025-S02,2025,2,API Integration Platform,API & Middleware QA,Medium,17.0,71.0,Automation Development,Yes,36.19,39.78,1,-3.5900000000000034,-9.919867366675888,1.099198673666759,3.9444444444444446,2.0105555555555554
233,2025-S02,2025,2,API Integration Platform,API & Middleware QA,Medium,17.0,71.0,Test Execution,No,11.0,11.4,0,-0.40000000000000036,-3.63636363636364,1.0363636363636364,3.9444444444444446,0.6111111111111112
233,2025-S02,2025,2,API Integration Platform,API & Middleware QA,Medium,17.0,71.0,Regression Testing,Yes,21.32,18.8,1,2.5199999999999996,11.819887429643524,0.8818011257035647,3.9444444444444446,1.1844444444444444
233,2025-S02,2025,2,API Integration Platform,API & Middleware QA,Medium,17.0,71.0,Defect Management,No,11.85,13.0,0,-1.1500000000000004,-9.704641350210974,1.0970464135021096,3.9444444444444446,0.6583333333333333
234,2025-S02,2025,2,Mobile Service App,Mobile & Web QE,Medium,11.0,57.0,Test Planning,No,13.01,13.47,0,-0.46000000000000085,-3.535741737125295,1.035357417371253,4.75,1.0841666666666667
234,2025-S02,2025,2,Mobile Service App,Mobile & Web QE,Medium,11.0,57.0,Test Design,Yes,24.3042,17.9,1,6.404200000000003,26.350178158507592,0.736498218414924,4.75,2.02535
234,2025-S02,2025,2,Mobile Service App,Mobile & Web QE,Medium,11.0,57.0,Automation Development,Yes,36.6,27.0,1,9.600000000000001,26.229508196721312,0.7377049180327868,4.75,3.0500000000000003
234,2025-S02,2025,2,Mobile Service App,Mobile & Web QE,Medium,11.0,57.0,Test Execution,No,9.07,9.2638,0,-0.19379999999999953,-2.1367144432193994,1.021367144432194,4.75,0.7558333333333334
234,2025-S02,2025,2,Mobile Service App,Mobile & Web QE,Medium,11.0,57.0,Regression Testing,Yes,14.83,12.61,1,2.2200000000000006,14.969656102494946,0.8503034389750506,4.75,1.2358333333333333
234,2025-S02,2025,2,Mobile Service App,Mobile & Web QE,Medium,11.0,57.0,Defect Management,No,16.1,18.2125,0,-2.112499999999997,-13.121118012422341,1.1312111801242235,4.75,1.3416666666666668
235,2025-S02,2025,2,CRM Sales & Service,CRM Platform QA,Medium,13.0,62.0,Test Planning,No,12.62,12.74,0,-0.120000000000001,-0.9508716323296436,1.0095087163232965,4.428571428571429,0.9014285714285714
235,2025-S02,2025,2,CRM Sales & Service,CRM Platform QA,Medium,13.0,62.0,Test Design,Yes,22.28,17.2,1,5.080000000000002,22.800718132854588,0.7719928186714542,4.428571428571429,1.5914285714285714
235,2025-S02,2025,2,CRM Sales & Service,CRM Platform QA,Medium,13.0,62.0,Automation Development,Yes,34.9,28.42,1,6.479999999999997,18.567335243553,0.81432664756447,4.428571428571429,2.492857142857143
235,2025-S02,2025,2,CRM Sales & Service,CRM Platform QA,Medium,13.0,62.0,Test Execution,Yes,8.5,9.15,1,-0.6500000000000004,-7.647058823529417,1.076470588235294,4.428571428571429,0.6071428571428571
235,2025-S02,2025,2,CRM Sales & Service,CRM Platform QA,Medium,13.0,62.0,Regression Testing,Yes,11.8,9.83,1,1.9700000000000006,16.69491525423729,0.833050847457627,4.428571428571429,0.8428571428571429
235,2025-S02,2025,2,CRM Sales & Service,CRM Platform QA,Medium,13.0,62.0,Defect Management,No,8.5,8.24,0,0.2599999999999998,3.0588235294117623,0.9694117647058824,4.428571428571429,0.6071428571428571
236,2025-S03,2025,3,Billing & Payments,Billing & Payments QA,Medium,13.0,99.0,Test Planning,No,14.03,12.6,0,1.4299999999999997,10.192444761225943,0.8980755523877406,7.071428571428571,1.002142857142857
236,2025-S03,2025,3,Billing & Payments,Billing & Payments QA,Medium,13.0,99.0,Test Design,Yes,43.51,33.0,1,10.509999999999998,24.155366582394848,0.7584463341760516,7.071428571428571,3.1078571428571427
236,2025-S03,2025,3,Billing & Payments,Billing & Payments QA,Medium,13.0,99.0,Automation Development,No,45.75,51.42,0,-5.670000000000002,-12.393442622950824,1.1239344262295083,7.071428571428571,3.267857142857143
236,2025-S03,2025,3,Billing & Payments,Billing & Payments QA,Medium,13.0,99.0,Test Execution,No,14.32,16.38,0,-2.0599999999999987,-14.385474860335187,1.143854748603352,7.071428571428571,1.022857142857143
236,2025-S03,2025,3,Billing & Payments,Billing & Payments QA,Medium,13.0,99.0,Regression Testing,No,36.2,36.69,0,-0.4899999999999949,-1.3535911602209802,1.0135359116022098,7.071428571428571,2.585714285714286
236,2025-S03,2025,3,Billing & Payments,Billing & Payments QA,Medium,13.0,99.0,Defect Management,No,15.16,16.0,0,-0.8399999999999999,-5.5408970976253284,1.0554089709762533,7.071428571428571,1.082857142857143
238,2025-S03,2025,3,Customer Web Portal,EIP-QA,High,5.0,35.0,Test Planning,No,7.99,7.57,0,0.41999999999999993,5.2565707133917385,0.9474342928660826,5.833333333333333,1.3316666666666668
238,2025-S03,2025,3,Customer Web Portal,EIP-QA,High,5.0,35.0,Test Design,Yes,19.75,,1,,,,5.833333333333333,3.2916666666666665
238,2025-S03,2025,3,Customer Web Portal,EIP-QA,High,5.0,35.0,Automation Development,Yes,26.6,21.95,1,4.650000000000002,17.481203007518804,0.8251879699248119,5.833333333333333,4.433333333333334
238,2025-S03,2025,3,Customer Web Portal,EIP-QA,High,5.0,35.0,Test Execution,No,6.9427,6.99,0,-0.0472999999999999,-0.6812911403344505,1.0068129114033446,5.833333333333333,1.1571166666666668
238,2025-S03,2025,3,Customer Web Portal,EIP-QA,High,5.0,35.0,Regression Testing,Yes,13.44,11.11,1,2.33,17.336309523809526,0.8266369047619048,5.833333333333333,2.2399999999999998
238,2025-S03,2025,3,Customer Web Portal,EIP-QA,High,5.0,35.0,Defect Management,Yes,10.0,8.33,1,1.67,16.7,0.833,5.833333333333333,1.6666666666666667
239,2025-S03,2025,3,CRM Sales & Service,CRM Platform QA,High,8.0,79.0,Test Planning,No,,9.65,0,,,,8.777777777777779,
239,2025-S03,2025,3,CRM Sales & Service,CRM Platform QA,High,8.0,79.0,Test Design,Yes,33.0,43.0,1,-10.0,-30.303030303030305,1.303030303030303,8.777777777777779,3.6666666666666665
239,2025-S03,2025,3,CRM Sales & Service,CRM Platform QA,High,8.0,79.0,Automation Development,Yes,34.0,27.64,1,6.359999999999999,18.705882352941174,0.8129411764705883,8.777777777777779,3.7777777777777777
239,2025-S03,2025,3,CRM Sales & Service,CRM Platform QA,High,8.0,79.0,Test Execution,No,12.07,12.02,0,0.05000000000000071,0.41425020712510946,0.9958574979287489,8.777777777777779,1.3411111111111111
239,2025-S03,2025,3,CRM Sales & Service,CRM Platform QA,High,8.0,79.0,Regression Testing,Yes,31.7,22.0,1,9.7,30.5993690851735,0.694006309148265,8.777777777777779,3.522222222222222
239,2025-S03,2025,3,CRM Sales & Service,CRM Platform QA,High,8.0,79.0,Defect Management,No,18.8148,18.88,0,-0.06519999999999726,-0.3465357059336121,1.0034653570593361,8.777777777777779,2.0905333333333336
240,2025-S03,2025,3,ERP Operations,ERP Operations QA,High,8.0,80.0,Test Planning,No,11.09,13.12,0,-2.0299999999999994,-18.304779080252473,1.1830477908025248,8.88888888888889,1.232222222222222
240,2025-S03,2025,3,ERP Operations,ERP Operations QA,High,8.0,80.0,Test Design,No,44.26,46.2,0,-1.9400000000000048,-4.383190239493911,1.0438319023949392,8.88888888888889,4.917777777777777
240,2025-S03,2025,3,ERP Operations,ERP Operations QA,High,8.0,80.0,Automation Development,No,63.9,65.04,0,-1.1400000000000077,-1.784037558685458,1.0178403755868546,8.88888888888889,7.1
240,2025-S03,2025,3,ERP Operations,ERP Operations QA,High,8.0,80.0,Test Execution,No,15.3,17.28,0,-1.9800000000000004,-12.941176470588237,1.1294117647058823,8.88888888888889,1.7000000000000002
240,2025-S03,2025,3,ERP Operations,ERP Operations QA,High,8.0,80.0,Regression Testing,No,28.33,33.21,0,-4.880000000000003,-17.22555594775857,1.1722555594775856,8.88888888888889,3.147777777777778
240,2025-S03,2025,3,ERP Operations,ERP Operations QA,High,8.0,80.0,Defect Management,No,28.0,29.61,0,-1.6099999999999994,-5.749999999999998,1.0574999999999999,8.88888888888889,3.111111111111111
241,2025-S03,2025,3,API Integration Platform,API & Middleware QA,Low,11.0,115.0,Test Planning,No,12.5388,12.05,0,0.48879999999999946,3.898299677800104,0.961017003221999,9.583333333333334,1.0449
241,2025-S03,2025,3,API Integration Platform,API & Middleware QA,Low,11.0,115.0,Test Design,Yes,49.98,31.53,1,18.449999999999996,36.91476590636254,0.6308523409363747,9.583333333333334,4.165
241,2025-S03,2025,3,API Integration Platform,API & Middleware QA,Low,11.0,115.0,Automation Development,Yes,57.27,47.57,1,9.700000000000003,16.937314475292478,0.8306268552470752,9.583333333333334,4.7725
241,2025-S03,2025,3,API Integration Platform,API & Middleware QA,Low,11.0,115.0,Test Execution,No,18.0,17.26,0,0.7399999999999984,4.111111111111102,0.958888888888889,9.583333333333334,1.5
241,2025-S03,2025,3,API Integration Platform,API & Middleware QA,Low,11.0,115.0,Regression Testing,Yes,32.0,21.3,1,10.7,33.4375,0.665625,9.583333333333334,2.6666666666666665
241,2025-S03,2025,3,API Integration Platform,API & Middleware QA,Low,11.0,115.0,Defect Management,Yes,29.18,45.9,1,-16.72,-57.2995202193283,1.572995202193283,9.583333333333334,2.4316666666666666
242,2025-S04,2025,4,ERP Operations,ERP Operations QA,Medium,9.0,52.0,Test Planning,No,13.0,13.69,0,-0.6899999999999995,-5.307692307692304,1.053076923076923,5.2,1.3
242,2025-S04,2025,4,ERP Operations,ERP Operations QA,Medium,9.0,52.0,Test Design,No,28.42,28.0,0,0.4200000000000017,1.4778325123152767,0.9852216748768472,5.2,2.842
242,2025-S04,2025,4,ERP Operations,ERP Operations QA,Medium,9.0,52.0,Automation Development,No,43.72,45.24,0,-1.5200000000000031,-3.476669716376951,1.0347666971637695,5.2,4.372
242,2025-S04,2025,4,ERP Operations,ERP Operations QA,Medium,9.0,52.0,Test Execution,No,10.98,11.04,0,-0.05999999999999872,-0.5464480874316823,1.0054644808743167,5.2,1.098
242,2025-S04,2025,4,ERP Operations,ERP Operations QA,Medium,9.0,52.0,Regression Testing,No,17.3,15.52,0,1.7800000000000011,10.289017341040468,0.8971098265895953,5.2,1.73
242,2025-S04,2025,4,ERP Operations,ERP Operations QA,Medium,9.0,52.0,Defect Management,No,17.1,17.0,0,0.10000000000000142,0.5847953216374352,0.9941520467836257,5.2,1.7100000000000002
243,2025-S04,2025,4,CRM Sales & Service,CRM Platform QA,Medium,4.0,90.0,Test Planning,No,5.7,5.68,0,0.020000000000000462,0.3508771929824642,0.9964912280701753,18.0,1.1400000000000001
243,2025-S04,2025,4,CRM Sales & Service,CRM Platform QA,Medium,4.0,90.0,Test Design,Yes,39.0,32.1,1,6.899999999999999,17.692307692307686,0.8230769230769232,18.0,7.8
243,2025-S04,2025,4,CRM Sales & Service,CRM Platform QA,Medium,4.0,90.0,Automation Development,No,36.7,36.11,0,0.5900000000000034,1.6076294277929246,0.9839237057220708,18.0,7.340000000000001
243,2025-S04,2025,4,CRM Sales & Service,CRM Platform QA,Medium,4.0,90.0,Test Execution,No,13.28,12.994,0,0.2859999999999996,2.1536144578313223,0.9784638554216868,18.0,2.6559999999999997
243,2025-S04,2025,4,CRM Sales & Service,CRM Platform QA,Medium,4.0,90.0,Regression Testing,Yes,27.82,19.08,1,8.740000000000002,31.416247304097777,0.6858375269590222,18.0,5.564
243,2025-S04,2025,4,CRM Sales & Service,CRM Platform QA,Medium,4.0,90.0,Defect Management,No,23.0,26.16,0,-3.16,-13.73913043478261,1.137391304347826,18.0,4.6
244,2025-S04,2025,4,Billing & Payments,Billing & Payments QA,High,19.0,92.0,Test Planning,No,22.36,20.59,0,1.7699999999999996,7.915921288014309,0.920840787119857,4.6,1.1179999999999999
244,2025-S04,2025,4,Billing & Payments,Billing & Payments QA,High,19.0,92.0,Test Design,Yes,49.01,37.39,1,11.619999999999997,23.709447051622114,0.7629055294837789,4.6,2.4505
244,2025-S04,2025,4,Billing & Payments,Billing & Payments QA,High,19.0,92.0,Automation Development,No,57.1,49.0,0,8.100000000000001,14.185639229422067,0.8581436077057794,4.6,2.855
244,2025-S04,2025,4,Billing & Payments,Billing & Payments QA,High,19.0,92.0,Test Execution,No,18.09,17.0,0,1.0899999999999999,6.025428413488114,0.9397457158651189,4.6,0.9045
244,2025-S04,2025,4,Billing & Payments,Billing & Payments QA,High,19.0,92.0,Regression Testing,No,25.06,23.18,0,1.879999999999999,7.501995211492414,0.9249800478850758,4.6,1.253
244,2025-S04,2025,4,Billing & Payments,Billing & Payments QA,High,19.0,92.0,Defect Management,No,22.47,19.82,0,2.6499999999999986,11.79350244770805,0.8820649755229195,4.6,1.1235
245,2025-S04,2025,4,API Integration Platform,API & Middleware QA,Medium,7.0,87.0,Test Planning,No,8.3,9.17,0,-0.8699999999999992,-10.481927710843362,1.1048192771084335,10.875,1.0375
245,2025-S04,2025,4,API Integration Platform,API & Middleware QA,Medium,7.0,87.0,Test Design,Yes,38.4,24.85,1,13.549999999999997,35.28645833333333,0.6471354166666667,10.875,4.8
245,2025-S04,2025,4,API Integration Platform,API & Middleware QA,Medium,7.0,87.0,Automation Development,Yes,34.95,29.29,1,5.660000000000004,16.19456366237483,0.8380543633762517,10.875,4.36875
245,2025-S04,2025,4,API Integration Platform,API & Middleware QA,Medium,7.0,87.0,Test Execution,No,13.3,15.04,0,-1.7399999999999984,-13.082706766917282,1.1308270676691727,10.875,1.6625
245,2025-S04,2025,4,API Integration Platform,API & Middleware QA,Medium,7.0,87.0,Regression Testing,Yes,32.41,25.18,1,7.229999999999997,22.30792965134217,0.7769207034865783,10.875,4.05125
245,2025-S04,2025,4,API Integration Platform,API & Middleware QA,Medium,7.0,87.0,Defect Management,No,28.26,26.34,0,1.9200000000000017,6.794055201698519,0.9320594479830148,10.875,3.5325
246,2025-S04,2025,4,Mobile Service App,Mobile & Web QE,Medium,17.0,69.0,Test Planning,No,17.0,19.47,0,-2.469999999999999,-14.529411764705877,1.1452941176470588,3.8333333333333335,0.9444444444444444
246,2025-S04,2025,4,Mobile Service App,Mobile & Web QE,Medium,17.0,69.0,Test Design,Yes,28.83,25.35,1,3.479999999999997,12.070759625390208,0.879292403746098,3.8333333333333335,1.6016666666666666
246,2025-S04,2025,4,Mobile Service App,Mobile & Web QE,Medium,17.0,69.0,Automation Development,Yes,30.55,27.12,1,3.4299999999999997,11.22749590834697,0.8877250409165303,3.8333333333333335,1.6972222222222222
246,2025-S04,2025,4,Mobile Service App,Mobile & Web QE,Medium,17.0,69.0,Test Execution,No,10.8613,10.95,0,-0.08869999999999933,-0.8166609890160418,1.0081666098901605,3.8333333333333335,0.6034055555555555
246,2025-S04,2025,4,Mobile Service App,Mobile & Web QE,Medium,17.0,69.0,Regression Testing,Yes,29.07,18.1,1,10.969999999999999,37.736498108015134,0.6226350189198487,3.8333333333333335,1.615
246,2025-S04,2025,4,Mobile Service App,Mobile & Web QE,Medium,17.0,69.0,Defect Management,Yes,14.4,12.27,1,2.130000000000001,14.791666666666673,0.8520833333333333,3.8333333333333335,0.8
247,2025-S05,2025,5,CRM Sales & Service,CRM Platform QA,Medium,14.0,70.0,Test Planning,No,15.2,13.7105,0,1.4894999999999996,9.799342105263156,0.9020065789473685,4.666666666666667,1.0133333333333332
247,2025-S05,2025,5,CRM Sales & Service,CRM Platform QA,Medium,14.0,70.0,Test Design,No,30.4548,20.67,0,9.784799999999997,32.128925489577995,0.6787107451042201,4.666666666666667,2.03032
247,2025-S05,2025,5,CRM Sales & Service,CRM Platform QA,Medium,14.0,70.0,Automation Development,Yes,51.95,38.23,1,13.720000000000006,26.410009624639088,0.7358999037536091,4.666666666666667,3.4633333333333334
247,2025-S05,2025,5,CRM Sales & Service,CRM Platform QA,Medium,14.0,70.0,Test Execution,No,11.2,10.53,0,0.6699999999999999,5.982142857142857,0.9401785714285714,4.666666666666667,0.7466666666666666
247,2025-S05,2025,5,CRM Sales & Service,CRM Platform QA,Medium,14.0,70.0,Regression Testing,Yes,30.77,25.6291,1,5.1408999999999985,16.707507312317187,0.8329249268768282,4.666666666666667,2.0513333333333335
247,2025-S05,2025,5,CRM Sales & Service,CRM Platform QA,Medium,14.0,70.0,Defect Management,No,24.39,0.0,0,24.39,100.0,0.0,4.666666666666667,1.6260000000000001
248,2025-S05,2025,5,Legacy Service Platform,Legacy Support QA,Low,7.0,14.0,Test Planning,No,8.0,9.7,0,-1.6999999999999993,-21.249999999999993,1.2125,1.75,1.0
248,2025-S05,2025,5,Legacy Service Platform,Legacy Support QA,Low,7.0,14.0,Test Design,No,6.3,6.4283,0,-0.1283000000000003,-2.0365079365079413,1.0203650793650794,1.75,0.7875
248,2025-S05,2025,5,Legacy Service Platform,Legacy Support QA,Low,7.0,14.0,Automation Development,No,8.2,9.07,0,-0.870000000000001,-10.60975609756099,1.1060975609756099,1.75,1.025
248,2025-S05,2025,5,Legacy Service Platform,Legacy Support QA,Low,7.0,14.0,Test Execution,No,2.8,3.67,0,-0.8700000000000001,-31.071428571428577,1.3107142857142857,1.75,0.35
248,2025-S05,2025,5,Legacy Service Platform,Legacy Support QA,Low,7.0,14.0,Regression Testing,No,6.43,6.0,0,0.4299999999999997,6.687402799377912,0.9331259720062208,1.75,0.80375
248,2025-S05,2025,5,Legacy Service Platform,Legacy Support QA,Low,7.0,14.0,Defect Management,No,4.1,4.82,0,-0.7200000000000006,-17.560975609756117,1.1756097560975611,1.75,0.5125
249,2025-S05,2025,5,Mobile Service App,Mobile & Web QE,Medium,6.0,103.0,Test Planning,No,8.11,8.16,0,-0.05000000000000071,-0.6165228113440285,1.0061652281134403,14.714285714285714,1.1585714285714286
249,2025-S05,2025,5,Mobile Service App,Mobile & Web QE,Medium,6.0,103.0,Test Design,Yes,42.75,32.47,1,10.280000000000001,24.046783625730995,0.7595321637426901,14.714285714285714,6.107142857142857
249,2025-S05,2025,5,Mobile Service App,Mobile & Web QE,Medium,6.0,103.0,Automation Development,Yes,46.93,52.73,1,-5.799999999999997,-12.358832303430635,1.1235883230343064,14.714285714285714,6.704285714285715
249,2025-S05,2025,5,Mobile Service App,Mobile & Web QE,Medium,6.0,103.0,Test Execution,No,15.9,14.74,0,1.1600000000000001,7.295597484276731,0.9270440251572327,14.714285714285714,2.2714285714285714
249,2025-S05,2025,5,Mobile Service App,Mobile & Web QE,Medium,6.0,103.0,Regression Testing,Yes,31.5,29.0,1,2.5,7.936507936507936,0.9206349206349206,14.714285714285714,4.5
249,2025-S05,2025,5,Mobile Service App,Mobile & Web QE,Medium,6.0,103.0,Defect Management,Yes,14.4867,8.88,1,5.6067,38.70239599080536,0.6129760400919464,14.714285714285714,2.0695285714285716
250,2025-S05,2025,5,ERP Operations,ERP Operations QA,Medium,7.0,68.0,Test Planning,No,8.47,8.8,0,-0.33000000000000007,-3.8961038961038965,1.0389610389610389,8.5,1.05875
250,2025-S05,2025,5,ERP Operations,ERP Operations QA,Medium,7.0,68.0,Test Design,No,30.53,27.47,0,3.0600000000000023,10.022928267278095,0.899770717327219,8.5,3.81625
250,2025-S05,2025,5,ERP Operations,ERP Operations QA,Medium,7.0,68.0,Automation Development,No,42.38,51.0,0,-8.619999999999997,-20.339782916470025,1.2033978291647003,8.5,5.2975
250,2025-S05,2025,5,ERP Operations,ERP Operations QA,Medium,7.0,68.0,Test Execution,No,10.45,12.01,0,-1.5600000000000005,-14.928229665071777,1.1492822966507177,8.5,1.30625
250,2025-S05,2025,5,ERP Operations,ERP Operations QA,Medium,7.0,68.0,Regression Testing,No,16.29,15.4,0,0.8899999999999988,5.463474524247998,0.94536525475752,8.5,2.03625
250,2025-S05,2025,5,ERP Operations,ERP Operations QA,Medium,7.0,68.0,Defect Management,No,8.3912,7.87,0,0.5211999999999994,6.21126894842215,0.9378873105157784,8.5,1.0489
251,2025-S05,2025,5,Enterprise Data Platform,Data Platform QA,Low,8.0,25.0,Test Planning,No,8.67,9.75,0,-1.08,-12.456747404844291,1.1245674740484428,2.7777777777777777,0.9633333333333334
251,2025-S05,2025,5,Enterprise Data Platform,Data Platform QA,Low,8.0,25.0,Test Design,No,9.64,7.54,0,2.1000000000000005,21.784232365145233,0.7821576763485477,2.7777777777777777,1.0711111111111111
251,2025-S05,2025,5,Enterprise Data Platform,Data Platform QA,Low,8.0,25.0,Automation Development,Yes,12.44,8.55,1,3.889999999999999,31.2700964630225,0.687299035369775,2.7777777777777777,1.3822222222222222
251,2025-S05,2025,5,Enterprise Data Platform,Data Platform QA,Low,8.0,25.0,Test Execution,No,4.14,4.15,0,-0.010000000000000675,-0.2415458937198231,1.0024154589371983,2.7777777777777777,0.45999999999999996
251,2025-S05,2025,5,Enterprise Data Platform,Data Platform QA,Low,8.0,25.0,Regression Testing,No,6.04,7.27,0,-1.2299999999999995,-20.36423841059602,1.2036423841059603,2.7777777777777777,0.6711111111111111
251,2025-S05,2025,5,Enterprise Data Platform,Data Platform QA,Low,8.0,25.0,Defect Management,No,4.3,4.5757,0,-0.2757000000000005,-6.411627906976756,1.0641162790697676,2.7777777777777777,0.47777777777777775
252,2025-S05,2025,5,Billing & Payments,Billing & Payments QA,Medium,8.0,34.0,Test Planning,No,8.62,10.8959,0,-2.2759,-26.402552204176338,1.2640255220417633,3.7777777777777777,0.9577777777777777
252,2025-S05,2025,5,Billing & Payments,Billing & Payments QA,Medium,8.0,34.0,Test Design,Yes,15.21,11.79,1,3.4200000000000017,22.485207100591726,0.7751479289940827,3.7777777777777777,1.6900000000000002
252,2025-S05,2025,5,Billing & Payments,Billing & Payments QA,Medium,8.0,34.0,Automation Development,Yes,23.07,24.201,1,-1.1310000000000002,-4.902470741222368,1.0490247074122236,3.7777777777777777,2.5633333333333335
252,2025-S05,2025,5,Billing & Payments,Billing & Payments QA,Medium,8.0,34.0,Test Execution,No,5.89,5.15,0,0.7399999999999993,12.563667232597611,0.8743633276740239,3.7777777777777777,0.6544444444444444
252,2025-S05,2025,5,Billing & Payments,Billing & Payments QA,Medium,8.0,34.0,Regression Testing,No,14.1516,14.68,0,-0.5283999999999995,-3.7338534158681673,1.0373385341586816,3.7777777777777777,1.5724
252,2025-S05,2025,5,Billing & Payments,Billing & Payments QA,Medium,8.0,34.0,Defect Management,Yes,6.3,6.36,1,-0.0600000000000005,-0.9523809523809603,1.0095238095238097,3.7777777777777777,0.7
253,2025-S05,2025,5,API Integration Platform,API & Middleware QA,Medium,13.0,78.0,Test Planning,No,15.07,17.5461,0,-2.476099999999999,-16.430656934306562,1.1643065693430656,5.571428571428571,1.0764285714285715
253,2025-S05,2025,5,API Integration Platform,API & Middleware QA,Medium,13.0,78.0,Test Design,Yes,33.85,24.8986,1,8.951400000000003,26.44431314623339,0.7355568685376661,5.571428571428571,2.417857142857143
253,2025-S05,2025,5,API Integration Platform,API & Middleware QA,Medium,13.0,78.0,Automation Development,Yes,42.7,30.99,1,11.710000000000004,27.423887587822023,0.7257611241217797,5.571428571428571,3.0500000000000003
253,2025-S05,2025,5,API Integration Platform,API & Middleware QA,Medium,13.0,78.0,Test Execution,No,12.0,11.86,0,0.14000000000000057,1.1666666666666714,0.9883333333333333,5.571428571428571,0.8571428571428571
253,2025-S05,2025,5,API Integration Platform,API & Middleware QA,Medium,13.0,78.0,Regression Testing,Yes,16.0,15.94,1,0.0600000000000005,0.3750000000000031,0.99625,5.571428571428571,1.1428571428571428
253,2025-S05,2025,5,API Integration Platform,API & Middleware QA,Medium,13.0,78.0,Defect Management,No,12.49,12.08,0,0.41000000000000014,3.2826261008807056,0.967173738991193,5.571428571428571,0.8921428571428571
254,2025-S06,2025,6,Mobile Service App,Mobile & Web QE,High,13.0,56.0,Test Planning,No,16.46,11.9,0,4.5600000000000005,27.703523693803163,0.7229647630619684,4.0,1.1757142857142857
254,2025-S06,2025,6,Mobile Service App,Mobile & Web QE,High,13.0,56.0,Test Design,Yes,30.82,28.59,1,2.2300000000000004,7.235561323815705,0.9276443867618429,4.0,2.2014285714285715
254,2025-S06,2025,6,Mobile Service App,Mobile & Web QE,High,13.0,56.0,Automation Development,Yes,41.97,36.1497,1,5.820299999999996,13.867762687634016,0.8613223731236599,4.0,2.9978571428571428
254,2025-S06,2025,6,Mobile Service App,Mobile & Web QE,High,13.0,56.0,Test Execution,No,10.97,12.1,0,-1.129999999999999,-10.300820419325424,1.1030082041932543,4.0,0.7835714285714286
254,2025-S06,2025,6,Mobile Service App,Mobile & Web QE,High,13.0,56.0,Regression Testing,Yes,31.0,40.6,1,-9.600000000000001,-30.96774193548388,1.3096774193548388,4.0,2.2142857142857144
254,2025-S06,2025,6,Mobile Service App,Mobile & Web QE,High,13.0,56.0,Defect Management,No,16.3,14.26,0,2.040000000000001,12.51533742331289,0.8748466257668711,4.0,1.1642857142857144
255,2025-S06,2025,6,Mobile Service App,Mobile & Web QE,High,13.0,56.0,Test Planning,No,16.46,11.9,0,4.5600000000000005,27.703523693803163,0.7229647630619684,4.0,1.1757142857142857
255,2025-S06,2025,6,Mobile Service App,Mobile & Web QE,High,13.0,56.0,Test Design,Yes,30.82,29.3,1,1.5199999999999996,4.9318624269954565,0.9506813757300454,4.0,2.2014285714285715
255,2025-S06,2025,6,Mobile Service App,Mobile & Web QE,High,13.0,56.0,Automation Development,Yes,41.97,36.1497,1,5.820299999999996,13.867762687634016,0.8613223731236599,4.0,2.9978571428571428
255,2025-S06,2025,6,Mobile Service App,Mobile & Web QE,High,13.0,56.0,Test Execution,No,10.97,12.1,0,-1.129999999999999,-10.300820419325424,1.1030082041932543,4.0,0.7835714285714286
255,2025-S06,2025,6,Mobile Service App,Mobile & Web QE,High,13.0,56.0,Regression Testing,Yes,31.0,40.6,1,-9.600000000000001,-30.96774193548388,1.3096774193548388,4.0,2.2142857142857144
255,2025-S06,2025,6,Mobile Service App,Mobile & Web QE,High,13.0,56.0,Defect Management,No,16.3,14.26,0,2.040000000000001,12.51533742331289,0.8748466257668711,4.0,1.1642857142857144
256,2025-S06,2025,6,CRM Sales & Service,CRM Platform QA,High,7.0,28.0,Test Planning,No,9.93,10.7,0,-0.7699999999999996,-7.754279959718022,1.0775427995971802,3.5,1.24125
256,2025-S06,2025,6,CRM Sales & Service,CRM Platform QA,High,7.0,28.0,Test Design,Yes,16.07,12.74,1,3.33,20.72184194150591,0.7927815805849409,3.5,2.00875
256,2025-S06,2025,6,CRM Sales & Service,CRM Platform QA,High,7.0,28.0,Automation Development,Yes,20.28,21.27,1,-0.9899999999999984,-4.88165680473372,1.0488165680473371,3.5,2.535
256,2025-S06,2025,6,CRM Sales & Service,CRM Platform QA,High,7.0,28.0,Test Execution,No,6.0,5.93,0,0.07000000000000028,1.1666666666666714,0.9883333333333333,3.5,0.75
256,2025-S06,2025,6,CRM Sales & Service,CRM Platform QA,High,7.0,28.0,Regression Testing,Yes,10.27,7.79,1,2.4799999999999995,24.148003894839334,0.7585199610516067,3.5,1.28375
256,2025-S06,2025,6,CRM Sales & Service,CRM Platform QA,High,7.0,28.0,Defect Management,No,11.62,11.33,0,0.28999999999999915,2.49569707401032,0.9750430292598968,3.5,1.4525
257,2025-S06,2025,6,Billing & Payments,Billing & Payments QA,Medium,14.0,143.0,Test Planning,No,17.0,19.26,0,-2.2600000000000016,-13.294117647058833,1.1329411764705883,9.533333333333333,1.1333333333333333
257,2025-S06,2025,6,Billing & Payments,Billing & Payments QA,Medium,14.0,143.0,Test Design,Yes,74.8592,58.79,1,16.069200000000002,21.465898647060083,0.7853410135293991,9.533333333333333,4.990613333333333
257,2025-S06,2025,6,Billing & Payments,Billing & Payments QA,Medium,14.0,143.0,Automation Development,Yes,72.88,50.0,1,22.879999999999995,31.39407244785949,0.6860592755214051,9.533333333333333,4.858666666666666
257,2025-S06,2025,6,Billing & Payments,Billing & Payments QA,Medium,14.0,143.0,Test Execution,No,26.4,23.8,0,2.599999999999998,9.84848484848484,0.9015151515151516,9.533333333333333,1.76
257,2025-S06,2025,6,Billing & Payments,Billing & Payments QA,Medium,14.0,143.0,Regression Testing,No,55.64,59.0,0,-3.3599999999999994,-6.0388209920920195,1.06038820992092,9.533333333333333,3.7093333333333334
257,2025-S06,2025,6,Billing & Payments,Billing & Payments QA,Medium,14.0,143.0,Defect Management,No,35.05,35.7,0,-0.6500000000000057,-1.8544935805991605,1.0185449358059917,9.533333333333333,2.3366666666666664
258,2025-S06,2025,6,Customer Web Portal,EIP-QA,Low,11.0,44.0,Test Planning,No,10.25,11.61,0,-1.3599999999999994,-13.268292682926825,1.1326829268292682,3.6666666666666665,0.8541666666666666
258,2025-S06,2025,6,Customer Web Portal,EIP-QA,Low,11.0,44.0,Test Design,Yes,16.4719,21.0,1,-4.5280999999999985,-27.48984634438042,1.274898463443804,3.6666666666666665,1.3726583333333335
258,2025-S06,2025,6,Customer Web Portal,EIP-QA,Low,11.0,44.0,Automation Development,Yes,27.8,17.91,1,9.89,35.57553956834533,0.6442446043165467,3.6666666666666665,2.316666666666667
258,2025-S06,2025,6,Customer Web Portal,EIP-QA,Low,11.0,44.0,Test Execution,No,6.4,7.72,0,-1.3199999999999994,-20.62499999999999,1.2062499999999998,3.6666666666666665,0.5333333333333333
258,2025-S06,2025,6,Customer Web Portal,EIP-QA,Low,11.0,44.0,Regression Testing,No,16.0,16.1063,0,-0.10630000000000095,-0.6643750000000059,1.00664375,3.6666666666666665,1.3333333333333333
258,2025-S06,2025,6,Customer Web Portal,EIP-QA,Low,11.0,44.0,Defect Management,Yes,9.39,8.64,1,0.75,7.987220447284344,0.9201277955271565,3.6666666666666665,0.7825000000000001
259,2025-S06,2025,6,ERP Operations,ERP Operations QA,Medium,12.0,126.0,Test Planning,No,12.68,14.91,0,-2.2300000000000004,-17.58675078864354,1.1758675078864353,9.692307692307692,0.9753846153846154
259,2025-S06,2025,6,ERP Operations,ERP Operations QA,Medium,12.0,126.0,Test Design,No,52.6,58.0,0,-5.399999999999999,-10.266159695817487,1.1026615969581748,9.692307692307692,4.046153846153846
259,2025-S06,2025,6,ERP Operations,ERP Operations QA,Medium,12.0,126.0,Automation Development,No,35.86,30.27,0,5.59,15.588399330730617,0.8441160066926938,9.692307692307692,2.7584615384615385
259,2025-S06,2025,6,ERP Operations,ERP Operations QA,Medium,12.0,126.0,Test Execution,No,17.92,19.0,0,-1.0799999999999983,-6.026785714285704,1.060267857142857,9.692307692307692,1.3784615384615386
259,2025-S06,2025,6,ERP Operations,ERP Operations QA,Medium,12.0,126.0,Regression Testing,No,36.9,35.7657,0,1.134299999999996,3.073983739837388,0.9692601626016262,9.692307692307692,2.838461538461538
259,2025-S06,2025,6,ERP Operations,ERP Operations QA,Medium,12.0,126.0,Defect Management,No,34.45,37.23,0,-2.779999999999994,-8.069666182873712,1.080696661828737,9.692307692307692,2.6500000000000004
260,2025-S06,2025,6,API Integration Platform,API & Middleware QA,Low,10.0,36.0,Test Planning,No,11.1,10.48,0,0.6199999999999992,5.585585585585578,0.9441441441441442,3.272727272727273,1.009090909090909
260,2025-S06,2025,6,API Integration Platform,API & Middleware QA,Low,10.0,36.0,Test Design,Yes,15.84,13.55,1,2.289999999999999,14.457070707070702,0.8554292929292929,3.272727272727273,1.44
260,2025-S06,2025,6,API Integration Platform,API & Middleware QA,Low,10.0,36.0,Automation Development,No,28.5,33.1521,0,-4.652099999999997,-16.32315789473683,1.1632315789473684,3.272727272727273,2.590909090909091
260,2025-S06,2025,6,API Integration Platform,API & Middleware QA,Low,10.0,36.0,Test Execution,No,6.2,6.09,0,0.11000000000000032,1.774193548387102,0.982258064516129,3.272727272727273,0.5636363636363636
260,2025-S06,2025,6,API Integration Platform,API & Middleware QA,Low,10.0,36.0,Regression Testing,Yes,10.5,7.2,1,3.3,31.428571428571427,0.6857142857142857,3.272727272727273,0.9545454545454546
260,2025-S06,2025,6,API Integration Platform,API & Middleware QA,Low,10.0,36.0,Defect Management,No,13.9514,15.7,0,-1.7485999999999997,-12.53350918187422,1.1253350918187421,3.272727272727273,1.2683090909090908
261,2025-S07,2025,7,CRM Sales & Service,CRM Platform QA,High,13.0,191.0,Test Planning,No,15.67,16.48,0,-0.8100000000000005,-5.169112954690495,1.051691129546905,13.642857142857142,1.1192857142857142
261,2025-S07,2025,7,CRM Sales & Service,CRM Platform QA,High,13.0,191.0,Test Design,Yes,98.28,81.36,1,16.92,17.21611721611722,0.8278388278388278,13.642857142857142,7.0200000000000005
261,2025-S07,2025,7,CRM Sales & Service,CRM Platform QA,High,13.0,191.0,Automation Development,Yes,61.5,49.33,1,12.170000000000002,19.788617886178862,0.8021138211382114,13.642857142857142,4.392857142857143
261,2025-S07,2025,7,CRM Sales & Service,CRM Platform QA,High,13.0,191.0,Test Execution,No,33.63,36.77,0,-3.1400000000000006,-9.336901575973835,1.0933690157597384,13.642857142857142,2.402142857142857
261,2025-S07,2025,7,CRM Sales & Service,CRM Platform QA,High,13.0,191.0,Regression Testing,Yes,62.8315,44.37,1,18.4615,29.3825549286584,0.706174450713416,13.642857142857142,4.487964285714286
261,2025-S07,2025,7,CRM Sales & Service,CRM Platform QA,High,13.0,191.0,Defect Management,No,50.19,47.0,0,3.1899999999999977,6.355847778441917,0.9364415222155809,13.642857142857142,3.585
262,2025-S07,2025,7,Mobile Service App,Mobile & Web QE,Medium,13.0,84.0,Test Planning,No,13.59,15.31,0,-1.7200000000000006,-12.656364974245774,1.1265636497424578,6.0,0.9707142857142858
262,2025-S07,2025,7,Mobile Service App,Mobile & Web QE,Medium,13.0,84.0,Test Design,Yes,36.65,30.7,1,5.949999999999999,16.23465211459754,0.8376534788540245,6.0,2.617857142857143
262,2025-S07,2025,7,Mobile Service App,Mobile & Web QE,Medium,13.0,84.0,Automation Development,Yes,49.98,39.9,1,10.079999999999998,20.168067226890756,0.7983193277310925,6.0,3.57
262,2025-S07,2025,7,Mobile Service App,Mobile & Web QE,Medium,13.0,84.0,Test Execution,No,13.4,12.21,0,1.1899999999999995,8.88059701492537,0.9111940298507463,6.0,0.9571428571428572
262,2025-S07,2025,7,Mobile Service App,Mobile & Web QE,Medium,13.0,84.0,Regression Testing,Yes,27.8,21.6,1,6.199999999999999,22.30215827338129,0.7769784172661871,6.0,1.9857142857142858
262,2025-S07,2025,7,Mobile Service App,Mobile & Web QE,Medium,13.0,84.0,Defect Management,Yes,20.8,18.2,1,2.6000000000000014,12.500000000000005,0.8749999999999999,6.0,1.4857142857142858
263,2025-S07,2025,7,Billing & Payments,Billing & Payments QA,Medium,10.0,82.0,Test Planning,No,11.51,12.94,0,-1.4299999999999997,-12.423979148566461,1.1242397914856646,7.454545454545454,1.0463636363636364
263,2025-S07,2025,7,Billing & Payments,Billing & Payments QA,Medium,10.0,82.0,Test Design,Yes,35.97,28.3,1,7.669999999999998,21.32332499304976,0.7867667500695024,7.454545454545454,3.27
263,2025-S07,2025,7,Billing & Payments,Billing & Payments QA,Medium,10.0,82.0,Automation Development,Yes,58.6,,1,,,,7.454545454545454,5.327272727272727
263,2025-S07,2025,7,Billing & Payments,Billing & Payments QA,Medium,10.0,82.0,Test Execution,No,13.63,13.23,0,0.40000000000000036,2.934702861335292,0.9706529713866471,7.454545454545454,1.2390909090909092
263,2025-S07,2025,7,Billing & Payments,Billing & Payments QA,Medium,10.0,82.0,Regression Testing,No,25.56,22.62,0,2.9399999999999977,11.502347417840367,0.8849765258215964,7.454545454545454,2.3236363636363637
263,2025-S07,2025,7,Billing & Payments,Billing & Payments QA,Medium,10.0,82.0,Defect Management,No,31.33,33.92,0,-2.5900000000000034,-8.266836897542303,1.082668368975423,7.454545454545454,2.848181818181818
264,2025-S07,2025,7,ERP Operations,ERP Operations QA,Medium,10.0,46.0,Test Planning,No,11.04,10.01,0,1.0299999999999994,9.32971014492753,0.9067028985507247,4.181818181818182,1.0036363636363637
264,2025-S07,2025,7,ERP Operations,ERP Operations QA,Medium,10.0,46.0,Test Design,No,20.63,21.1,0,-0.4700000000000024,-2.278235579253526,1.0227823557925353,4.181818181818182,1.8754545454545453
264,2025-S07,2025,7,ERP Operations,ERP Operations QA,Medium,10.0,46.0,Automation Development,No,25.38,25.84,0,-0.46000000000000085,-1.8124507486209647,1.0181245074862098,4.181818181818182,2.307272727272727
264,2025-S07,2025,7,ERP Operations,ERP Operations QA,Medium,10.0,46.0,Test Execution,No,7.38,7.5,0,-0.1200000000000001,-1.6260162601626031,1.016260162601626,4.181818181818182,0.6709090909090909
264,2025-S07,2025,7,ERP Operations,ERP Operations QA,Medium,10.0,46.0,Regression Testing,No,16.8992,14.4,0,2.4992,14.78886574512403,0.8521113425487598,4.181818181818182,1.5362909090909092
264,2025-S07,2025,7,ERP Operations,ERP Operations QA,Medium,10.0,46.0,Defect Management,No,7.97,8.04,0,-0.0699999999999994,-0.8782936010037566,1.0087829360100375,4.181818181818182,0.7245454545454545
265,2025-S07,2025,7,API Integration Platform,API & Middleware QA,High,7.0,70.0,Test Planning,No,8.56,7.42,0,1.1400000000000006,13.3177570093458,0.866822429906542,8.75,1.07
265,2025-S07,2025,7,API Integration Platform,API & Middleware QA,High,7.0,70.0,Test Design,Yes,29.48,21.36,1,8.120000000000001,27.54409769335143,0.7245590230664857,8.75,3.685
265,2025-S07,2025,7,API Integration Platform,API & Middleware QA,High,7.0,70.0,Automation Development,Yes,28.3,23.37,1,4.93,17.420494699646643,0.8257950530035336,8.75,3.5375
265,2025-S07,2025,7,API Integration Platform,API & Middleware QA,High,7.0,70.0,Test Execution,No,11.8029,12.72,0,-0.9171000000000014,-7.770124291487697,1.077701242914877,8.75,1.4753625
265,2025-S07,2025,7,API Integration Platform,API & Middleware QA,High,7.0,70.0,Regression Testing,No,17.15,16.5,0,0.6499999999999986,3.7900874635568433,0.9620991253644315,8.75,2.14375
265,2025-S07,2025,7,API Integration Platform,API & Middleware QA,High,7.0,70.0,Defect Management,No,28.1361,26.8,0,1.3360999999999983,4.748703622747994,0.95251296377252,8.75,3.5170125
266,2025-S07,2025,7,Customer Web Portal,EIP-QA,High,10.0,126.0,Test Planning,No,12.47,10.74,0,1.7300000000000004,13.873295910184446,0.8612670408981555,11.454545454545455,1.1336363636363638
266,2025-S07,2025,7,Customer Web Portal,EIP-QA,High,10.0,126.0,Test Design,Yes,64.6,56.66,1,7.939999999999998,12.291021671826623,0.8770897832817338,11.454545454545455,5.872727272727272
266,2025-S07,2025,7,Customer Web Portal,EIP-QA,High,10.0,126.0,Automation Development,Yes,67.56,53.71,1,13.850000000000001,20.500296033155717,0.7949970396684428,11.454545454545455,6.141818181818182
266,2025-S07,2025,7,Customer Web Portal,EIP-QA,High,10.0,126.0,Test Execution,No,24.5,26.06,0,-1.5599999999999987,-6.367346938775505,1.063673469387755,11.454545454545455,2.227272727272727
266,2025-S07,2025,7,Customer Web Portal,EIP-QA,High,10.0,126.0,Regression Testing,Yes,32.44,26.72,1,5.719999999999999,17.63255240443896,0.8236744759556104,11.454545454545455,2.9490909090909088
266,2025-S07,2025,7,Customer Web Portal,EIP-QA,High,10.0,126.0,Defect Management,Yes,22.0,16.76,1,5.239999999999998,23.81818181818181,0.7618181818181818,11.454545454545455,2.0
267,2025-S07,2025,7,Enterprise Data Platform,Data Platform QA,Medium,7.0,92.0,Test Planning,No,9.81,11.0,0,-1.1899999999999995,-12.130479102956162,1.1213047910295617,11.5,1.22625
267,2025-S07,2025,7,Enterprise Data Platform,Data Platform QA,Medium,7.0,92.0,Test Design,Yes,50.17,36.5,1,13.670000000000002,27.247358979469805,0.727526410205302,11.5,6.27125
267,2025-S07,2025,7,Enterprise Data Platform,Data Platform QA,Medium,7.0,92.0,Automation Development,Yes,40.38,33.26,1,7.1200000000000045,17.632491332342752,0.8236750866765724,11.5,5.0475
267,2025-S07,2025,7,Enterprise Data Platform,Data Platform QA,Medium,7.0,92.0,Test Execution,No,17.05,18.36,0,-1.3099999999999987,-7.683284457477998,1.07683284457478,11.5,2.13125
267,2025-S07,2025,7,Enterprise Data Platform,Data Platform QA,Medium,7.0,92.0,Regression Testing,No,37.42,31.91,0,5.510000000000002,14.724746125066812,0.8527525387493319,11.5,4.6775
267,2025-S07,2025,7,Enterprise Data Platform,Data Platform QA,Medium,7.0,92.0,Defect Management,No,22.5,14.46,0,8.04,35.73333333333333,0.6426666666666667,11.5,2.8125
268,2025-S08,2025,8,Billing & Payments,Billing & Payments QA,Medium,9.0,114.0,Test Planning,No,10.04,9.42,0,0.6199999999999992,6.175298804780869,0.9382470119521913,11.4,1.004
268,2025-S08,2025,8,Billing & Payments,Billing & Payments QA,Medium,9.0,114.0,Test Design,Yes,50.1225,33.36,1,16.762500000000003,33.44306449199462,0.6655693550800539,11.4,5.01225
268,2025-S08,2025,8,Billing & Payments,Billing & Payments QA,Medium,9.0,114.0,Automation Development,Yes,47.24,42.58,1,4.660000000000004,9.864521591871304,0.901354784081287,11.4,4.724
268,2025-S08,2025,8,Billing & Payments,Billing & Payments QA,Medium,9.0,114.0,Test Execution,No,17.19,14.5495,0,2.640500000000001,15.360674810936597,0.8463932518906341,11.4,1.719
268,2025-S08,2025,8,Billing & Payments,Billing & Payments QA,Medium,9.0,114.0,Regression Testing,No,22.56,24.7,0,-2.1400000000000006,-9.485815602836881,1.0948581560283688,11.4,2.256
268,2025-S08,2025,8,Billing & Payments,Billing & Payments QA,Medium,9.0,114.0,Defect Management,No,27.0,31.2,0,-4.199999999999999,-15.555555555555554,1.1555555555555554,11.4,2.7
269,2025-S08,2025,8,Enterprise Data Platform,Data Platform QA,Medium,6.0,65.0,Test Planning,No,7.18,6.54,0,0.6399999999999997,8.913649025069633,0.9108635097493036,9.285714285714286,1.0257142857142856
269,2025-S08,2025,8,Enterprise Data Platform,Data Platform QA,Medium,6.0,65.0,Test Design,Yes,27.28,22.05,1,5.23,19.171554252199414,0.8082844574780058,9.285714285714286,3.8971428571428572
269,2025-S08,2025,8,Enterprise Data Platform,Data Platform QA,Medium,6.0,65.0,Automation Development,Yes,26.51,24.28,1,2.2300000000000004,8.411920030177294,0.9158807996982271,9.285714285714286,3.7871428571428574
269,2025-S08,2025,8,Enterprise Data Platform,Data Platform QA,Medium,6.0,65.0,Test Execution,No,10.2,9.85,0,0.34999999999999964,3.4313725490196045,0.9656862745098039,9.285714285714286,1.457142857142857
269,2025-S08,2025,8,Enterprise Data Platform,Data Platform QA,Medium,6.0,65.0,Regression Testing,No,18.0,19.43,0,-1.4299999999999997,-7.944444444444443,1.0794444444444444,9.285714285714286,2.5714285714285716
269,2025-S08,2025,8,Enterprise Data Platform,Data Platform QA,Medium,6.0,65.0,Defect Management,No,9.0,9.7,0,-0.6999999999999993,-7.77777777777777,1.0777777777777777,9.285714285714286,1.2857142857142858
270,2025-S08,2025,8,API Integration Platform,API & Middleware QA,Medium,12.0,86.0,Test Planning,No,12.0,11.73,0,0.2699999999999996,2.2499999999999964,0.9775,6.615384615384615,0.9230769230769231
270,2025-S08,2025,8,API Integration Platform,API & Middleware QA,Medium,12.0,86.0,Test Design,Yes,36.64,30.6,1,6.039999999999999,16.484716157205238,0.8351528384279476,6.615384615384615,2.8184615384615386
270,2025-S08,2025,8,API Integration Platform,API & Middleware QA,Medium,12.0,86.0,Automation Development,Yes,24.2,20.25,1,3.9499999999999993,16.322314049586776,0.8367768595041323,6.615384615384615,1.8615384615384616
270,2025-S08,2025,8,API Integration Platform,API & Middleware QA,Medium,12.0,86.0,Test Execution,No,12.6688,20.43,0,-7.7612000000000005,-61.262313715584746,1.6126231371558475,6.615384615384615,0.9745230769230768
270,2025-S08,2025,8,API Integration Platform,API & Middleware QA,Medium,12.0,86.0,Regression Testing,Yes,18.18,21.2,1,-3.0199999999999996,-16.61166116611661,1.166116611661166,6.615384615384615,1.3984615384615384
270,2025-S08,2025,8,API Integration Platform,API & Middleware QA,Medium,12.0,86.0,Defect Management,No,17.4,24.51,0,-7.110000000000003,-40.86206896551726,1.4086206896551725,6.615384615384615,1.3384615384615384
271,2025-S08,2025,8,Customer Web Portal,EIP-QA,Medium,8.0,60.0,Test Planning,No,8.67,8.47,0,0.1999999999999993,2.3068050749711566,0.9769319492502885,6.666666666666667,0.9633333333333334
271,2025-S08,2025,8,Customer Web Portal,EIP-QA,Medium,8.0,60.0,Test Design,Yes,25.98,19.58,1,6.400000000000002,24.634334103156284,0.7536566589684371,6.666666666666667,2.8866666666666667
271,2025-S08,2025,8,Customer Web Portal,EIP-QA,Medium,8.0,60.0,Automation Development,No,24.2,17.3,0,6.899999999999999,28.51239669421487,0.7148760330578513,6.666666666666667,2.6888888888888887
271,2025-S08,2025,8,Customer Web Portal,EIP-QA,Medium,8.0,60.0,Test Execution,No,9.34,10.0,0,-0.6600000000000001,-7.066381156316918,1.0706638115631693,6.666666666666667,1.0377777777777777
271,2025-S08,2025,8,Customer Web Portal,EIP-QA,Medium,8.0,60.0,Regression Testing,Yes,21.83,16.1256,1,5.7044,26.131012368300503,0.738689876316995,6.666666666666667,2.4255555555555555
271,2025-S08,2025,8,Customer Web Portal,EIP-QA,Medium,8.0,60.0,Defect Management,Yes,15.1,13.2,1,1.9000000000000004,12.582781456953645,0.8741721854304636,6.666666666666667,1.6777777777777778
272,2025-S08,2025,8,Mobile Service App,Mobile & Web QE,Medium,10.0,77.0,Test Planning,No,7.8236,7.73,0,0.09359999999999946,1.1963801830359357,0.9880361981696406,7.0,0.7112363636363637
272,2025-S08,2025,8,Mobile Service App,Mobile & Web QE,Medium,10.0,77.0,Test Design,Yes,32.16,20.61,1,11.549999999999997,35.914179104477604,0.6408582089552239,7.0,2.9236363636363634
272,2025-S08,2025,8,Mobile Service App,Mobile & Web QE,Medium,10.0,77.0,Automation Development,Yes,26.68,31.0,1,-4.32,-16.191904047976013,1.1619190404797601,7.0,2.4254545454545453
272,2025-S08,2025,8,Mobile Service App,Mobile & Web QE,Medium,10.0,77.0,Test Execution,Yes,12.1,14.3,1,-2.200000000000001,-18.18181818181819,1.1818181818181819,7.0,1.0999999999999999
272,2025-S08,2025,8,Mobile Service App,Mobile & Web QE,Medium,10.0,77.0,Regression Testing,Yes,24.74,19.11,1,5.629999999999999,22.756669361358124,0.7724333063864188,7.0,2.249090909090909
272,2025-S08,2025,8,Mobile Service App,Mobile & Web QE,Medium,10.0,77.0,Defect Management,Yes,19.8,15.9,1,3.9000000000000004,19.6969696969697,0.803030303030303,7.0,1.8
273,2025-S08,2025,8,ERP Operations,ERP Operations QA,Medium,4.0,39.0,Test Planning,No,5.75,5.47,0,0.28000000000000025,4.869565217391308,0.9513043478260869,7.8,1.15
273,2025-S08,2025,8,ERP Operations,ERP Operations QA,Medium,4.0,39.0,Test Design,No,16.88,16.02,0,0.8599999999999994,5.094786729857817,0.9490521327014219,7.8,3.376
273,2025-S08,2025,8,ERP Operations,ERP Operations QA,Medium,4.0,39.0,Automation Development,No,24.9,34.66,0,-9.759999999999998,-39.19678714859437,1.3919678714859438,7.8,4.9799999999999995
273,2025-S08,2025,8,ERP Operations,ERP Operations QA,Medium,4.0,39.0,Test Execution,No,6.6996,5.7,0,0.9996,14.920293748880532,0.8507970625111947,7.8,1.33992
273,2025-S08,2025,8,ERP Operations,ERP Operations QA,Medium,4.0,39.0,Regression Testing,No,8.8,7.98,0,0.8200000000000003,9.318181818181822,0.9068181818181817,7.8,1.7600000000000002
273,2025-S08,2025,8,ERP Operations,ERP Operations QA,Medium,4.0,39.0,Defect Management,No,12.74,12.78,0,-0.03999999999999915,-0.3139717425431644,1.0031397174254317,7.8,2.548
274,2025-S09,2025,9,ERP Operations,ERP Operations QA,Medium,11.0,119.0,Test Planning,No,12.47,11.14,0,1.33,10.665597433841219,0.8933440256615878,9.916666666666666,1.0391666666666668
274,2025-S09,2025,9,ERP Operations,ERP Operations QA,Medium,11.0,119.0,Test Design,No,51.5,52.2,0,-0.7000000000000028,-1.3592233009708794,1.0135922330097087,9.916666666666666,4.291666666666667
274,2025-S09,2025,9,ERP Operations,ERP Operations QA,Medium,11.0,119.0,Automation Development,No,28.97,26.93,0,2.039999999999999,7.041767345529856,0.9295823265447014,9.916666666666666,2.4141666666666666
274,2025-S09,2025,9,ERP Operations,ERP Operations QA,Medium,11.0,119.0,Test Execution,No,17.84,25.98,0,-8.14,-45.62780269058296,1.4562780269058295,9.916666666666666,1.4866666666666666
274,2025-S09,2025,9,ERP Operations,ERP Operations QA,Medium,11.0,119.0,Regression Testing,No,41.05,38.24,0,2.809999999999995,6.845310596833119,0.9315468940316688,9.916666666666666,3.420833333333333
274,2025-S09,2025,9,ERP Operations,ERP Operations QA,Medium,11.0,119.0,Defect Management,No,24.0,23.72,0,0.28000000000000114,1.1666666666666714,0.9883333333333333,9.916666666666666,2.0
275,2025-S09,2025,9,Mobile Service App,Mobile & Web QE,High,14.0,135.0,Test Planning,No,18.05,17.72,0,0.33000000000000185,1.8282548476454397,0.9817174515235456,9.0,1.2033333333333334
275,2025-S09,2025,9,Mobile Service App,Mobile & Web QE,High,14.0,135.0,Test Design,Yes,71.31,49.96,1,21.35,29.939699901837052,0.7006030009816295,9.0,4.7540000000000004
275,2025-S09,2025,9,Mobile Service App,Mobile & Web QE,High,14.0,135.0,Automation Development,Yes,52.4,33.69,1,18.71,35.70610687022901,0.6429389312977098,9.0,3.493333333333333
275,2025-S09,2025,9,Mobile Service App,Mobile & Web QE,High,14.0,135.0,Test Execution,No,25.11,25.0,0,0.10999999999999943,0.43807248108323155,0.9956192751891677,9.0,1.674
275,2025-S09,2025,9,Mobile Service App,Mobile & Web QE,High,14.0,135.0,Regression Testing,Yes,54.6,38.0,1,16.6,30.402930402930405,0.6959706959706959,9.0,3.64
275,2025-S09,2025,9,Mobile Service App,Mobile & Web QE,High,14.0,135.0,Defect Management,Yes,35.3,30.32,1,4.979999999999997,14.107648725212456,0.8589235127478755,9.0,2.353333333333333
276,2025-S09,2025,9,Billing & Payments,Billing & Payments QA,Medium,14.0,53.0,Test Planning,No,15.0,14.0,0,1.0,6.666666666666667,0.9333333333333333,3.533333333333333,1.0
276,2025-S09,2025,9,Billing & Payments,Billing & Payments QA,Medium,14.0,53.0,Test Design,Yes,23.08,17.4,1,5.68,24.610051993067593,0.7538994800693241,3.533333333333333,1.5386666666666666
276,2025-S09,2025,9,Billing & Payments,Billing & Payments QA,Medium,14.0,53.0,Automation Development,Yes,17.46,16.48,1,0.9800000000000004,5.612829324169533,0.9438717067583047,3.533333333333333,1.1640000000000001
276,2025-S09,2025,9,Billing & Payments,Billing & Payments QA,Medium,14.0,53.0,Test Execution,No,8.4,16.45,0,-8.049999999999999,-95.83333333333331,1.9583333333333333,3.533333333333333,0.56
276,2025-S09,2025,9,Billing & Payments,Billing & Payments QA,Medium,14.0,53.0,Regression Testing,No,11.95,13.7698,0,-1.8198000000000008,-15.228451882845196,1.152284518828452,3.533333333333333,0.7966666666666666
276,2025-S09,2025,9,Billing & Payments,Billing & Payments QA,Medium,14.0,53.0,Defect Management,No,11.85,11.87,0,-0.019999999999999574,-0.1687763713080133,1.00168776371308,3.533333333333333,0.7899999999999999
277,2025-S09,2025,9,API Integration Platform,API & Middleware QA,Medium,13.0,77.0,Test Planning,No,14.13,20.63,0,-6.499999999999998,-46.001415428167,1.46001415428167,5.5,1.0092857142857143
277,2025-S09,2025,9,API Integration Platform,API & Middleware QA,Medium,13.0,77.0,Test Design,Yes,33.76,21.13,1,12.629999999999999,37.41113744075829,0.6258886255924171,5.5,2.4114285714285715
277,2025-S09,2025,9,API Integration Platform,API & Middleware QA,Medium,13.0,77.0,Automation Development,Yes,44.3697,35.38,1,8.9897,20.26089876650056,0.7973910123349944,5.5,3.1692642857142856
277,2025-S09,2025,9,API Integration Platform,API & Middleware QA,Medium,13.0,77.0,Test Execution,No,13.2,11.2356,0,1.9643999999999995,14.88181818181818,0.8511818181818183,5.5,0.9428571428571428
277,2025-S09,2025,9,API Integration Platform,API & Middleware QA,Medium,13.0,77.0,Regression Testing,Yes,32.98,23.41,1,9.569999999999997,29.017586416009696,0.709824135839903,5.5,2.3557142857142854
277,2025-S09,2025,9,API Integration Platform,API & Middleware QA,Medium,13.0,77.0,Defect Management,No,27.36,27.7094,0,-0.34939999999999927,-1.2770467836257282,1.0127704678362572,5.5,1.9542857142857142
278,2025-S09,2025,9,ERP Operations,ERP Operations QA,Medium,11.0,119.0,Test Planning,No,12.47,11.14,0,1.33,10.665597433841219,0.8933440256615878,9.916666666666666,1.0391666666666668
278,2025-S09,2025,9,ERP Operations,ERP Operations QA,Medium,11.0,119.0,Test Design,No,51.5,52.2,0,-0.7000000000000028,-1.3592233009708794,1.0135922330097087,9.916666666666666,4.291666666666667
278,2025-S09,2025,9,ERP Operations,ERP Operations QA,Medium,11.0,119.0,Automation Development,No,28.97,26.93,0,2.039999999999999,7.041767345529856,0.9295823265447014,9.916666666666666,2.4141666666666666
278,2025-S09,2025,9,ERP Operations,ERP Operations QA,Medium,11.0,119.0,Test Execution,No,17.84,25.98,0,-8.14,-45.62780269058296,1.4562780269058295,9.916666666666666,1.4866666666666666
278,2025-S09,2025,9,ERP Operations,ERP Operations QA,Medium,11.0,119.0,Regression Testing,No,41.05,38.69,0,2.3599999999999994,5.749086479902557,0.9425091352009745,9.916666666666666,3.420833333333333
278,2025-S09,2025,9,ERP Operations,ERP Operations QA,Medium,11.0,119.0,Defect Management,No,24.0,23.72,0,0.28000000000000114,1.1666666666666714,0.9883333333333333,9.916666666666666,2.0
279,2025-S09,2025,9,Enterprise Data Platform,Data Platform QA,Medium,12.0,138.0,Test Planning,No,12.82,13.94,0,-1.1199999999999992,-8.736349453978152,1.0873634945397814,10.615384615384615,0.9861538461538462
279,2025-S09,2025,9,Enterprise Data Platform,Data Platform QA,Medium,12.0,138.0,Test Design,Yes,60.3,55.45,1,4.849999999999994,8.043117744610273,0.9195688225538973,10.615384615384615,4.638461538461538
279,2025-S09,2025,9,Enterprise Data Platform,Data Platform QA,Medium,12.0,138.0,Automation Development,Yes,35.4,26.93,1,8.469999999999999,23.92655367231638,0.7607344632768361,10.615384615384615,2.723076923076923
279,2025-S09,2025,9,Enterprise Data Platform,Data Platform QA,Medium,12.0,138.0,Test Execution,No,20.205,21.9083,0,-1.7033000000000023,-8.430091561494692,1.084300915614947,10.615384615384615,1.554230769230769
279,2025-S09,2025,9,Enterprise Data Platform,Data Platform QA,Medium,12.0,138.0,Regression Testing,No,41.32,45.11,0,-3.789999999999999,-9.172313649564373,1.0917231364956437,10.615384615384615,3.1784615384615384
279,2025-S09,2025,9,Enterprise Data Platform,Data Platform QA,Medium,12.0,138.0,Defect Management,No,15.25,14.48,0,0.7699999999999996,5.04918032786885,0.9495081967213115,10.615384615384615,1.1730769230769231
280,2025-S09,2025,9,Customer Web Portal,EIP-QA,Medium,7.0,91.0,Test Planning,No,7.3,6.81,0,0.4900000000000002,6.7123287671232905,0.9328767123287671,11.375,0.9125
280,2025-S09,2025,9,Customer Web Portal,EIP-QA,Medium,7.0,91.0,Test Design,Yes,33.47,23.0,1,10.469999999999999,31.28174484613086,0.6871825515386913,11.375,4.18375
280,2025-S09,2025,9,Customer Web Portal,EIP-QA,Medium,7.0,91.0,Automation Development,Yes,26.46,22.82,1,3.6400000000000006,13.756613756613758,0.8624338624338624,11.375,3.3075
280,2025-S09,2025,9,Customer Web Portal,EIP-QA,Medium,7.0,91.0,Test Execution,No,11.7,13.1,0,-1.4000000000000004,-11.96581196581197,1.1196581196581197,11.375,1.4625
280,2025-S09,2025,9,Customer Web Portal,EIP-QA,Medium,7.0,91.0,Regression Testing,Yes,20.9,13.97,1,6.929999999999998,33.157894736842096,0.668421052631579,11.375,2.6125
280,2025-S09,2025,9,Customer Web Portal,EIP-QA,Medium,7.0,91.0,Defect Management,Yes,17.8,12.26,1,5.540000000000001,31.123595505617978,0.6887640449438202,11.375,2.225
281,2025-S10,2025,10,Enterprise Data Platform,Data Platform QA,Medium,11.0,62.0,Test Planning,No,12.81,14.05,0,-1.2400000000000002,-9.67993754879001,1.0967993754879002,5.166666666666667,1.0675000000000001
281,2025-S10,2025,10,Enterprise Data Platform,Data Platform QA,Medium,11.0,62.0,Test Design,No,26.77,21.0,0,5.77,21.55397833395592,0.7844602166604409,5.166666666666667,2.2308333333333334
281,2025-S10,2025,10,Enterprise Data Platform,Data Platform QA,Medium,11.0,62.0,Automation Development,No,24.45,24.37,0,0.0799999999999983,0.327198364008173,0.9967280163599183,5.166666666666667,2.0375
281,2025-S10,2025,10,Enterprise Data Platform,Data Platform QA,Medium,11.0,62.0,Test Execution,No,10.22,10.57,0,-0.34999999999999964,-3.4246575342465717,1.0342465753424657,5.166666666666667,0.8516666666666667
281,2025-S10,2025,10,Enterprise Data Platform,Data Platform QA,Medium,11.0,62.0,Regression Testing,No,25.64,32.0,0,-6.359999999999999,-24.804992199687984,1.24804992199688,5.166666666666667,2.1366666666666667
281,2025-S10,2025,10,Enterprise Data Platform,Data Platform QA,Medium,11.0,62.0,Defect Management,No,15.14,15.0,0,0.14000000000000057,0.924702774108326,0.9907529722589168,5.166666666666667,1.2616666666666667
282,2025-S10,2025,10,ERP Operations,ERP Operations QA,High,15.0,77.0,Test Planning,No,19.2,20.75,0,-1.5500000000000007,-8.072916666666671,1.0807291666666667,4.8125,1.2
282,2025-S10,2025,10,ERP Operations,ERP Operations QA,High,15.0,77.0,Test Design,No,42.71,30.0,0,12.71,29.75883867946617,0.7024116132053383,4.8125,2.669375
282,2025-S10,2025,10,ERP Operations,ERP Operations QA,High,15.0,77.0,Automation Development,No,34.0,31.09,0,2.91,8.558823529411764,0.9144117647058824,4.8125,2.125
282,2025-S10,2025,10,ERP Operations,ERP Operations QA,High,15.0,77.0,Test Execution,No,15.0,17.0,0,-2.0,-13.333333333333334,1.1333333333333333,4.8125,0.9375
282,2025-S10,2025,10,ERP Operations,ERP Operations QA,High,15.0,77.0,Regression Testing,No,19.45,21.85,0,-2.400000000000002,-12.339331619537287,1.1233933161953729,4.8125,1.215625
282,2025-S10,2025,10,ERP Operations,ERP Operations QA,High,15.0,77.0,Defect Management,No,24.22,21.8,0,2.419999999999998,9.991742361684551,0.9000825763831545,4.8125,1.51375
283,2025-S10,2025,10,Billing & Payments,Billing & Payments QA,Medium,7.0,100.0,Test Planning,No,8.31,8.62,0,-0.3099999999999987,-3.730445246690718,1.0373044524669073,12.5,1.03875
283,2025-S10,2025,10,Billing & Payments,Billing & Payments QA,Medium,7.0,100.0,Test Design,Yes,43.47,35.53,1,7.939999999999998,18.265470439383478,0.8173452956061652,12.5,5.43375
283,2025-S10,2025,10,Billing & Payments,Billing & Payments QA,Medium,7.0,100.0,Automation Development,Yes,34.7,27.0,1,7.700000000000003,22.190201729106633,0.7780979827089336,12.5,4.3375
283,2025-S10,2025,10,Billing & Payments,Billing & Payments QA,Medium,7.0,100.0,Test Execution,No,14.67,15.37,0,-0.6999999999999993,-4.7716428084526195,1.0477164280845261,12.5,1.83375
283,2025-S10,2025,10,Billing & Payments,Billing & Payments QA,Medium,7.0,100.0,Regression Testing,No,20.21,17.88,0,2.330000000000002,11.528946066303819,0.8847105393369619,12.5,2.52625
283,2025-S10,2025,10,Billing & Payments,Billing & Payments QA,Medium,7.0,100.0,Defect Management,No,17.0,16.54,0,0.46000000000000085,2.7058823529411815,0.9729411764705882,12.5,2.125
284,2025-S10,2025,10,API Integration Platform,API & Middleware QA,Low,10.0,49.0,Test Planning,No,14.0,22.59,0,-8.59,-61.357142857142854,1.6135714285714287,4.454545454545454,1.2727272727272727
284,2025-S10,2025,10,API Integration Platform,API & Middleware QA,Low,10.0,49.0,Test Design,Yes,26.0,19.24,1,6.760000000000002,26.000000000000007,0.74,4.454545454545454,2.3636363636363638
284,2025-S10,2025,10,API Integration Platform,API & Middleware QA,Low,10.0,49.0,Automation Development,Yes,35.8,30.0,1,5.799999999999997,16.20111731843575,0.8379888268156426,4.454545454545454,3.2545454545454544
284,2025-S10,2025,10,API Integration Platform,API & Middleware QA,Low,10.0,49.0,Test Execution,No,9.44,9.56,0,-0.120000000000001,-1.2711864406779767,1.0127118644067798,4.454545454545454,0.8581818181818182
284,2025-S10,2025,10,API Integration Platform,API & Middleware QA,Low,10.0,49.0,Regression Testing,Yes,19.08,18.65,1,0.4299999999999997,2.253668763102724,0.9774633123689728,4.454545454545454,1.7345454545454544
284,2025-S10,2025,10,API Integration Platform,API & Middleware QA,Low,10.0,49.0,Defect Management,No,10.7199,11.03,0,-0.3100999999999985,-2.8927508652132805,1.0289275086521328,4.454545454545454,0.9745363636363638
285,2025-S10,2025,10,CRM Sales & Service,CRM Platform QA,Medium,9.0,59.0,Test Planning,No,11.6,11.57,0,0.02999999999999936,0.2586206896551669,0.9974137931034484,5.9,1.16
285,2025-S10,2025,10,CRM Sales & Service,CRM Platform QA,Medium,9.0,59.0,Test Design,Yes,25.0,15.55,1,9.45,37.8,0.622,5.9,2.5
285,2025-S10,2025,10,CRM Sales & Service,CRM Platform QA,Medium,9.0,59.0,Automation Development,Yes,34.52,22.8031,1,11.716900000000003,33.94235225955968,0.6605764774044032,5.9,3.4520000000000004
285,2025-S10,2025,10,CRM Sales & Service,CRM Platform QA,Medium,9.0,59.0,Test Execution,No,9.48,11.67,0,-2.1899999999999995,-23.101265822784804,1.231012658227848,5.9,0.9480000000000001
285,2025-S10,2025,10,CRM Sales & Service,CRM Platform QA,Medium,9.0,59.0,Regression Testing,Yes,21.5,20.0,1,1.5,6.976744186046512,0.9302325581395349,5.9,2.15
285,2025-S10,2025,10,CRM Sales & Service,CRM Platform QA,Medium,9.0,59.0,Defect Management,No,10.49,11.8,0,-1.3100000000000005,-12.488083889418498,1.1248808388941849,5.9,1.049
286,2025-S10,2025,10,Mobile Service App,Mobile & Web QE,Low,10.0,80.0,Test Planning,No,9.17,9.76,0,-0.5899999999999999,-6.4340239912758985,1.064340239912759,7.2727272727272725,0.8336363636363636
286,2025-S10,2025,10,Mobile Service App,Mobile & Web QE,Low,10.0,80.0,Test Design,Yes,28.27,21.7,1,6.57,23.240183940573047,0.7675981605942696,7.2727272727272725,2.57
286,2025-S10,2025,10,Mobile Service App,Mobile & Web QE,Low,10.0,80.0,Automation Development,No,34.71,29.1,0,5.609999999999999,16.16248919619706,0.8383751080380294,7.2727272727272725,3.1554545454545457
286,2025-S10,2025,10,Mobile Service App,Mobile & Web QE,Low,10.0,80.0,Test Execution,No,10.34,9.8,0,0.5399999999999991,5.222437137330746,0.9477756286266925,7.2727272727272725,0.94
286,2025-S10,2025,10,Mobile Service App,Mobile & Web QE,Low,10.0,80.0,Regression Testing,Yes,18.4,10.41,1,7.989999999999998,43.42391304347826,0.5657608695652174,7.2727272727272725,1.6727272727272726
286,2025-S10,2025,10,Mobile Service App,Mobile & Web QE,Low,10.0,80.0,Defect Management,Yes,11.7,8.48,1,3.219999999999999,27.521367521367512,0.7247863247863249,7.2727272727272725,1.0636363636363635
287,2025-S10,2025,10,Customer Web Portal,EIP-QA,Medium,10.0,80.0,Test Planning,No,10.53,10.63,0,-0.10000000000000142,-0.9496676163342965,1.009496676163343,7.2727272727272725,0.9572727272727272
287,2025-S10,2025,10,Customer Web Portal,EIP-QA,Medium,10.0,80.0,Test Design,Yes,35.21,21.71,1,13.5,38.34138028969043,0.6165861971030957,7.2727272727272725,3.200909090909091
287,2025-S10,2025,10,Customer Web Portal,EIP-QA,Medium,10.0,80.0,Automation Development,Yes,44.9765,29.92,1,15.0565,33.47637099374117,0.6652362900625882,7.2727272727272725,4.088772727272727
287,2025-S10,2025,10,Customer Web Portal,EIP-QA,Medium,10.0,80.0,Test Execution,No,12.51,15.08,0,-2.5700000000000003,-20.543565147881697,1.205435651478817,7.2727272727272725,1.1372727272727272
287,2025-S10,2025,10,Customer Web Portal,EIP-QA,Medium,10.0,80.0,Regression Testing,No,29.6,28.561,0,1.0390000000000015,3.5101351351351404,0.9648986486486486,7.2727272727272725,2.690909090909091
287,2025-S10,2025,10,Customer Web Portal,EIP-QA,Medium,10.0,80.0,Defect Management,Yes,12.18,11.0,1,1.1799999999999997,9.688013136288996,0.90311986863711,7.2727272727272725,1.1072727272727272
288,2025-S11,2025,11,API Integration Platform,API & Middleware QA,Medium,7.0,80.0,Test Planning,No,8.5965,8.42,0,0.17650000000000077,2.0531611702437127,0.9794683882975629,10.0,1.0745625
288,2025-S11,2025,11,API Integration Platform,API & Middleware QA,Medium,7.0,80.0,Test Design,Yes,35.57,31.98,1,3.59,10.092774810233342,0.8990722518976666,10.0,4.44625
288,2025-S11,2025,11,API Integration Platform,API & Middleware QA,Medium,7.0,80.0,Automation Development,Yes,33.73,20.7,1,13.029999999999998,38.63029943670323,0.6136970056329677,10.0,4.21625
288,2025-S11,2025,11,API Integration Platform,API & Middleware QA,Medium,7.0,80.0,Test Execution,No,11.9,14.97,0,-3.0700000000000003,-25.798319327731097,1.257983193277311,10.0,1.4875
288,2025-S11,2025,11,API Integration Platform,API & Middleware QA,Medium,7.0,80.0,Regression Testing,Yes,19.72,11.5,1,8.219999999999999,41.683569979716026,0.5831643002028398,10.0,2.465
288,2025-S11,2025,11,API Integration Platform,API & Middleware QA,Medium,7.0,80.0,Defect Management,No,20.37,20.0,0,0.370000000000001,1.8163966617574911,0.9818360333824251,10.0,2.54625
289,2025-S11,2025,11,Mobile Service App,Mobile & Web QE,Medium,10.0,60.0,Test Planning,No,11.0,9.92,0,1.08,9.818181818181818,0.9018181818181819,5.454545454545454,1.0
289,2025-S11,2025,11,Mobile Service App,Mobile & Web QE,Medium,10.0,60.0,Test Design,Yes,26.57,17.25,1,9.32,35.07715468573579,0.6492284531426421,5.454545454545454,2.4154545454545455
289,2025-S11,2025,11,Mobile Service App,Mobile & Web QE,Medium,10.0,60.0,Automation Development,Yes,16.9,14.81,1,2.089999999999998,12.366863905325433,0.8763313609467457,5.454545454545454,1.5363636363636362
289,2025-S11,2025,11,Mobile Service App,Mobile & Web QE,Medium,10.0,60.0,Test Execution,No,9.24,9.2,0,0.040000000000000924,0.4329004329004429,0.9956709956709956,5.454545454545454,0.84
289,2025-S11,2025,11,Mobile Service App,Mobile & Web QE,Medium,10.0,60.0,Regression Testing,Yes,16.13,12.2954,1,3.8345999999999982,23.77309361438313,0.7622690638561688,5.454545454545454,1.4663636363636363
289,2025-S11,2025,11,Mobile Service App,Mobile & Web QE,Medium,10.0,60.0,Defect Management,Yes,8.08,,1,,,,5.454545454545454,0.7345454545454545
290,2025-S11,2025,11,Customer Web Portal,EIP-QA,Medium,13.0,53.0,Test Planning,No,11.67,10.78,0,0.8900000000000006,7.626392459297349,0.9237360754070265,3.7857142857142856,0.8335714285714285
290,2025-S11,2025,11,Customer Web Portal,EIP-QA,Medium,13.0,53.0,Test Design,No,19.46,12.0,0,7.460000000000001,38.335046248715315,0.6166495375128468,3.7857142857142856,1.3900000000000001
290,2025-S11,2025,11,Customer Web Portal,EIP-QA,Medium,13.0,53.0,Automation Development,Yes,19.8,13.71,1,6.09,30.757575757575754,0.6924242424242425,3.7857142857142856,1.4142857142857144
290,2025-S11,2025,11,Customer Web Portal,EIP-QA,Medium,13.0,53.0,Test Execution,No,7.61,8.0,0,-0.3899999999999997,-5.124835742444148,1.0512483574244416,3.7857142857142856,0.5435714285714286
290,2025-S11,2025,11,Customer Web Portal,EIP-QA,Medium,13.0,53.0,Regression Testing,Yes,19.61,13.59,1,6.02,30.69862315145334,0.6930137684854666,3.7857142857142856,1.4007142857142856
290,2025-S11,2025,11,Customer Web Portal,EIP-QA,Medium,13.0,53.0,Defect Management,Yes,11.64,10.37,1,1.2700000000000014,10.91065292096221,0.890893470790378,3.7857142857142856,0.8314285714285715
291,2025-S11,2025,11,ERP Operations,ERP Operations QA,Medium,7.0,54.0,Test Planning,No,9.87,8.6,0,1.2699999999999996,12.867274569402227,0.8713272543059778,6.75,1.23375
291,2025-S11,2025,11,ERP Operations,ERP Operations QA,Medium,7.0,54.0,Test Design,No,22.66,24.0,0,-1.3399999999999999,-5.913503971756398,1.059135039717564,6.75,2.8325
291,2025-S11,2025,11,ERP Operations,ERP Operations QA,Medium,7.0,54.0,Automation Development,No,42.87,48.27,0,-5.400000000000006,-12.596221133659915,1.1259622113365992,6.75,5.35875
291,2025-S11,2025,11,ERP Operations,ERP Operations QA,Medium,7.0,54.0,Test Execution,No,9.45,9.3361,0,0.11389999999999922,1.205291005290997,0.98794708994709,6.75,1.18125
291,2025-S11,2025,11,ERP Operations,ERP Operations QA,Medium,7.0,54.0,Regression Testing,No,20.57,21.11,0,-0.5399999999999991,-2.6251823043266853,1.026251823043267,6.75,2.57125
291,2025-S11,2025,11,ERP Operations,ERP Operations QA,Medium,7.0,54.0,Defect Management,No,9.97,10.55,0,-0.5800000000000001,-5.817452357071215,1.058174523570712,6.75,1.24625
292,2025-S11,2025,11,Billing & Payments,Billing & Payments QA,Medium,13.0,53.0,Test Planning,No,13.75,13.14,0,0.6099999999999994,4.436363636363632,0.9556363636363637,3.7857142857142856,0.9821428571428571
292,2025-S11,2025,11,Billing & Payments,Billing & Payments QA,Medium,13.0,53.0,Test Design,Yes,22.5,18.2,1,4.300000000000001,19.111111111111114,0.8088888888888889,3.7857142857142856,1.6071428571428572
292,2025-S11,2025,11,Billing & Payments,Billing & Payments QA,Medium,13.0,53.0,Automation Development,Yes,26.92,19.3,1,7.620000000000001,28.306092124814263,0.7169390787518574,3.7857142857142856,1.922857142857143
292,2025-S11,2025,11,Billing & Payments,Billing & Payments QA,Medium,13.0,53.0,Test Execution,No,8.45,7.95,0,0.4999999999999991,5.9171597633136,0.940828402366864,3.7857142857142856,0.6035714285714285
292,2025-S11,2025,11,Billing & Payments,Billing & Payments QA,Medium,13.0,53.0,Regression Testing,No,15.0,14.75,0,0.25,1.6666666666666667,0.9833333333333333,3.7857142857142856,1.0714285714285714
292,2025-S11,2025,11,Billing & Payments,Billing & Payments QA,Medium,13.0,53.0,Defect Management,No,12.99,13.29,0,-0.29999999999999893,-2.3094688221708926,1.023094688221709,3.7857142857142856,0.9278571428571428
293,2025-S11,2025,11,CRM Sales & Service,CRM Platform QA,High,10.0,92.0,Test Planning,No,13.0,15.61,0,-2.6099999999999994,-20.076923076923073,1.2007692307692308,8.363636363636363,1.1818181818181819
293,2025-S11,2025,11,CRM Sales & Service,CRM Platform QA,High,10.0,92.0,Test Design,Yes,47.93,37.15,1,10.780000000000001,22.49113290214897,0.7750886709785103,8.363636363636363,4.357272727272727
293,2025-S11,2025,11,CRM Sales & Service,CRM Platform QA,High,10.0,92.0,Automation Development,Yes,46.54,39.75,1,6.789999999999999,14.589600343790288,0.8541039965620971,8.363636363636363,4.2309090909090905
293,2025-S11,2025,11,CRM Sales & Service,CRM Platform QA,High,10.0,92.0,Test Execution,No,,30.2,0,,,,8.363636363636363,
293,2025-S11,2025,11,CRM Sales & Service,CRM Platform QA,High,10.0,92.0,Regression Testing,Yes,31.9,21.99,1,9.91,31.065830721003135,0.6893416927899686,8.363636363636363,2.9
293,2025-S11,2025,11,CRM Sales & Service,CRM Platform QA,High,10.0,92.0,Defect Management,No,35.24,36.39,0,-1.1499999999999986,-3.263337116912595,1.032633371169126,8.363636363636363,3.2036363636363636
294,2025-S12,2025,12,Mobile Service App,Mobile & Web QE,High,12.0,58.0,Test Planning,No,16.0,13.9,0,2.0999999999999996,13.124999999999998,0.86875,4.461538461538462,1.2307692307692308
294,2025-S12,2025,12,Mobile Service App,Mobile & Web QE,High,12.0,58.0,Test Design,Yes,32.13,25.72,1,6.410000000000004,19.950202303143488,0.8004979769685651,4.461538461538462,2.471538461538462
294,2025-S12,2025,12,Mobile Service App,Mobile & Web QE,High,12.0,58.0,Automation Development,Yes,23.09,17.52,1,5.57,24.122996968384584,0.7587700303161542,4.461538461538462,1.7761538461538462
294,2025-S12,2025,12,Mobile Service App,Mobile & Web QE,High,12.0,58.0,Test Execution,No,11.54,12.41,0,-0.870000000000001,-7.538994800693249,1.0753899480069324,4.461538461538462,0.8876923076923077
294,2025-S12,2025,12,Mobile Service App,Mobile & Web QE,High,12.0,58.0,Regression Testing,Yes,20.45,14.8,1,5.649999999999999,27.628361858190704,0.723716381418093,4.461538461538462,1.573076923076923
294,2025-S12,2025,12,Mobile Service App,Mobile & Web QE,High,12.0,58.0,Defect Management,Yes,13.48,9.0,1,4.48,33.23442136498517,0.6676557863501483,4.461538461538462,1.036923076923077
295,2025-S12,2025,12,Enterprise Data Platform,Data Platform QA,Low,12.0,43.0,Test Planning,No,11.14,11.423,0,-0.2829999999999995,-2.540394973070013,1.0254039497307001,3.3076923076923075,0.856923076923077
295,2025-S12,2025,12,Enterprise Data Platform,Data Platform QA,Low,12.0,43.0,Test Design,Yes,15.79,11.6645,1,4.125499999999999,26.1272957568081,0.738727042431919,3.3076923076923075,1.2146153846153847
295,2025-S12,2025,12,Enterprise Data Platform,Data Platform QA,Low,12.0,43.0,Automation Development,Yes,22.04,16.6,1,5.439999999999998,24.682395644283112,0.7531760435571688,3.3076923076923075,1.6953846153846153
295,2025-S12,2025,12,Enterprise Data Platform,Data Platform QA,Low,12.0,43.0,Test Execution,No,6.073,5.93,0,0.14300000000000068,2.3546846698501676,0.9764531533014983,3.3076923076923075,0.4671538461538462
295,2025-S12,2025,12,Enterprise Data Platform,Data Platform QA,Low,12.0,43.0,Regression Testing,No,15.98,17.89,0,-1.9100000000000001,-11.95244055068836,1.1195244055068836,3.3076923076923075,1.2292307692307693
295,2025-S12,2025,12,Enterprise Data Platform,Data Platform QA,Low,12.0,43.0,Defect Management,No,7.62,6.78,0,0.8399999999999999,11.023622047244093,0.889763779527559,3.3076923076923075,0.5861538461538461
296,2025-S12,2025,12,CRM Sales & Service,CRM Platform QA,Low,9.0,49.0,Test Planning,No,9.0329,8.78,0,0.25290000000000035,2.7997653023945834,0.9720023469760541,4.9,0.9032899999999999
296,2025-S12,2025,12,CRM Sales & Service,CRM Platform QA,Low,9.0,49.0,Test Design,Yes,17.38,11.74,1,5.639999999999999,32.451093210586876,0.6754890678941312,4.9,1.738
296,2025-S12,2025,12,CRM Sales & Service,CRM Platform QA,Low,9.0,49.0,Automation Development,Yes,26.1,18.34,1,7.760000000000002,29.731800766283527,0.7026819923371647,4.9,2.6100000000000003
296,2025-S12,2025,12,CRM Sales & Service,CRM Platform QA,Low,9.0,49.0,Test Execution,No,7.02,7.65,0,-0.6300000000000008,-8.974358974358985,1.0897435897435899,4.9,0.702
296,2025-S12,2025,12,CRM Sales & Service,CRM Platform QA,Low,9.0,49.0,Regression Testing,No,17.7,16.94,0,0.759999999999998,4.293785310734452,0.9570621468926555,4.9,1.77
296,2025-S12,2025,12,CRM Sales & Service,CRM Platform QA,Low,9.0,49.0,Defect Management,No,9.96,10.45,0,-0.48999999999999844,-4.919678714859422,1.0491967871485943,4.9,0.9960000000000001
297,2025-S12,2025,12,ERP Operations,ERP Operations QA,Medium,8.0,67.0,Test Planning,No,10.36,11.015,0,-0.6550000000000011,-6.322393822393833,1.0632239382239383,7.444444444444445,1.151111111111111
297,2025-S12,2025,12,ERP Operations,ERP Operations QA,Medium,8.0,67.0,Test Design,No,29.49,42.8211,0,-13.331100000000003,-45.20549338758902,1.4520549338758904,7.444444444444445,3.2766666666666664
297,2025-S12,2025,12,ERP Operations,ERP Operations QA,Medium,8.0,67.0,Automation Development,No,31.68,32.87,0,-1.1899999999999977,-3.7563131313131244,1.0375631313131313,7.444444444444445,3.52
297,2025-S12,2025,12,ERP Operations,ERP Operations QA,Medium,8.0,67.0,Test Execution,No,10.93,13.67,0,-2.74,-25.068618481244286,1.2506861848124429,7.444444444444445,1.2144444444444444
297,2025-S12,2025,12,ERP Operations,ERP Operations QA,Medium,8.0,67.0,Regression Testing,No,15.6,17.76,0,-2.160000000000002,-13.846153846153857,1.1384615384615386,7.444444444444445,1.7333333333333334
297,2025-S12,2025,12,ERP Operations,ERP Operations QA,Medium,8.0,67.0,Defect Management,No,12.6431,12.89,0,-0.24690000000000012,-1.95284384367758,1.0195284384367758,7.444444444444445,1.4047888888888889
298,2025-S12,2025,12,Billing & Payments,Billing & Payments QA,Medium,10.0,129.0,Test Planning,No,11.65,10.58,0,1.0700000000000003,9.184549356223178,0.9081545064377682,11.727272727272727,1.059090909090909
298,2025-S12,2025,12,Billing & Payments,Billing & Payments QA,Medium,10.0,129.0,Test Design,Yes,57.2,,1,,,,11.727272727272727,5.2
298,2025-S12,2025,12,Billing & Payments,Billing & Payments QA,Medium,10.0,129.0,Automation Development,Yes,67.91,98.62,1,-30.710000000000008,-45.221616845825366,1.4522161684582537,11.727272727272727,6.173636363636363
298,2025-S12,2025,12,Billing & Payments,Billing & Payments QA,Medium,10.0,129.0,Test Execution,No,18.0,18.47,0,-0.46999999999999886,-2.6111111111111045,1.026111111111111,11.727272727272727,1.6363636363636365
298,2025-S12,2025,12,Billing & Payments,Billing & Payments QA,Medium,10.0,129.0,Regression Testing,No,41.08,40.06,0,1.019999999999996,2.4829600778967773,0.9751703992210322,11.727272727272727,3.7345454545454544
298,2025-S12,2025,12,Billing & Payments,Billing & Payments QA,Medium,10.0,129.0,Defect Management,No,20.44,18.16,0,2.280000000000001,11.154598825831707,0.8884540117416829,11.727272727272727,1.8581818181818184
299,2025-S12,2025,12,API Integration Platform,API & Middleware QA,Low,3.0,113.0,Test Planning,No,5.0,5.4,0,-0.40000000000000036,-8.000000000000007,1.08,28.25,1.25
299,2025-S12,2025,12,API Integration Platform,API & Middleware QA,Low,3.0,113.0,Test Design,Yes,40.22,31.1,1,9.119999999999997,22.675285927399297,0.773247140726007,28.25,10.055
299,2025-S12,2025,12,API Integration Platform,API & Middleware QA,Low,3.0,113.0,Automation Development,Yes,33.62,29.51,1,4.109999999999996,12.224866151100525,0.8777513384889948,28.25,8.405
299,2025-S12,2025,12,API Integration Platform,API & Middleware QA,Low,3.0,113.0,Test Execution,No,13.76,14.17,0,-0.41000000000000014,-2.9796511627906987,1.029796511627907,28.25,3.44
299,2025-S12,2025,12,API Integration Platform,API & Middleware QA,Low,3.0,113.0,Regression Testing,Yes,19.93,22.62,1,-2.6900000000000013,-13.497240341194185,1.134972403411942,28.25,4.9825
299,2025-S12,2025,12,API Integration Platform,API & Middleware QA,Low,3.0,113.0,Defect Management,No,22.9,24.25,0,-1.3500000000000014,-5.895196506550225,1.0589519650655022,28.25,5.725
300,2025-S12,2025,12,Customer Web Portal,EIP-QA,Medium,14.0,65.0,Test Planning,No,14.75,14.8,0,-0.05000000000000071,-0.33898305084746244,1.0033898305084745,4.333333333333333,0.9833333333333333
300,2025-S12,2025,12,Customer Web Portal,EIP-QA,Medium,14.0,65.0,Test Design,Yes,28.67,25.24,1,3.4300000000000033,11.963725148238588,0.8803627485176141,4.333333333333333,1.9113333333333336
300,2025-S12,2025,12,Customer Web Portal,EIP-QA,Medium,14.0,65.0,Automation Development,Yes,45.98,39.53,1,6.449999999999996,14.027838190517608,0.859721618094824,4.333333333333333,3.0653333333333332
300,2025-S12,2025,12,Customer Web Portal,EIP-QA,Medium,14.0,65.0,Test Execution,No,10.8,10.84,0,-0.03999999999999915,-0.37037037037036247,1.0037037037037035,4.333333333333333,0.7200000000000001
300,2025-S12,2025,12,Customer Web Portal,EIP-QA,Medium,14.0,65.0,Regression Testing,Yes,15.27,15.4,1,-0.13000000000000078,-0.8513425016372024,1.008513425016372,4.333333333333333,1.018
300,2025-S12,2025,12,Customer Web Portal,EIP-QA,Medium,14.0,65.0,Defect Management,Yes,14.3,14.75,1,-0.4499999999999993,-3.1468531468531418,1.0314685314685315,4.333333333333333,0.9533333333333334
301,2025-S13,2025,13,Enterprise Data Platform,Data Platform QA,High,17.0,42.0,Test Planning,No,21.2,22.64,0,-1.4400000000000013,-6.792452830188686,1.0679245283018868,2.3333333333333335,1.1777777777777778
301,2025-S13,2025,13,Enterprise Data Platform,Data Platform QA,High,17.0,42.0,Test Design,No,23.24,23.48,0,-0.240000000000002,-1.0327022375215231,1.0103270223752152,2.3333333333333335,1.291111111111111
301,2025-S13,2025,13,Enterprise Data Platform,Data Platform QA,High,17.0,42.0,Automation Development,Yes,17.0,16.09,1,0.9100000000000001,5.352941176470589,0.9464705882352941,2.3333333333333335,0.9444444444444444
301,2025-S13,2025,13,Enterprise Data Platform,Data Platform QA,High,17.0,42.0,Test Execution,No,8.36,9.61,0,-1.25,-14.952153110047847,1.1495215311004785,2.3333333333333335,0.46444444444444444
301,2025-S13,2025,13,Enterprise Data Platform,Data Platform QA,High,17.0,42.0,Regression Testing,No,14.0,15.0,0,-1.0,-7.142857142857142,1.0714285714285714,2.3333333333333335,0.7777777777777778
301,2025-S13,2025,13,Enterprise Data Platform,Data Platform QA,High,17.0,42.0,Defect Management,No,12.3,14.31,0,-2.01,-16.341463414634145,1.1634146341463414,2.3333333333333335,0.6833333333333333
302,2025-S13,2025,13,Billing & Payments,Billing & Payments QA,Medium,15.0,65.0,Test Planning,Yes,16.0,17.0,1,-1.0,-6.25,1.0625,4.0625,1.0
302,2025-S13,2025,13,Billing & Payments,Billing & Payments QA,Medium,15.0,65.0,Test Design,Yes,27.0,21.94,1,5.059999999999999,18.740740740740737,0.8125925925925926,4.0625,1.6875
302,2025-S13,2025,13,Billing & Payments,Billing & Payments QA,Medium,15.0,65.0,Automation Development,Yes,19.9,16.11,1,3.789999999999999,19.045226130653266,0.8095477386934674,4.0625,1.24375
302,2025-S13,2025,13,Billing & Payments,Billing & Payments QA,Medium,15.0,65.0,Test Execution,No,10.0,11.64,0,-1.6400000000000006,-16.400000000000006,1.1640000000000001,4.0625,0.625
302,2025-S13,2025,13,Billing & Payments,Billing & Payments QA,Medium,15.0,65.0,Regression Testing,No,20.0,22.3,0,-2.3000000000000007,-11.500000000000004,1.115,4.0625,1.25
302,2025-S13,2025,13,Billing & Payments,Billing & Payments QA,Medium,15.0,65.0,Defect Management,No,11.21,10.24,0,0.9700000000000006,8.652988403211422,0.9134701159678857,4.0625,0.700625
303,2025-S13,2025,13,CRM Sales & Service,CRM Platform QA,High,11.0,74.0,Test Planning,No,14.3,17.6,0,-3.3000000000000007,-23.07692307692308,1.2307692307692308,6.166666666666667,1.1916666666666667
303,2025-S13,2025,13,CRM Sales & Service,CRM Platform QA,High,11.0,74.0,Test Design,Yes,39.8,32.7,1,7.099999999999994,17.839195979899483,0.8216080402010052,6.166666666666667,3.3166666666666664
303,2025-S13,2025,13,CRM Sales & Service,CRM Platform QA,High,11.0,74.0,Automation Development,Yes,50.38,69.35,1,-18.96999999999999,-37.653830885271915,1.3765383088527192,6.166666666666667,4.198333333333333
303,2025-S13,2025,13,CRM Sales & Service,CRM Platform QA,High,11.0,74.0,Test Execution,No,14.31,13.9,0,0.41000000000000014,2.865129280223621,0.9713487071977638,6.166666666666667,1.1925000000000001
303,2025-S13,2025,13,CRM Sales & Service,CRM Platform QA,High,11.0,74.0,Regression Testing,Yes,23.49,21.72,1,1.7699999999999996,7.5351213282247755,0.9246487867177523,6.166666666666667,1.9574999999999998
303,2025-S13,2025,13,CRM Sales & Service,CRM Platform QA,High,11.0,74.0,Defect Management,No,19.23,20.56,0,-1.3299999999999983,-6.916276651066033,1.0691627665106604,6.166666666666667,1.6025
304,2025-S13,2025,13,ERP Operations,ERP Operations QA,High,10.0,79.0,Test Planning,No,12.0,13.69,0,-1.6899999999999995,-14.083333333333329,1.1408333333333334,7.181818181818182,1.0909090909090908
304,2025-S13,2025,13,ERP Operations,ERP Operations QA,High,10.0,79.0,Test Design,Yes,43.52,49.7,1,-6.18,-14.200367647058822,1.1420036764705883,7.181818181818182,3.9563636363636365
304,2025-S13,2025,13,ERP Operations,ERP Operations QA,High,10.0,79.0,Automation Development,No,64.0,62.6,0,1.3999999999999986,2.187499999999998,0.978125,7.181818181818182,5.818181818181818
304,2025-S13,2025,13,ERP Operations,ERP Operations QA,High,10.0,79.0,Test Execution,No,15.0,14.89,0,0.10999999999999943,0.7333333333333295,0.9926666666666667,7.181818181818182,1.3636363636363635
304,2025-S13,2025,13,ERP Operations,ERP Operations QA,High,10.0,79.0,Regression Testing,No,26.1,24.88,0,1.2200000000000024,4.674329501915718,0.9532567049808428,7.181818181818182,2.372727272727273
304,2025-S13,2025,13,ERP Operations,ERP Operations QA,High,10.0,79.0,Defect Management,No,17.18,16.7,0,0.4800000000000004,2.793946449359723,0.9720605355064028,7.181818181818182,1.5618181818181818
305,2025-S13,2025,13,Mobile Service App,Mobile & Web QE,High,7.0,61.0,Test Planning,No,8.49,9.47,0,-0.9800000000000004,-11.542991755005893,1.115429917550059,7.625,1.06125
305,2025-S13,2025,13,Mobile Service App,Mobile & Web QE,High,7.0,61.0,Test Design,Yes,22.36,15.31,1,7.049999999999999,31.529516994633273,0.6847048300536673,7.625,2.795
305,2025-S13,2025,13,Mobile Service App,Mobile & Web QE,High,7.0,61.0,Automation Development,Yes,27.96,19.06,1,8.900000000000002,31.83118741058656,0.6816881258941344,7.625,3.495
305,2025-S13,2025,13,Mobile Service App,Mobile & Web QE,High,7.0,61.0,Test Execution,No,8.9,9.1901,0,-0.2900999999999989,-3.2595505617977403,1.0325955056179774,7.625,1.1125
305,2025-S13,2025,13,Mobile Service App,Mobile & Web QE,High,7.0,61.0,Regression Testing,Yes,19.7,14.92,1,4.779999999999999,24.26395939086294,0.7573604060913706,7.625,2.4625
305,2025-S13,2025,13,Mobile Service App,Mobile & Web QE,High,7.0,61.0,Defect Management,Yes,11.7,6.67,1,5.029999999999999,42.99145299145299,0.5700854700854701,7.625,1.4625
306,2025-S13,2025,13,Customer Web Portal,EIP-QA,Low,10.0,69.0,Test Planning,No,9.87,10.0,0,-0.13000000000000078,-1.3171225937183464,1.0131712259371835,6.2727272727272725,0.8972727272727272
306,2025-S13,2025,13,Customer Web Portal,EIP-QA,Low,10.0,69.0,Test Design,Yes,24.5576,19.86,1,4.697600000000001,19.128905104733366,0.8087109489526664,6.2727272727272725,2.2325090909090908
306,2025-S13,2025,13,Customer Web Portal,EIP-QA,Low,10.0,69.0,Automation Development,Yes,41.62,35.68,1,5.939999999999998,14.271984622777506,0.8572801537722249,6.2727272727272725,3.7836363636363632
306,2025-S13,2025,13,Customer Web Portal,EIP-QA,Low,10.0,69.0,Test Execution,No,9.54,9.85,0,-0.3100000000000005,-3.2494758909853303,1.0324947589098532,6.2727272727272725,0.8672727272727272
306,2025-S13,2025,13,Customer Web Portal,EIP-QA,Low,10.0,69.0,Regression Testing,Yes,25.38,,1,,,,6.2727272727272725,2.307272727272727
306,2025-S13,2025,13,Customer Web Portal,EIP-QA,Low,10.0,69.0,Defect Management,Yes,20.72,19.6,1,1.1199999999999974,5.405405405405393,0.945945945945946,6.2727272727272725,1.8836363636363636
307,2025-S14,2025,14,ERP Operations,ERP Operations QA,High,12.0,24.0,Test Planning,No,16.42,16.8,0,-0.379999999999999,-2.314250913520091,1.0231425091352009,1.8461538461538463,1.2630769230769232
307,2025-S14,2025,14,ERP Operations,ERP Operations QA,High,12.0,24.0,Test Design,Yes,14.1347,11.27,1,2.864700000000001,20.267143979002036,0.7973285602099797,1.8461538461538463,1.0872846153846154
307,2025-S14,2025,14,ERP Operations,ERP Operations QA,High,12.0,24.0,Automation Development,Yes,17.4,15.3,1,2.099999999999998,12.068965517241368,0.8793103448275863,1.8461538461538463,1.3384615384615384
307,2025-S14,2025,14,ERP Operations,ERP Operations QA,High,12.0,24.0,Test Execution,No,5.322,5.13,0,0.19200000000000017,3.607666290868098,0.963923337091319,1.8461538461538463,0.4093846153846154
307,2025-S14,2025,14,ERP Operations,ERP Operations QA,High,12.0,24.0,Regression Testing,No,13.74,13.81,0,-0.07000000000000028,-0.5094614264919962,1.00509461426492,1.8461538461538463,1.0569230769230769
307,2025-S14,2025,14,ERP Operations,ERP Operations QA,High,12.0,24.0,Defect Management,No,5.84,6.0,0,-0.16000000000000014,-2.739726027397263,1.0273972602739727,1.8461538461538463,0.4492307692307692
308,2025-S14,2025,14,Customer Web Portal,EIP-QA,High,11.0,74.0,Test Planning,No,14.6,14.0,0,0.5999999999999996,4.109589041095888,0.9589041095890412,6.166666666666667,1.2166666666666666
308,2025-S14,2025,14,Customer Web Portal,EIP-QA,High,11.0,74.0,Test Design,Yes,39.4,28.44,1,10.959999999999997,27.817258883248723,0.7218274111675127,6.166666666666667,3.283333333333333
308,2025-S14,2025,14,Customer Web Portal,EIP-QA,High,11.0,74.0,Automation Development,Yes,44.4422,34.26,1,10.182200000000002,22.911107010904054,0.7708889298909595,6.166666666666667,3.703516666666667
308,2025-S14,2025,14,Customer Web Portal,EIP-QA,High,11.0,74.0,Test Execution,Yes,15.0,14.36,1,0.6400000000000006,4.266666666666671,0.9573333333333333,6.166666666666667,1.25
308,2025-S14,2025,14,Customer Web Portal,EIP-QA,High,11.0,74.0,Regression Testing,Yes,24.4698,21.66,1,2.809799999999999,11.48272564548954,0.8851727435451046,6.166666666666667,2.03915
308,2025-S14,2025,14,Customer Web Portal,EIP-QA,High,11.0,74.0,Defect Management,Yes,25.0,15.51,1,9.49,37.96,0.6204,6.166666666666667,2.0833333333333335
309,2025-S14,2025,14,CRM Sales & Service,CRM Platform QA,Low,9.0,81.0,Test Planning,No,9.47,9.75,0,-0.27999999999999936,-2.9567053854276595,1.0295670538542765,8.1,0.9470000000000001
309,2025-S14,2025,14,CRM Sales & Service,CRM Platform QA,Low,9.0,81.0,Test Design,Yes,29.0,25.0,1,4.0,13.793103448275861,0.8620689655172413,8.1,2.9
309,2025-S14,2025,14,CRM Sales & Service,CRM Platform QA,Low,9.0,81.0,Automation Development,Yes,29.46,28.9,1,0.5600000000000023,1.900882552613721,0.9809911744738627,8.1,2.946
309,2025-S14,2025,14,CRM Sales & Service,CRM Platform QA,Low,9.0,81.0,Test Execution,No,12.0,12.5,0,-0.5,-4.166666666666666,1.0416666666666667,8.1,1.2
309,2025-S14,2025,14,CRM Sales & Service,CRM Platform QA,Low,9.0,81.0,Regression Testing,Yes,28.76,20.3988,1,8.3612,29.072322670375524,0.7092767732962448,8.1,2.8760000000000003
309,2025-S14,2025,14,CRM Sales & Service,CRM Platform QA,Low,9.0,81.0,Defect Management,No,24.76,25.3346,0,-0.5745999999999967,-2.3206785137318118,1.023206785137318,8.1,2.476
310,2025-S14,2025,14,API Integration Platform,API & Middleware QA,Medium,13.0,54.0,Test Planning,No,13.99,13.7,0,0.2900000000000009,2.072909220872058,0.9792709077912795,3.857142857142857,0.9992857142857143
310,2025-S14,2025,14,API Integration Platform,API & Middleware QA,Medium,13.0,54.0,Test Design,Yes,23.0,16.8363,1,6.163699999999999,26.798695652173908,0.7320130434782609,3.857142857142857,1.6428571428571428
310,2025-S14,2025,14,API Integration Platform,API & Middleware QA,Medium,13.0,54.0,Automation Development,No,36.28,37.85,0,-1.5700000000000003,-4.327453142227123,1.0432745314222713,3.857142857142857,2.5914285714285716
310,2025-S14,2025,14,API Integration Platform,API & Middleware QA,Medium,13.0,54.0,Test Execution,No,9.18,17.27,0,-8.09,-88.12636165577342,1.881263616557734,3.857142857142857,0.6557142857142857
310,2025-S14,2025,14,API Integration Platform,API & Middleware QA,Medium,13.0,54.0,Regression Testing,Yes,12.0,7.97,1,4.03,33.583333333333336,0.6641666666666667,3.857142857142857,0.8571428571428571
310,2025-S14,2025,14,API Integration Platform,API & Middleware QA,Medium,13.0,54.0,Defect Management,No,21.19,21.7,0,-0.509999999999998,-2.4067956583293912,1.024067956583294,3.857142857142857,1.5135714285714286
311,2025-S14,2025,14,Billing & Payments,Billing & Payments QA,Medium,11.0,49.0,Test Planning,No,12.49,29.2,0,-16.71,-133.78702962369897,2.3378702962369893,4.083333333333333,1.0408333333333333
311,2025-S14,2025,14,Billing & Payments,Billing & Payments QA,Medium,11.0,49.0,Test Design,Yes,21.19,18.8,1,2.3900000000000006,11.27890514393582,0.8872109485606418,4.083333333333333,1.7658333333333334
311,2025-S14,2025,14,Billing & Payments,Billing & Payments QA,Medium,11.0,49.0,Automation Development,Yes,35.37,31.49,1,3.879999999999999,10.969748374328525,0.8903025162567147,4.083333333333333,2.9475
311,2025-S14,2025,14,Billing & Payments,Billing & Payments QA,Medium,11.0,49.0,Test Execution,No,8.2,8.36,0,-0.16000000000000014,-1.9512195121951237,1.0195121951219512,4.083333333333333,0.6833333333333332
311,2025-S14,2025,14,Billing & Payments,Billing & Payments QA,Medium,11.0,49.0,Regression Testing,No,14.76,14.3,0,0.4599999999999991,3.1165311653116468,0.9688346883468836,4.083333333333333,1.23
311,2025-S14,2025,14,Billing & Payments,Billing & Payments QA,Medium,11.0,49.0,Defect Management,No,18.2,18.53,0,-0.33000000000000185,-1.8131868131868234,1.0181318681318683,4.083333333333333,1.5166666666666666
312,2025-S14,2025,14,Mobile Service App,Mobile & Web QE,Medium,16.0,54.0,Test Planning,No,16.7,14.61,0,2.09,12.51497005988024,0.8748502994011976,3.176470588235294,0.9823529411764705
312,2025-S14,2025,14,Mobile Service App,Mobile & Web QE,Medium,16.0,54.0,Test Design,Yes,23.5,15.6,1,7.9,33.61702127659575,0.6638297872340425,3.176470588235294,1.3823529411764706
312,2025-S14,2025,14,Mobile Service App,Mobile & Web QE,Medium,16.0,54.0,Automation Development,Yes,24.0,19.37,1,4.629999999999999,19.291666666666664,0.8070833333333334,3.176470588235294,1.411764705882353
312,2025-S14,2025,14,Mobile Service App,Mobile & Web QE,Medium,16.0,54.0,Test Execution,No,8.9465,10.14,0,-1.1935000000000002,-13.340412451796793,1.133404124517968,3.176470588235294,0.526264705882353
312,2025-S14,2025,14,Mobile Service App,Mobile & Web QE,Medium,16.0,54.0,Regression Testing,Yes,19.2,15.0,1,4.199999999999999,21.874999999999996,0.78125,3.176470588235294,1.1294117647058823
312,2025-S14,2025,14,Mobile Service App,Mobile & Web QE,Medium,16.0,54.0,Defect Management,Yes,10.25,8.0,1,2.25,21.951219512195124,0.7804878048780488,3.176470588235294,0.6029411764705882
313,2025-S15,2025,15,Enterprise Data Platform,Data Platform QA,High,11.0,73.0,Test Planning,No,14.7,14.59,0,0.10999999999999943,0.7482993197278873,0.9925170068027211,6.083333333333333,1.2249999999999999
313,2025-S15,2025,15,Enterprise Data Platform,Data Platform QA,High,11.0,73.0,Test Design,Yes,40.24,26.4,1,13.840000000000003,34.393638170974164,0.6560636182902584,6.083333333333333,3.3533333333333335
313,2025-S15,2025,15,Enterprise Data Platform,Data Platform QA,High,11.0,73.0,Automation Development,Yes,33.8,17.9,1,15.899999999999999,47.0414201183432,0.5295857988165681,6.083333333333333,2.8166666666666664
313,2025-S15,2025,15,Enterprise Data Platform,Data Platform QA,High,11.0,73.0,Test Execution,No,13.83,16.8,0,-2.9700000000000006,-21.47505422993493,1.2147505422993492,6.083333333333333,1.1525
313,2025-S15,2025,15,Enterprise Data Platform,Data Platform QA,High,11.0,73.0,Regression Testing,Yes,17.4,20.0,1,-2.6000000000000014,-14.942528735632193,1.149425287356322,6.083333333333333,1.45
313,2025-S15,2025,15,Enterprise Data Platform,Data Platform QA,High,11.0,73.0,Defect Management,No,22.05,24.02,0,-1.9699999999999989,-8.934240362811787,1.0893424036281179,6.083333333333333,1.8375000000000001
314,2025-S15,2025,15,API Integration Platform,API & Middleware QA,Low,12.0,48.0,Test Planning,No,11.0,12.07,0,-1.0700000000000003,-9.72727272727273,1.0972727272727274,3.6923076923076925,0.8461538461538461
314,2025-S15,2025,15,API Integration Platform,API & Middleware QA,Low,12.0,48.0,Test Design,Yes,17.41,10.0,1,7.41,42.56174612291787,0.5743825387708213,3.6923076923076925,1.3392307692307692
314,2025-S15,2025,15,API Integration Platform,API & Middleware QA,Low,12.0,48.0,Automation Development,No,29.8,29.7,0,0.10000000000000142,0.3355704697986625,0.9966442953020134,3.6923076923076925,2.292307692307692
314,2025-S15,2025,15,API Integration Platform,API & Middleware QA,Low,12.0,48.0,Test Execution,No,7.4,7.77,0,-0.3699999999999992,-4.999999999999989,1.0499999999999998,3.6923076923076925,0.5692307692307692
314,2025-S15,2025,15,API Integration Platform,API & Middleware QA,Low,12.0,48.0,Regression Testing,Yes,16.93,12.99,1,3.9399999999999995,23.272297696396926,0.7672770230360307,3.6923076923076925,1.3023076923076924
314,2025-S15,2025,15,API Integration Platform,API & Middleware QA,Low,12.0,48.0,Defect Management,No,17.33,19.0,0,-1.6700000000000017,-9.636468551644557,1.0963646855164455,3.6923076923076925,1.333076923076923
315,2025-S15,2025,15,Billing & Payments,Billing & Payments QA,Medium,6.0,56.0,Test Planning,No,8.39,8.58,0,-0.1899999999999995,-2.264600715137062,1.0226460071513706,8.0,1.1985714285714286
315,2025-S15,2025,15,Billing & Payments,Billing & Payments QA,Medium,6.0,56.0,Test Design,Yes,23.36,20.76,1,2.599999999999998,11.13013698630136,0.8886986301369864,8.0,3.337142857142857
315,2025-S15,2025,15,Billing & Payments,Billing & Payments QA,Medium,6.0,56.0,Automation Development,Yes,37.49,33.99,1,3.5,9.33582288610296,0.9066417711389704,8.0,5.355714285714286
315,2025-S15,2025,15,Billing & Payments,Billing & Payments QA,Medium,6.0,56.0,Test Execution,No,8.78,10.0,0,-1.2200000000000006,-13.89521640091117,1.1389521640091116,8.0,1.2542857142857142
315,2025-S15,2025,15,Billing & Payments,Billing & Payments QA,Medium,6.0,56.0,Regression Testing,No,19.1543,20.74,0,-1.5856999999999992,-8.278558861456693,1.082785588614567,8.0,2.7363285714285714
315,2025-S15,2025,15,Billing & Payments,Billing & Payments QA,Medium,6.0,56.0,Defect Management,No,10.86,10.76,0,0.09999999999999964,0.9208103130755032,0.990791896869245,8.0,1.5514285714285714
316,2025-S15,2025,15,ERP Operations,ERP Operations QA,High,6.0,48.0,Test Planning,No,8.27,7.6599,0,0.6100999999999992,7.37726723095525,0.9262273276904475,6.857142857142857,1.1814285714285713
316,2025-S15,2025,15,ERP Operations,ERP Operations QA,High,6.0,48.0,Test Design,Yes,27.0,21.6,1,5.399999999999999,19.999999999999996,0.8,6.857142857142857,3.857142857142857
316,2025-S15,2025,15,ERP Operations,ERP Operations QA,High,6.0,48.0,Automation Development,No,31.98,35.7,0,-3.7200000000000024,-11.632270168855543,1.1163227016885555,6.857142857142857,4.5685714285714285
316,2025-S15,2025,15,ERP Operations,ERP Operations QA,High,6.0,48.0,Test Execution,No,9.51,11.0,0,-1.4900000000000002,-15.6677181913775,1.156677181913775,6.857142857142857,1.3585714285714285
316,2025-S15,2025,15,ERP Operations,ERP Operations QA,High,6.0,48.0,Regression Testing,No,19.3,20.27,0,-0.9699999999999989,-5.025906735751289,1.050259067357513,6.857142857142857,2.757142857142857
316,2025-S15,2025,15,ERP Operations,ERP Operations QA,High,6.0,48.0,Defect Management,No,12.0,11.9,0,0.09999999999999964,0.8333333333333304,0.9916666666666667,6.857142857142857,1.7142857142857142
317,2025-S15,2025,15,Customer Web Portal,EIP-QA,Low,15.0,66.0,Test Planning,No,13.7,12.2,0,1.5,10.948905109489052,0.8905109489051095,4.125,0.85625
317,2025-S15,2025,15,Customer Web Portal,EIP-QA,Low,15.0,66.0,Test Design,Yes,24.59,14.24,1,10.35,42.090280601870674,0.5790971939812932,4.125,1.536875
317,2025-S15,2025,15,Customer Web Portal,EIP-QA,Low,15.0,66.0,Automation Development,Yes,20.8654,18.42,1,2.4453999999999994,11.71988075953492,0.8828011924046508,4.125,1.3040875
317,2025-S15,2025,15,Customer Web Portal,EIP-QA,Low,15.0,66.0,Test Execution,Yes,9.02,7.5,1,1.5199999999999996,16.851441241685137,0.8314855875831486,4.125,0.56375
317,2025-S15,2025,15,Customer Web Portal,EIP-QA,Low,15.0,66.0,Regression Testing,Yes,15.04,13.0,1,2.039999999999999,13.563829787234038,0.8643617021276596,4.125,0.94
317,2025-S15,2025,15,Customer Web Portal,EIP-QA,Low,15.0,66.0,Defect Management,Yes,14.78,12.16,1,2.619999999999999,17.726657645466844,0.8227334235453315,4.125,0.92375
318,2025-S16,2025,16,Customer Web Portal,EIP-QA,Medium,9.0,45.0,Test Planning,No,9.9,9.4061,0,0.4939,4.988888888888889,0.9501111111111111,4.5,0.99
318,2025-S16,2025,16,Customer Web Portal,EIP-QA,Medium,9.0,45.0,Test Design,Yes,20.73,13.93,1,6.800000000000001,32.80270139893874,0.6719729860106126,4.5,2.073
318,2025-S16,2025,16,Customer Web Portal,EIP-QA,Medium,9.0,45.0,Automation Development,Yes,12.56,11.1,1,1.4600000000000009,11.624203821656057,0.8837579617834395,4.5,1.256
318,2025-S16,2025,16,Customer Web Portal,EIP-QA,Medium,9.0,45.0,Test Execution,No,7.4,6.96,0,0.4400000000000004,5.945945945945951,0.9405405405405405,4.5,0.74
318,2025-S16,2025,16,Customer Web Portal,EIP-QA,Medium,9.0,45.0,Regression Testing,Yes,17.23,13.9,1,3.33,19.326755658734765,0.8067324434126524,4.5,1.723
318,2025-S16,2025,16,Customer Web Portal,EIP-QA,Medium,9.0,45.0,Defect Management,Yes,13.07,11.8,1,1.2699999999999996,9.716908951798008,0.9028309104820199,4.5,1.307
319,2025-S16,2025,16,API Integration Platform,API & Middleware QA,High,7.0,49.0,Test Planning,No,10.37,9.73,0,0.6399999999999988,6.171648987463827,0.9382835101253617,6.125,1.29625
319,2025-S16,2025,16,API Integration Platform,API & Middleware QA,High,7.0,49.0,Test Design,Yes,27.86,21.8384,1,6.021599999999999,21.6137832017229,0.783862167982771,6.125,3.4825
319,2025-S16,2025,16,API Integration Platform,API & Middleware QA,High,7.0,49.0,Automation Development,No,20.2,21.22,0,-1.0199999999999996,-5.049504950495048,1.0504950495049505,6.125,2.525
319,2025-S16,2025,16,API Integration Platform,API & Middleware QA,High,7.0,49.0,Test Execution,No,9.84,11.0,0,-1.1600000000000001,-11.788617886178864,1.1178861788617886,6.125,1.23
319,2025-S16,2025,16,API Integration Platform,API & Middleware QA,High,7.0,49.0,Regression Testing,No,17.77,20.91,0,-3.1400000000000006,-17.670230725942602,1.176702307259426,6.125,2.22125
319,2025-S16,2025,16,API Integration Platform,API & Middleware QA,High,7.0,49.0,Defect Management,No,16.63,17.61,0,-0.9800000000000004,-5.892964521948289,1.058929645219483,6.125,2.07875
320,2025-S16,2025,16,CRM Sales & Service,CRM Platform QA,Medium,9.0,76.0,Test Planning,No,10.0,11.0,0,-1.0,-10.0,1.1,7.6,1.0
320,2025-S16,2025,16,CRM Sales & Service,CRM Platform QA,Medium,9.0,76.0,Test Design,Yes,31.93,24.6,1,7.329999999999998,22.95646727215784,0.7704353272784216,7.6,3.193
320,2025-S16,2025,16,CRM Sales & Service,CRM Platform QA,Medium,9.0,76.0,Automation Development,Yes,24.54,19.36,1,5.18,21.10839445802771,0.7889160554197229,7.6,2.4539999999999997
320,2025-S16,2025,16,CRM Sales & Service,CRM Platform QA,Medium,9.0,76.0,Test Execution,No,11.4,12.15,0,-0.75,-6.578947368421052,1.0657894736842106,7.6,1.1400000000000001
320,2025-S16,2025,16,CRM Sales & Service,CRM Platform QA,Medium,9.0,76.0,Regression Testing,Yes,26.22,19.8369,1,6.383099999999999,24.344393592677342,0.7565560640732266,7.6,2.622
320,2025-S16,2025,16,CRM Sales & Service,CRM Platform QA,Medium,9.0,76.0,Defect Management,Yes,14.09,12.89,1,1.1999999999999993,8.516678495386794,0.914833215046132,7.6,1.409
321,2025-S16,2025,16,Mobile Service App,Mobile & Web QE,Medium,14.0,63.0,Test Planning,No,15.66,13.74,0,1.92,12.260536398467432,0.8773946360153256,4.2,1.044
321,2025-S16,2025,16,Mobile Service App,Mobile & Web QE,Medium,14.0,63.0,Test Design,Yes,26.37,22.0,1,4.370000000000001,16.571861964353435,0.8342813803564656,4.2,1.758
321,2025-S16,2025,16,Mobile Service App,Mobile & Web QE,Medium,14.0,63.0,Automation Development,Yes,42.67,47.4,1,-4.729999999999997,-11.085071478790711,1.1108507147879072,4.2,2.844666666666667
321,2025-S16,2025,16,Mobile Service App,Mobile & Web QE,Medium,14.0,63.0,Test Execution,No,10.03,9.46,0,0.5699999999999985,5.682951146560304,0.943170488534397,4.2,0.6686666666666666
321,2025-S16,2025,16,Mobile Service App,Mobile & Web QE,Medium,14.0,63.0,Regression Testing,Yes,22.12,15.71,1,6.41,28.978300180831823,0.7102169981916817,4.2,1.4746666666666668
321,2025-S16,2025,16,Mobile Service App,Mobile & Web QE,Medium,14.0,63.0,Defect Management,Yes,18.81,22.31,1,-3.5,-18.607123870281768,1.1860712387028176,4.2,1.254
322,2025-S16,2025,16,ERP Operations,ERP Operations QA,High,10.0,92.0,Test Planning,No,14.44,13.95,0,0.4900000000000002,3.393351800554018,0.9660664819944598,8.363636363636363,1.3127272727272727
322,2025-S16,2025,16,ERP Operations,ERP Operations QA,High,10.0,92.0,Test Design,Yes,50.42,42.6,1,7.82,15.509718365727887,0.8449028163427211,8.363636363636363,4.583636363636364
322,2025-S16,2025,16,ERP Operations,ERP Operations QA,High,10.0,92.0,Automation Development,No,56.3,57.47,0,-1.1700000000000017,-2.078152753108351,1.0207815275310834,8.363636363636363,5.118181818181818
322,2025-S16,2025,16,ERP Operations,ERP Operations QA,High,10.0,92.0,Test Execution,No,17.3018,19.65,0,-2.3481999999999985,-13.571998289195337,1.1357199828919533,8.363636363636363,1.5728909090909091
322,2025-S16,2025,16,ERP Operations,ERP Operations QA,High,10.0,92.0,Regression Testing,No,23.7,24.54,0,-0.8399999999999999,-3.544303797468354,1.0354430379746835,8.363636363636363,2.1545454545454543
322,2025-S16,2025,16,ERP Operations,ERP Operations QA,High,10.0,92.0,Defect Management,No,23.76,26.32,0,-2.5599999999999987,-10.774410774410768,1.1077441077441077,8.363636363636363,2.16
323,2025-S16,2025,16,Billing & Payments,Billing & Payments QA,High,7.0,88.0,Test Planning,No,11.0,11.44,0,-0.4399999999999995,-3.999999999999995,1.04,11.0,1.375
323,2025-S16,2025,16,Billing & Payments,Billing & Payments QA,High,7.0,88.0,Test Design,No,47.0,45.6,0,1.3999999999999986,2.9787234042553163,0.9702127659574469,11.0,5.875
323,2025-S16,2025,16,Billing & Payments,Billing & Payments QA,High,7.0,88.0,Automation Development,Yes,43.42,41.26,1,2.1600000000000037,4.974666052510372,0.9502533394748963,11.0,5.4275
323,2025-S16,2025,16,Billing & Payments,Billing & Payments QA,High,7.0,88.0,Test Execution,No,16.2,14.96,0,1.2399999999999984,7.6543209876543115,0.9234567901234569,11.0,2.025
323,2025-S16,2025,16,Billing & Payments,Billing & Payments QA,High,7.0,88.0,Regression Testing,No,38.2,41.151,0,-2.9510000000000005,-7.725130890052356,1.0772513089005236,11.0,4.775
323,2025-S16,2025,16,Billing & Payments,Billing & Payments QA,High,7.0,88.0,Defect Management,No,12.71,12.7,0,0.010000000000001563,0.07867820613691237,0.9992132179386308,11.0,1.58875
324,2025-S16,2025,16,Enterprise Data Platform,Data Platform QA,Low,11.0,70.0,Test Planning,No,14.0,15.0,0,-1.0,-7.142857142857142,1.0714285714285714,5.833333333333333,1.1666666666666667
324,2025-S16,2025,16,Enterprise Data Platform,Data Platform QA,Low,11.0,70.0,Test Design,Yes,37.22,22.6,1,14.619999999999997,39.27995701235894,0.6072004298764105,5.833333333333333,3.1016666666666666
324,2025-S16,2025,16,Enterprise Data Platform,Data Platform QA,Low,11.0,70.0,Automation Development,Yes,37.6174,33.0,1,4.6174000000000035,12.274638863929999,0.8772536113607,5.833333333333333,3.1347833333333335
324,2025-S16,2025,16,Enterprise Data Platform,Data Platform QA,Low,11.0,70.0,Test Execution,No,13.46,16.7071,0,-3.2470999999999997,-24.124071322436848,1.2412407132243684,5.833333333333333,1.1216666666666668
324,2025-S16,2025,16,Enterprise Data Platform,Data Platform QA,Low,11.0,70.0,Regression Testing,Yes,28.0339,34.0,1,-5.966100000000001,-21.281733900741607,1.212817339007416,5.833333333333333,2.336158333333333
324,2025-S16,2025,16,Enterprise Data Platform,Data Platform QA,Low,11.0,70.0,Defect Management,No,17.7,20.03,0,-2.330000000000002,-13.163841807909616,1.1316384180790962,5.833333333333333,1.4749999999999999
325,2025-S17,2025,17,API Integration Platform,API & Middleware QA,High,10.0,82.0,Test Planning,No,8.77,9.0,0,-0.23000000000000043,-2.6225769669327303,1.0262257696693273,7.454545454545454,0.7972727272727272
325,2025-S17,2025,17,API Integration Platform,API & Middleware QA,High,10.0,82.0,Test Design,No,36.09,28.25,0,7.840000000000003,21.723469105015248,0.7827653089498475,7.454545454545454,3.280909090909091
325,2025-S17,2025,17,API Integration Platform,API & Middleware QA,High,10.0,82.0,Automation Development,Yes,47.48,34.97,1,12.509999999999998,26.347935973041274,0.7365206402695872,7.454545454545454,4.316363636363636
325,2025-S17,2025,17,API Integration Platform,API & Middleware QA,High,10.0,82.0,Test Execution,No,12.1,13.79,0,-1.6899999999999995,-13.966942148760328,1.1396694214876033,7.454545454545454,1.0999999999999999
325,2025-S17,2025,17,API Integration Platform,API & Middleware QA,High,10.0,82.0,Regression Testing,Yes,22.2,18.32,1,3.879999999999999,17.477477477477475,0.8252252252252252,7.454545454545454,2.018181818181818
325,2025-S17,2025,17,API Integration Platform,API & Middleware QA,High,10.0,82.0,Defect Management,No,19.08,17.8,0,1.2799999999999976,6.708595387840659,0.9329140461215935,7.454545454545454,1.7345454545454544
326,2025-S17,2025,17,Enterprise Data Platform,Data Platform QA,Medium,6.0,49.0,Test Planning,No,8.0,9.36,0,-1.3599999999999994,-16.999999999999993,1.17,7.0,1.1428571428571428
326,2025-S17,2025,17,Enterprise Data Platform,Data Platform QA,Medium,6.0,49.0,Test Design,Yes,22.41,16.6,1,5.809999999999999,25.92592592592592,0.7407407407407408,7.0,3.2014285714285715
326,2025-S17,2025,17,Enterprise Data Platform,Data Platform QA,Medium,6.0,49.0,Automation Development,Yes,24.0,21.0,1,3.0,12.5,0.875,7.0,3.4285714285714284
326,2025-S17,2025,17,Enterprise Data Platform,Data Platform QA,Medium,6.0,49.0,Test Execution,No,7.9,7.3,0,0.6000000000000005,7.594936708860765,0.9240506329113923,7.0,1.1285714285714286
326,2025-S17,2025,17,Enterprise Data Platform,Data Platform QA,Medium,6.0,49.0,Regression Testing,Yes,17.062,13.02,1,4.042000000000002,23.690071503926863,0.7630992849607314,7.0,2.4374285714285717
326,2025-S17,2025,17,Enterprise Data Platform,Data Platform QA,Medium,6.0,49.0,Defect Management,No,10.4908,8.75,0,1.7408000000000001,16.59358676173409,0.8340641323826591,7.0,1.4986857142857144
327,2025-S17,2025,17,Mobile Service App,Mobile & Web QE,Medium,8.0,97.0,Test Planning,No,8.9,8.63,0,0.2699999999999996,3.0337078651685343,0.9696629213483147,10.777777777777779,0.9888888888888889
327,2025-S17,2025,17,Mobile Service App,Mobile & Web QE,Medium,8.0,97.0,Test Design,No,39.85,38.43,0,1.4200000000000017,3.5633626097867044,0.964366373902133,10.777777777777779,4.427777777777778
327,2025-S17,2025,17,Mobile Service App,Mobile & Web QE,Medium,8.0,97.0,Automation Development,Yes,68.84,47.84,1,21.0,30.5055200464846,0.694944799535154,10.777777777777779,7.648888888888889
327,2025-S17,2025,17,Mobile Service App,Mobile & Web QE,Medium,8.0,97.0,Test Execution,No,15.96,16.69,0,-0.7300000000000004,-4.573934837092734,1.0457393483709274,10.777777777777779,1.7733333333333334
327,2025-S17,2025,17,Mobile Service App,Mobile & Web QE,Medium,8.0,97.0,Regression Testing,Yes,41.6,35.0,1,6.600000000000001,15.865384615384617,0.8413461538461539,10.777777777777779,4.622222222222223
327,2025-S17,2025,17,Mobile Service App,Mobile & Web QE,Medium,8.0,97.0,Defect Management,Yes,20.69,18.59,1,2.1000000000000014,10.149830836152738,0.8985016916384726,10.777777777777779,2.298888888888889
328,2025-S17,2025,17,Customer Web Portal,EIP-QA,Medium,14.0,73.0,Test Planning,Yes,13.0,13.6,1,-0.5999999999999996,-4.615384615384613,1.0461538461538462,4.866666666666666,0.8666666666666667
328,2025-S17,2025,17,Customer Web Portal,EIP-QA,Medium,14.0,73.0,Test Design,Yes,31.3,16.33,1,14.970000000000002,47.82747603833866,0.5217252396166133,4.866666666666666,2.086666666666667
328,2025-S17,2025,17,Customer Web Portal,EIP-QA,Medium,14.0,73.0,Automation Development,Yes,46.78,40.0,1,6.780000000000001,14.493373236425825,0.8550662676357418,4.866666666666666,3.118666666666667
328,2025-S17,2025,17,Customer Web Portal,EIP-QA,Medium,14.0,73.0,Test Execution,No,11.59,10.5,0,1.0899999999999999,9.404659188955995,0.90595340811044,4.866666666666666,0.7726666666666666
328,2025-S17,2025,17,Customer Web Portal,EIP-QA,Medium,14.0,73.0,Regression Testing,Yes,22.71,20.43,1,2.280000000000001,10.039630118890361,0.8996036988110964,4.866666666666666,1.514
328,2025-S17,2025,17,Customer Web Portal,EIP-QA,Medium,14.0,73.0,Defect Management,No,11.83,8.86,0,2.9700000000000006,25.105663567202036,0.7489433643279797,4.866666666666666,0.7886666666666666
329,2025-S17,2025,17,ERP Operations,ERP Operations QA,Medium,11.0,63.0,Test Planning,No,12.0,14.2,0,-2.1999999999999993,-18.333333333333325,1.1833333333333333,5.25,1.0
329,2025-S17,2025,17,ERP Operations,ERP Operations QA,Medium,11.0,63.0,Test Design,Yes,28.09,20.27,1,7.82,27.839088643645425,0.7216091135635457,5.25,2.3408333333333333
329,2025-S17,2025,17,ERP Operations,ERP Operations QA,Medium,11.0,63.0,Automation Development,No,34.64,35.99,0,-1.3500000000000014,-3.897228637413399,1.038972286374134,5.25,2.8866666666666667
329,2025-S17,2025,17,ERP Operations,ERP Operations QA,Medium,11.0,63.0,Test Execution,No,10.5,11.0,0,-0.5,-4.761904761904762,1.0476190476190477,5.25,0.875
329,2025-S17,2025,17,ERP Operations,ERP Operations QA,Medium,11.0,63.0,Regression Testing,No,16.24,16.76,0,-0.5200000000000031,-3.2019704433497735,1.0320197044334978,5.25,1.3533333333333333
329,2025-S17,2025,17,ERP Operations,ERP Operations QA,Medium,11.0,63.0,Defect Management,Yes,,11.89,1,,,,5.25,
330,2025-S17,2025,17,Billing & Payments,Billing & Payments QA,Medium,12.0,109.0,Test Planning,No,13.29,11.8,0,1.4899999999999984,11.211437170805105,0.887885628291949,8.384615384615385,1.0223076923076921
330,2025-S17,2025,17,Billing & Payments,Billing & Payments QA,Medium,12.0,109.0,Test Design,No,46.4,34.6,0,11.799999999999997,25.431034482758612,0.7456896551724138,8.384615384615385,3.569230769230769
330,2025-S17,2025,17,Billing & Payments,Billing & Payments QA,Medium,12.0,109.0,Automation Development,No,38.044,31.43,0,6.613999999999997,17.38513300389023,0.8261486699610977,8.384615384615385,2.9264615384615382
330,2025-S17,2025,17,Billing & Payments,Billing & Payments QA,Medium,12.0,109.0,Test Execution,No,16.34,16.78,0,-0.4400000000000013,-2.6927784577723455,1.0269277845777234,8.384615384615385,1.2569230769230768
330,2025-S17,2025,17,Billing & Payments,Billing & Payments QA,Medium,12.0,109.0,Regression Testing,No,28.56,26.92,0,1.639999999999997,5.742296918767497,0.942577030812325,8.384615384615385,2.1969230769230768
330,2025-S17,2025,17,Billing & Payments,Billing & Payments QA,Medium,12.0,109.0,Defect Management,No,17.0,17.1,0,-0.10000000000000142,-0.5882352941176554,1.0058823529411764,8.384615384615385,1.3076923076923077
331,2025-S17,2025,17,CRM Sales & Service,CRM Platform QA,Low,10.0,77.0,Test Planning,No,10.56,10.95,0,-0.3899999999999988,-3.693181818181807,1.0369318181818181,7.0,0.9600000000000001
331,2025-S17,2025,17,CRM Sales & Service,CRM Platform QA,Low,10.0,77.0,Test Design,Yes,26.78,23.0,1,3.780000000000001,14.115011202389846,0.8588498879761015,7.0,2.4345454545454546
331,2025-S17,2025,17,CRM Sales & Service,CRM Platform QA,Low,10.0,77.0,Automation Development,Yes,46.44,38.01,1,8.43,18.152454780361758,0.8184754521963824,7.0,4.221818181818182
331,2025-S17,2025,17,CRM Sales & Service,CRM Platform QA,Low,10.0,77.0,Test Execution,No,10.06,11.08,0,-1.0199999999999996,-10.139165009940353,1.1013916500994034,7.0,0.9145454545454546
331,2025-S17,2025,17,CRM Sales & Service,CRM Platform QA,Low,10.0,77.0,Regression Testing,Yes,26.0,22.37,1,3.629999999999999,13.961538461538458,0.8603846153846154,7.0,2.3636363636363638
331,2025-S17,2025,17,CRM Sales & Service,CRM Platform QA,Low,10.0,77.0,Defect Management,Yes,14.33,13.0,1,1.33,9.281228192602931,0.9071877180739707,7.0,1.3027272727272727
332,2025-S18,2025,18,Enterprise Data Platform,Data Platform QA,Medium,6.0,47.0,Test Planning,No,7.1,6.81,0,0.29000000000000004,4.084507042253522,0.9591549295774647,6.714285714285714,1.0142857142857142
332,2025-S18,2025,18,Enterprise Data Platform,Data Platform QA,Medium,6.0,47.0,Test Design,Yes,20.74,12.9,1,7.839999999999998,37.801350048216,0.62198649951784,6.714285714285714,2.9628571428571426
332,2025-S18,2025,18,Enterprise Data Platform,Data Platform QA,Medium,6.0,47.0,Automation Development,Yes,33.0,30.65,1,2.3500000000000014,7.1212121212121255,0.9287878787878787,6.714285714285714,4.714285714285714
332,2025-S18,2025,18,Enterprise Data Platform,Data Platform QA,Medium,6.0,47.0,Test Execution,No,7.88,8.16,0,-0.28000000000000025,-3.55329949238579,1.0355329949238579,6.714285714285714,1.1257142857142857
332,2025-S18,2025,18,Enterprise Data Platform,Data Platform QA,Medium,6.0,47.0,Regression Testing,Yes,10.29,6.91,1,3.379999999999999,32.84742468415937,0.6715257531584062,6.714285714285714,1.47
332,2025-S18,2025,18,Enterprise Data Platform,Data Platform QA,Medium,6.0,47.0,Defect Management,Yes,16.47,21.3,1,-4.830000000000002,-29.326047358834256,1.2932604735883426,6.714285714285714,2.3528571428571428
333,2025-S18,2025,18,Billing & Payments,Billing & Payments QA,High,10.0,73.0,Test Planning,No,13.16,12.913,0,0.2469999999999999,1.8768996960486315,0.9812310030395137,6.636363636363637,1.1963636363636363
333,2025-S18,2025,18,Billing & Payments,Billing & Payments QA,High,10.0,73.0,Test Design,Yes,40.3,28.5,1,11.799999999999997,29.2803970223325,0.707196029776675,6.636363636363637,3.6636363636363636
333,2025-S18,2025,18,Billing & Payments,Billing & Payments QA,High,10.0,73.0,Automation Development,Yes,42.57,29.19,1,13.379999999999999,31.43058491895701,0.68569415081043,6.636363636363637,3.87
333,2025-S18,2025,18,Billing & Payments,Billing & Payments QA,High,10.0,73.0,Test Execution,No,14.17,13.6241,0,0.5458999999999996,3.8525052928722623,0.9614749470712773,6.636363636363637,1.288181818181818
333,2025-S18,2025,18,Billing & Payments,Billing & Payments QA,High,10.0,73.0,Regression Testing,Yes,34.76,26.86,1,7.899999999999999,22.727272727272723,0.7727272727272727,6.636363636363637,3.1599999999999997
333,2025-S18,2025,18,Billing & Payments,Billing & Payments QA,High,10.0,73.0,Defect Management,No,16.47,18.1,0,-1.6300000000000026,-9.896782027929586,1.0989678202792958,6.636363636363637,1.497272727272727
334,2025-S18,2025,18,Customer Web Portal,EIP-QA,Medium,16.0,28.0,Test Planning,Yes,16.44,15.0,1,1.4400000000000013,8.759124087591248,0.9124087591240875,1.6470588235294117,0.9670588235294119
334,2025-S18,2025,18,Customer Web Portal,EIP-QA,Medium,16.0,28.0,Test Design,Yes,12.46,9.17,1,3.290000000000001,26.404494382022474,0.7359550561797752,1.6470588235294117,0.7329411764705883
334,2025-S18,2025,18,Customer Web Portal,EIP-QA,Medium,16.0,28.0,Automation Development,Yes,17.4,,1,,,,1.6470588235294117,1.0235294117647058
334,2025-S18,2025,18,Customer Web Portal,EIP-QA,Medium,16.0,28.0,Test Execution,No,5.03,4.97,0,0.0600000000000005,1.1928429423459344,0.9880715705765406,1.6470588235294117,0.2958823529411765
334,2025-S18,2025,18,Customer Web Portal,EIP-QA,Medium,16.0,28.0,Regression Testing,Yes,12.39,7.67,1,4.720000000000001,38.0952380952381,0.6190476190476191,1.6470588235294117,0.7288235294117648
334,2025-S18,2025,18,Customer Web Portal,EIP-QA,Medium,16.0,28.0,Defect Management,Yes,7.9,6.8,1,1.1000000000000005,13.924050632911397,0.860759493670886,1.6470588235294117,0.4647058823529412
335,2025-S18,2025,18,ERP Operations,ERP Operations QA,Medium,10.0,37.0,Test Planning,No,11.78,8.1,0,3.6799999999999997,31.239388794567063,0.6876061120543294,3.3636363636363638,1.0709090909090908
335,2025-S18,2025,18,ERP Operations,ERP Operations QA,Medium,10.0,37.0,Test Design,Yes,16.78,12.0935,1,4.6865000000000006,27.929082240762813,0.7207091775923719,3.3636363636363638,1.5254545454545456
335,2025-S18,2025,18,ERP Operations,ERP Operations QA,Medium,10.0,37.0,Automation Development,No,25.91,28.5,0,-2.59,-9.996140486298726,1.0999614048629873,3.3636363636363638,2.3554545454545455
335,2025-S18,2025,18,ERP Operations,ERP Operations QA,Medium,10.0,37.0,Test Execution,No,6.68,6.43,0,0.25,3.7425149700598808,0.9625748502994012,3.3636363636363638,0.6072727272727273
335,2025-S18,2025,18,ERP Operations,ERP Operations QA,Medium,10.0,37.0,Regression Testing,No,9.5,10.0,0,-0.5,-5.263157894736842,1.0526315789473684,3.3636363636363638,0.8636363636363636
335,2025-S18,2025,18,ERP Operations,ERP Operations QA,Medium,10.0,37.0,Defect Management,No,13.59,15.6,0,-2.01,-14.790286975717438,1.1479028697571745,3.3636363636363638,1.2354545454545454
336,2025-S18,2025,18,CRM Sales & Service,CRM Platform QA,Low,5.0,66.0,Test Planning,No,6.0721,7.0,0,-0.9279000000000002,-15.281368883911664,1.1528136888391167,11.0,1.0120166666666666
336,2025-S18,2025,18,CRM Sales & Service,CRM Platform QA,Low,5.0,66.0,Test Design,Yes,24.0,16.99,1,7.010000000000002,29.208333333333343,0.7079166666666666,11.0,4.0
336,2025-S18,2025,18,CRM Sales & Service,CRM Platform QA,Low,5.0,66.0,Automation Development,Yes,32.58,28.9,1,3.6799999999999997,11.295273173726212,0.8870472682627378,11.0,5.43
336,2025-S18,2025,18,CRM Sales & Service,CRM Platform QA,Low,5.0,66.0,Test Execution,Yes,8.9601,8.0,1,0.9601000000000006,10.715282195511216,0.8928471780448878,11.0,1.4933500000000002
336,2025-S18,2025,18,CRM Sales & Service,CRM Platform QA,Low,5.0,66.0,Regression Testing,Yes,14.95,14.55,1,0.3999999999999986,2.675585284280927,0.9732441471571908,11.0,2.4916666666666667
336,2025-S18,2025,18,CRM Sales & Service,CRM Platform QA,Low,5.0,66.0,Defect Management,Yes,10.75,8.77,1,1.9800000000000004,18.418604651162795,0.815813953488372,11.0,1.7916666666666667
338,2025-S18,2025,18,API Integration Platform,API & Middleware QA,Medium,7.0,99.0,Test Planning,No,8.5,8.9,0,-0.40000000000000036,-4.70588235294118,1.0470588235294118,12.375,1.0625
338,2025-S18,2025,18,API Integration Platform,API & Middleware QA,Medium,7.0,99.0,Test Design,Yes,41.2,39.98,1,1.220000000000006,2.9611650485437035,0.970388349514563,12.375,5.15
338,2025-S18,2025,18,API Integration Platform,API & Middleware QA,Medium,7.0,99.0,Automation Development,Yes,37.32,30.63,1,6.690000000000001,17.926045016077175,0.8207395498392283,12.375,4.665
338,2025-S18,2025,18,API Integration Platform,API & Middleware QA,Medium,7.0,99.0,Test Execution,No,14.14,13.8,0,0.33999999999999986,2.4045261669024036,0.975954738330976,12.375,1.7675
338,2025-S18,2025,18,API Integration Platform,API & Middleware QA,Medium,7.0,99.0,Regression Testing,No,18.7,20.28,0,-1.5800000000000018,-8.449197860962578,1.0844919786096259,12.375,2.3375
338,2025-S18,2025,18,API Integration Platform,API & Middleware QA,Medium,7.0,99.0,Defect Management,Yes,17.37,17.39,1,-0.019999999999999574,-0.11514104778353237,1.0011514104778354,12.375,2.17125
339,2025-S18,2025,18,Mobile Service App,Mobile & Web QE,Low,10.0,89.0,Test Planning,Yes,9.34,8.32,1,1.0199999999999996,10.92077087794432,0.8907922912205568,8.090909090909092,0.8490909090909091
339,2025-S18,2025,18,Mobile Service App,Mobile & Web QE,Low,10.0,89.0,Test Design,No,33.51,30.9,0,2.6099999999999994,7.788719785138763,0.9221128021486124,8.090909090909092,3.0463636363636364
339,2025-S18,2025,18,Mobile Service App,Mobile & Web QE,Low,10.0,89.0,Automation Development,Yes,36.73,25.7243,1,11.005699999999997,29.9637898175878,0.7003621018241221,8.090909090909092,3.339090909090909
339,2025-S18,2025,18,Mobile Service App,Mobile & Web QE,Low,10.0,89.0,Test Execution,No,11.66,10.66,0,1.0,8.576329331046312,0.9142367066895368,8.090909090909092,1.06
339,2025-S18,2025,18,Mobile Service App,Mobile & Web QE,Low,10.0,89.0,Regression Testing,Yes,18.0,13.23,1,4.77,26.499999999999996,0.735,8.090909090909092,1.6363636363636365
339,2025-S18,2025,18,Mobile Service App,Mobile & Web QE,Low,10.0,89.0,Defect Management,Yes,11.33,9.0,1,2.33,20.5648720211827,0.794351279788173,8.090909090909092,1.03
340,2025-S19,2025,19,ERP Operations,ERP Operations QA,High,9.0,40.0,Test Planning,No,13.0,10.8,0,2.1999999999999993,16.92307692307692,0.8307692307692308,4.0,1.3
340,2025-S19,2025,19,ERP Operations,ERP Operations QA,High,9.0,40.0,Test Design,Yes,22.5,17.6,1,4.899999999999999,21.77777777777777,0.7822222222222223,4.0,2.25
340,2025-S19,2025,19,ERP Operations,ERP Operations QA,High,9.0,40.0,Automation Development,No,13.89,12.71,0,1.1799999999999997,8.495320374370047,0.9150467962562995,4.0,1.389
340,2025-S19,2025,19,ERP Operations,ERP Operations QA,High,9.0,40.0,Test Execution,No,7.49,8.0,0,-0.5099999999999998,-6.809078771695591,1.0680907877169559,4.0,0.749
340,2025-S19,2025,19,ERP Operations,ERP Operations QA,High,9.0,40.0,Regression Testing,No,12.86,14.44,0,-1.58,-12.286158631415242,1.1228615863141524,4.0,1.286
340,2025-S19,2025,19,ERP Operations,ERP Operations QA,High,9.0,40.0,Defect Management,No,7.59,7.3,0,0.29000000000000004,3.8208168642951255,0.9617918313570487,4.0,0.759
341,2025-S19,2025,19,Enterprise Data Platform,Data Platform QA,Medium,10.0,69.0,Test Planning,No,11.11,11.11,0,0.0,0.0,1.0,6.2727272727272725,1.01
341,2025-S19,2025,19,Enterprise Data Platform,Data Platform QA,Medium,10.0,69.0,Test Design,Yes,29.9,42.89,1,-12.990000000000002,-43.444816053511715,1.4344481605351171,6.2727272727272725,2.7181818181818183
341,2025-S19,2025,19,Enterprise Data Platform,Data Platform QA,Medium,10.0,69.0,Automation Development,Yes,33.4,20.95,1,12.45,37.275449101796404,0.6272455089820359,6.2727272727272725,3.036363636363636
341,2025-S19,2025,19,Enterprise Data Platform,Data Platform QA,Medium,10.0,69.0,Test Execution,No,10.59,11.15,0,-0.5600000000000005,-5.288007554296511,1.052880075542965,6.2727272727272725,0.9627272727272728
341,2025-S19,2025,19,Enterprise Data Platform,Data Platform QA,Medium,10.0,69.0,Regression Testing,Yes,23.9,21.18,1,2.719999999999999,11.38075313807531,0.8861924686192469,6.2727272727272725,2.1727272727272724
341,2025-S19,2025,19,Enterprise Data Platform,Data Platform QA,Medium,10.0,69.0,Defect Management,No,17.07,38.48,0,-21.409999999999997,-125.4247217340363,2.254247217340363,6.2727272727272725,1.5518181818181818
342,2025-S19,2025,19,Mobile Service App,Mobile & Web QE,Medium,13.0,26.0,Test Planning,Yes,14.51,13.87,1,0.6400000000000006,4.410751206064787,0.9558924879393521,1.8571428571428572,1.0364285714285715
342,2025-S19,2025,19,Mobile Service App,Mobile & Web QE,Medium,13.0,26.0,Test Design,Yes,11.72,6.73,1,4.99,42.57679180887372,0.5742320819112628,1.8571428571428572,0.8371428571428572
342,2025-S19,2025,19,Mobile Service App,Mobile & Web QE,Medium,13.0,26.0,Automation Development,Yes,17.58,24.7,1,-7.120000000000001,-40.500568828213886,1.405005688282139,1.8571428571428572,1.2557142857142856
342,2025-S19,2025,19,Mobile Service App,Mobile & Web QE,Medium,13.0,26.0,Test Execution,No,4.9,4.94,0,-0.040000000000000036,-0.8163265306122455,1.0081632653061225,1.8571428571428572,0.35000000000000003
342,2025-S19,2025,19,Mobile Service App,Mobile & Web QE,Medium,13.0,26.0,Regression Testing,Yes,8.13,7.4246,1,0.7054000000000009,8.67650676506766,0.9132349323493234,1.8571428571428572,0.5807142857142857
342,2025-S19,2025,19,Mobile Service App,Mobile & Web QE,Medium,13.0,26.0,Defect Management,Yes,11.0,9.9,1,1.0999999999999996,9.999999999999996,0.9,1.8571428571428572,0.7857142857142857
343,2025-S19,2025,19,Customer Web Portal,EIP-QA,Medium,11.0,51.0,Test Planning,Yes,11.87,11.84,1,0.02999999999999936,0.25273799494523475,0.9974726200505476,4.25,0.9891666666666666
343,2025-S19,2025,19,Customer Web Portal,EIP-QA,Medium,11.0,51.0,Test Design,No,22.05,14.52,0,7.530000000000001,34.14965986394558,0.6585034013605442,4.25,1.8375000000000001
343,2025-S19,2025,19,Customer Web Portal,EIP-QA,Medium,11.0,51.0,Automation Development,Yes,31.24,39.0,1,-7.760000000000002,-24.83994878361076,1.2483994878361075,4.25,2.603333333333333
343,2025-S19,2025,19,Customer Web Portal,EIP-QA,Medium,11.0,51.0,Test Execution,No,8.3,9.89,0,-1.5899999999999999,-19.156626506024093,1.191566265060241,4.25,0.6916666666666668
343,2025-S19,2025,19,Customer Web Portal,EIP-QA,Medium,11.0,51.0,Regression Testing,Yes,12.9,8.1,1,4.800000000000001,37.2093023255814,0.627906976744186,4.25,1.075
343,2025-S19,2025,19,Customer Web Portal,EIP-QA,Medium,11.0,51.0,Defect Management,No,13.42,13.28,0,0.14000000000000057,1.0432190760059654,0.9895678092399404,4.25,1.1183333333333334
344,2025-S19,2025,19,CRM Sales & Service,CRM Platform QA,High,10.0,23.0,Test Planning,No,12.89,21.6,0,-8.71,-67.57176105508145,1.6757176105508147,2.090909090909091,1.1718181818181819
344,2025-S19,2025,19,CRM Sales & Service,CRM Platform QA,High,10.0,23.0,Test Design,Yes,13.9,8.31,1,5.59,40.21582733812949,0.597841726618705,2.090909090909091,1.2636363636363637
344,2025-S19,2025,19,CRM Sales & Service,CRM Platform QA,High,10.0,23.0,Automation Development,Yes,20.24,16.15,1,4.09,20.207509881422926,0.7979249011857708,2.090909090909091,1.8399999999999999
344,2025-S19,2025,19,CRM Sales & Service,CRM Platform QA,High,10.0,23.0,Test Execution,No,5.19,5.7,0,-0.5099999999999998,-9.826589595375717,1.0982658959537572,2.090909090909091,0.47181818181818186
344,2025-S19,2025,19,CRM Sales & Service,CRM Platform QA,High,10.0,23.0,Regression Testing,Yes,7.7,5.67,1,2.0300000000000002,26.363636363636367,0.7363636363636363,2.090909090909091,0.7000000000000001
344,2025-S19,2025,19,CRM Sales & Service,CRM Platform QA,High,10.0,23.0,Defect Management,Yes,6.3,5.9619,1,0.33809999999999985,5.366666666666664,0.9463333333333334,2.090909090909091,0.5727272727272728
345,2025-S20,2025,20,Mobile Service App,Mobile & Web QE,Medium,13.0,53.0,Test Planning,Yes,13.0,7.84,1,5.16,39.69230769230769,0.6030769230769231,3.7857142857142856,0.9285714285714286
345,2025-S20,2025,20,Mobile Service App,Mobile & Web QE,Medium,13.0,53.0,Test Design,Yes,23.17,15.01,1,8.160000000000002,35.21795425118688,0.6478204574881311,3.7857142857142856,1.655
345,2025-S20,2025,20,Mobile Service App,Mobile & Web QE,Medium,13.0,53.0,Automation Development,Yes,37.43,29.67,1,7.759999999999998,20.73203312850654,0.7926796687149346,3.7857142857142856,2.6735714285714285
345,2025-S20,2025,20,Mobile Service App,Mobile & Web QE,Medium,13.0,53.0,Test Execution,No,8.67,9.8,0,-1.1300000000000008,-13.033448673587092,1.130334486735871,3.7857142857142856,0.6192857142857143
345,2025-S20,2025,20,Mobile Service App,Mobile & Web QE,Medium,13.0,53.0,Regression Testing,Yes,18.14,10.56,1,7.58,41.78610804851158,0.5821389195148843,3.7857142857142856,1.2957142857142858
345,2025-S20,2025,20,Mobile Service App,Mobile & Web QE,Medium,13.0,53.0,Defect Management,Yes,10.92,9.62,1,1.3000000000000007,11.90476190476191,0.8809523809523809,3.7857142857142856,0.78
346,2025-S20,2025,20,Enterprise Data Platform,Data Platform QA,Medium,11.0,30.0,Test Planning,No,12.05,25.66,0,-13.61,-112.9460580912863,2.129460580912863,2.5,1.0041666666666667
346,2025-S20,2025,20,Enterprise Data Platform,Data Platform QA,Medium,11.0,30.0,Test Design,Yes,13.3,8.72,1,4.58,34.43609022556391,0.6556390977443609,2.5,1.1083333333333334
346,2025-S20,2025,20,Enterprise Data Platform,Data Platform QA,Medium,11.0,30.0,Automation Development,Yes,12.56,10.85,1,1.7100000000000009,13.614649681528668,0.8638535031847133,2.5,1.0466666666666666
346,2025-S20,2025,20,Enterprise Data Platform,Data Platform QA,Medium,11.0,30.0,Test Execution,No,4.91,5.09,0,-0.17999999999999972,-3.6659877800407275,1.0366598778004072,2.5,0.4091666666666667
346,2025-S20,2025,20,Enterprise Data Platform,Data Platform QA,Medium,11.0,30.0,Regression Testing,Yes,7.87,8.57,1,-0.7000000000000002,-8.894536213468871,1.0889453621346887,2.5,0.6558333333333334
346,2025-S20,2025,20,Enterprise Data Platform,Data Platform QA,Medium,11.0,30.0,Defect Management,No,9.82,18.43,0,-8.61,-87.67820773930752,1.8767820773930752,2.5,0.8183333333333334
347,2025-S20,2025,20,API Integration Platform,API & Middleware QA,Low,10.0,112.0,Test Planning,No,10.36,8.994,0,1.3659999999999997,13.185328185328181,0.8681467181467182,10.181818181818182,0.9418181818181818
347,2025-S20,2025,20,API Integration Platform,API & Middleware QA,Low,10.0,112.0,Test Design,Yes,41.0,28.78,1,12.219999999999999,29.804878048780488,0.7019512195121952,10.181818181818182,3.727272727272727
347,2025-S20,2025,20,API Integration Platform,API & Middleware QA,Low,10.0,112.0,Automation Development,Yes,60.31,45.09,1,15.219999999999999,25.236279224009284,0.7476372077599072,10.181818181818182,5.482727272727273
347,2025-S20,2025,20,API Integration Platform,API & Middleware QA,Low,10.0,112.0,Test Execution,No,14.7,13.81,0,0.8899999999999988,6.054421768707475,0.9394557823129253,10.181818181818182,1.3363636363636362
347,2025-S20,2025,20,API Integration Platform,API & Middleware QA,Low,10.0,112.0,Regression Testing,No,35.04,18.0,0,17.04,48.63013698630137,0.5136986301369864,10.181818181818182,3.1854545454545455
347,2025-S20,2025,20,API Integration Platform,API & Middleware QA,Low,10.0,112.0,Defect Management,Yes,30.44,35.79,1,-5.349999999999998,-17.575558475689874,1.1757555847568988,10.181818181818182,2.7672727272727276
348,2025-S20,2025,20,Billing & Payments,Billing & Payments QA,Low,6.0,29.0,Test Planning,No,7.2,12.85,0,-5.6499999999999995,-78.47222222222221,1.784722222222222,4.142857142857143,1.0285714285714287
348,2025-S20,2025,20,Billing & Payments,Billing & Payments QA,Low,6.0,29.0,Test Design,Yes,10.61,5.985,1,4.624999999999999,43.59095193213948,0.5640904806786051,4.142857142857143,1.5157142857142856
348,2025-S20,2025,20,Billing & Payments,Billing & Payments QA,Low,6.0,29.0,Automation Development,Yes,15.21,13.0,1,2.210000000000001,14.529914529914533,0.8547008547008547,4.142857142857143,2.172857142857143
348,2025-S20,2025,20,Billing & Payments,Billing & Payments QA,Low,6.0,29.0,Test Execution,No,4.47,9.17,0,-4.7,-105.1454138702461,2.0514541387024607,4.142857142857143,0.6385714285714286
348,2025-S20,2025,20,Billing & Payments,Billing & Payments QA,Low,6.0,29.0,Regression Testing,Yes,8.21,5.44,1,2.7700000000000005,33.73934226552984,0.6626065773447015,4.142857142857143,1.172857142857143
348,2025-S20,2025,20,Billing & Payments,Billing & Payments QA,Low,6.0,29.0,Defect Management,No,9.57,12.08,0,-2.51,-26.22779519331243,1.2622779519331244,4.142857142857143,1.3671428571428572
349,2025-S20,2025,20,Customer Web Portal,EIP-QA,Low,10.0,117.0,Test Planning,Yes,9.52,7.5,1,2.0199999999999996,21.21848739495798,0.7878151260504203,10.636363636363637,0.8654545454545454
349,2025-S20,2025,20,Customer Web Portal,EIP-QA,Low,10.0,117.0,Test Design,Yes,42.54,51.8,1,-9.259999999999998,-21.76774800188058,1.2176774800188057,10.636363636363637,3.867272727272727
349,2025-S20,2025,20,Customer Web Portal,EIP-QA,Low,10.0,117.0,Automation Development,Yes,47.1,34.2507,1,12.8493,27.28089171974522,0.7271910828025477,10.636363636363637,4.281818181818182
349,2025-S20,2025,20,Customer Web Portal,EIP-QA,Low,10.0,117.0,Test Execution,No,14.12,15.3956,0,-1.2756000000000007,-9.033994334277626,1.0903399433427763,10.636363636363637,1.2836363636363635
349,2025-S20,2025,20,Customer Web Portal,EIP-QA,Low,10.0,117.0,Regression Testing,Yes,20.54,17.06,1,3.4800000000000004,16.942551119766314,0.8305744888023369,10.636363636363637,1.8672727272727272
349,2025-S20,2025,20,Customer Web Portal,EIP-QA,Low,10.0,117.0,Defect Management,Yes,16.96,13.71,1,3.25,19.162735849056602,0.808372641509434,10.636363636363637,1.541818181818182
350,2025-S20,2025,20,CRM Sales & Service,CRM Platform QA,Low,6.0,47.0,Test Planning,Yes,6.59,5.7,1,0.8899999999999997,13.505311077389981,0.8649468892261002,6.714285714285714,0.9414285714285714
350,2025-S20,2025,20,CRM Sales & Service,CRM Platform QA,Low,6.0,47.0,Test Design,Yes,17.0,11.19,1,5.8100000000000005,34.1764705882353,0.658235294117647,6.714285714285714,2.4285714285714284
350,2025-S20,2025,20,CRM Sales & Service,CRM Platform QA,Low,6.0,47.0,Automation Development,Yes,22.0,15.49,1,6.51,29.59090909090909,0.7040909090909091,6.714285714285714,3.142857142857143
350,2025-S20,2025,20,CRM Sales & Service,CRM Platform QA,Low,6.0,47.0,Test Execution,No,7.22,6.0,0,1.2199999999999998,16.897506925207754,0.8310249307479225,6.714285714285714,1.0314285714285714
350,2025-S20,2025,20,CRM Sales & Service,CRM Platform QA,Low,6.0,47.0,Regression Testing,Yes,14.3273,9.79,1,4.5373,31.66891179775673,0.6833108820224326,6.714285714285714,2.046757142857143
350,2025-S20,2025,20,CRM Sales & Service,CRM Platform QA,Low,6.0,47.0,Defect Management,Yes,13.0256,10.2,1,2.8256000000000014,21.6926667485567,0.783073332514433,6.714285714285714,1.8608
351,2026-S01,2026,1,Billing & Payments,Billing & Payments QA,Medium,8.0,139.0,Test Planning,No,9.5,9.51,0,-0.009999999999999787,-0.1052631578947346,1.0010526315789474,15.444444444444445,1.0555555555555556
351,2026-S01,2026,1,Billing & Payments,Billing & Payments QA,Medium,8.0,139.0,Test Design,Yes,59.37,47.43,1,11.939999999999998,20.11116725618999,0.7988883274381001,15.444444444444445,6.596666666666667
351,2026-S01,2026,1,Billing & Payments,Billing & Payments QA,Medium,8.0,139.0,Automation Development,Yes,78.48,111.8,1,-33.31999999999999,-42.456676860346576,1.4245667686034658,15.444444444444445,8.72
351,2026-S01,2026,1,Billing & Payments,Billing & Payments QA,Medium,8.0,139.0,Test Execution,No,20.67,21.0,0,-0.3299999999999983,-1.596516690856305,1.015965166908563,15.444444444444445,2.296666666666667
351,2026-S01,2026,1,Billing & Payments,Billing & Payments QA,Medium,8.0,139.0,Regression Testing,Yes,49.6,33.41,1,16.190000000000005,32.64112903225808,0.6735887096774192,15.444444444444445,5.511111111111111
351,2026-S01,2026,1,Billing & Payments,Billing & Payments QA,Medium,8.0,139.0,Defect Management,No,18.54,19.78,0,-1.240000000000002,-6.688241639697962,1.0668824163969797,15.444444444444445,2.06
352,2026-S01,2026,1,Customer Web Portal,EIP-QA,Low,11.0,53.0,Test Planning,Yes,9.99,22.0,1,-12.01,-120.22022022022021,2.2022022022022023,4.416666666666667,0.8325
352,2026-S01,2026,1,Customer Web Portal,EIP-QA,Low,11.0,53.0,Test Design,Yes,19.31,17.07,1,2.2399999999999984,11.600207146556182,0.8839979285344381,4.416666666666667,1.6091666666666666
352,2026-S01,2026,1,Customer Web Portal,EIP-QA,Low,11.0,53.0,Automation Development,Yes,24.0,27.85,1,-3.8500000000000014,-16.041666666666675,1.1604166666666667,4.416666666666667,2.0
352,2026-S01,2026,1,Customer Web Portal,EIP-QA,Low,11.0,53.0,Test Execution,No,7.19,7.2,0,-0.009999999999999787,-0.13908205841446156,1.0013908205841446,4.416666666666667,0.5991666666666667
352,2026-S01,2026,1,Customer Web Portal,EIP-QA,Low,11.0,53.0,Regression Testing,Yes,14.78,15.44,1,-0.6600000000000001,-4.465493910690123,1.0446549391069013,4.416666666666667,1.2316666666666667
352,2026-S01,2026,1,Customer Web Portal,EIP-QA,Low,11.0,53.0,Defect Management,Yes,13.41,17.13,1,-3.719999999999999,-27.740492170022364,1.2774049217002237,4.416666666666667,1.1175
353,2026-S01,2026,1,Enterprise Data Platform,Data Platform QA,Medium,6.0,106.0,Test Planning,No,7.0,7.19,0,-0.1900000000000004,-2.7142857142857197,1.0271428571428571,15.142857142857142,1.0
353,2026-S01,2026,1,Enterprise Data Platform,Data Platform QA,Medium,6.0,106.0,Test Design,Yes,45.91,34.0,1,11.909999999999997,25.94206055325636,0.7405793944674364,15.142857142857142,6.558571428571428
353,2026-S01,2026,1,Enterprise Data Platform,Data Platform QA,Medium,6.0,106.0,Automation Development,Yes,32.0,39.98,1,-7.979999999999997,-24.93749999999999,1.249375,15.142857142857142,4.571428571428571
353,2026-S01,2026,1,Enterprise Data Platform,Data Platform QA,Medium,6.0,106.0,Test Execution,No,15.6,15.85,0,-0.25,-1.6025641025641029,1.016025641025641,15.142857142857142,2.2285714285714286
353,2026-S01,2026,1,Enterprise Data Platform,Data Platform QA,Medium,6.0,106.0,Regression Testing,No,27.6,28.44,0,-0.8399999999999999,-3.0434782608695645,1.0304347826086957,15.142857142857142,3.942857142857143
353,2026-S01,2026,1,Enterprise Data Platform,Data Platform QA,Medium,6.0,106.0,Defect Management,No,23.0,21.7,0,1.3000000000000007,5.652173913043481,0.9434782608695652,15.142857142857142,3.2857142857142856
354,2026-S01,2026,1,ERP Operations,ERP Operations QA,Low,8.0,35.0,Test Planning,No,10.74,13.01,0,-2.2699999999999996,-21.13594040968342,1.2113594040968343,3.888888888888889,1.1933333333333334
354,2026-S01,2026,1,ERP Operations,ERP Operations QA,Low,8.0,35.0,Test Design,Yes,19.71,15.1,1,4.610000000000001,23.389142567224763,0.7661085743277524,3.888888888888889,2.19
354,2026-S01,2026,1,ERP Operations,ERP Operations QA,Low,8.0,35.0,Automation Development,No,31.0,31.0,0,0.0,0.0,1.0,3.888888888888889,3.4444444444444446
354,2026-S01,2026,1,ERP Operations,ERP Operations QA,Low,8.0,35.0,Test Execution,No,7.0,7.74,0,-0.7400000000000002,-10.571428571428575,1.1057142857142856,3.888888888888889,0.7777777777777778
354,2026-S01,2026,1,ERP Operations,ERP Operations QA,Low,8.0,35.0,Regression Testing,No,16.52,18.8,0,-2.280000000000001,-13.80145278450364,1.1380145278450364,3.888888888888889,1.8355555555555556
354,2026-S01,2026,1,ERP Operations,ERP Operations QA,Low,8.0,35.0,Defect Management,No,12.2072,12.33,0,-0.1227999999999998,-1.0059636935578986,1.010059636935579,3.888888888888889,1.3563555555555555
355,2026-S01,2026,1,Mobile Service App,Mobile & Web QE,High,17.0,109.0,Test Planning,Yes,21.6,23.1,1,-1.5,-6.944444444444444,1.0694444444444444,6.055555555555555,1.2000000000000002
355,2026-S01,2026,1,Mobile Service App,Mobile & Web QE,High,17.0,109.0,Test Design,Yes,58.05,63.85,1,-5.800000000000004,-9.991386735572789,1.0999138673557278,6.055555555555555,3.2249999999999996
355,2026-S01,2026,1,Mobile Service App,Mobile & Web QE,High,17.0,109.0,Automation Development,Yes,51.14,32.69,1,18.450000000000003,36.07743449354713,0.6392256550645287,6.055555555555555,2.841111111111111
355,2026-S01,2026,1,Mobile Service App,Mobile & Web QE,High,17.0,109.0,Test Execution,No,20.24,22.0,0,-1.7600000000000016,-8.695652173913052,1.0869565217391306,6.055555555555555,1.1244444444444444
355,2026-S01,2026,1,Mobile Service App,Mobile & Web QE,High,17.0,109.0,Regression Testing,Yes,33.89,26.49,1,7.400000000000002,21.83534966066687,0.7816465033933313,6.055555555555555,1.8827777777777779
355,2026-S01,2026,1,Mobile Service App,Mobile & Web QE,High,17.0,109.0,Defect Management,Yes,32.91,42.62,1,-9.71,-29.504709814646006,1.2950470981464601,6.055555555555555,1.8283333333333331
356,2026-S01,2026,1,CRM Sales & Service,CRM Platform QA,Medium,5.0,55.0,Test Planning,No,7.0,6.0,0,1.0,14.285714285714285,0.8571428571428571,9.166666666666666,1.1666666666666667
356,2026-S01,2026,1,CRM Sales & Service,CRM Platform QA,Medium,5.0,55.0,Test Design,Yes,23.51,17.66,1,5.850000000000001,24.883028498511276,0.7511697150148873,9.166666666666666,3.9183333333333334
356,2026-S01,2026,1,CRM Sales & Service,CRM Platform QA,Medium,5.0,55.0,Automation Development,Yes,35.4374,29.81,1,5.627399999999998,15.879833170605062,0.8412016682939494,9.166666666666666,5.906233333333333
356,2026-S01,2026,1,CRM Sales & Service,CRM Platform QA,Medium,5.0,55.0,Test Execution,No,8.65,9.0,0,-0.34999999999999964,-4.04624277456647,1.0404624277456647,9.166666666666666,1.4416666666666667
356,2026-S01,2026,1,CRM Sales & Service,CRM Platform QA,Medium,5.0,55.0,Regression Testing,Yes,11.94,10.5,1,1.4399999999999995,12.060301507537686,0.8793969849246231,9.166666666666666,1.99
356,2026-S01,2026,1,CRM Sales & Service,CRM Platform QA,Medium,5.0,55.0,Defect Management,Yes,7.82,5.9726,1,1.8474000000000004,23.624040920716116,0.7637595907928388,9.166666666666666,1.3033333333333335
357,2026-S02,2026,2,CRM Sales & Service,CRM Platform QA,Medium,9.0,59.0,Test Planning,No,10.92,11.0,0,-0.08000000000000007,-0.7326007326007333,1.0073260073260073,5.9,1.092
357,2026-S02,2026,2,CRM Sales & Service,CRM Platform QA,Medium,9.0,59.0,Test Design,Yes,24.84,20.74,1,4.100000000000001,16.50563607085347,0.8349436392914653,5.9,2.484
357,2026-S02,2026,2,CRM Sales & Service,CRM Platform QA,Medium,9.0,59.0,Automation Development,Yes,17.9,11.74,1,6.159999999999998,34.41340782122904,0.6558659217877095,5.9,1.7899999999999998
357,2026-S02,2026,2,CRM Sales & Service,CRM Platform QA,Medium,9.0,59.0,Test Execution,No,9.61,10.72,0,-1.1100000000000012,-11.550468262226861,1.1155046826222685,5.9,0.961
357,2026-S02,2026,2,CRM Sales & Service,CRM Platform QA,Medium,9.0,59.0,Regression Testing,Yes,21.26,17.32,1,3.9400000000000013,18.532455315145818,0.8146754468485418,5.9,2.1260000000000003
357,2026-S02,2026,2,CRM Sales & Service,CRM Platform QA,Medium,9.0,59.0,Defect Management,Yes,16.1,10.75,1,5.350000000000001,33.22981366459628,0.6677018633540373,5.9,1.61
358,2026-S02,2026,2,Customer Web Portal,EIP-QA,Medium,15.0,64.0,Test Planning,Yes,15.6,14.6,1,1.0,6.4102564102564115,0.9358974358974359,4.0,0.975
358,2026-S02,2026,2,Customer Web Portal,EIP-QA,Medium,15.0,64.0,Test Design,Yes,28.0,23.4,1,4.600000000000001,16.428571428571434,0.8357142857142856,4.0,1.75
358,2026-S02,2026,2,Customer Web Portal,EIP-QA,Medium,15.0,64.0,Automation Development,Yes,37.94,25.86,1,12.079999999999998,31.839746968898258,0.6816025303110175,4.0,2.37125
358,2026-S02,2026,2,Customer Web Portal,EIP-QA,Medium,15.0,64.0,Test Execution,No,10.49,10.7,0,-0.20999999999999908,-2.001906577693032,1.0200190657769304,4.0,0.655625
358,2026-S02,2026,2,Customer Web Portal,EIP-QA,Medium,15.0,64.0,Regression Testing,Yes,17.0,10.58,1,6.42,37.76470588235294,0.6223529411764706,4.0,1.0625
358,2026-S02,2026,2,Customer Web Portal,EIP-QA,Medium,15.0,64.0,Defect Management,Yes,19.1,16.39,1,2.710000000000001,14.188481675392673,0.8581151832460733,4.0,1.19375
359,2026-S02,2026,2,Mobile Service App,Mobile & Web QE,Low,16.0,50.0,Test Planning,Yes,15.0,14.4,1,0.5999999999999996,3.9999999999999973,0.9600000000000001,2.9411764705882355,0.8823529411764706
359,2026-S02,2026,2,Mobile Service App,Mobile & Web QE,Low,16.0,50.0,Test Design,Yes,18.02,13.09,1,4.93,27.358490566037734,0.7264150943396227,2.9411764705882355,1.06
359,2026-S02,2026,2,Mobile Service App,Mobile & Web QE,Low,16.0,50.0,Automation Development,Yes,21.0,15.6589,1,5.341100000000001,25.433809523809526,0.7456619047619047,2.9411764705882355,1.2352941176470589
359,2026-S02,2026,2,Mobile Service App,Mobile & Web QE,Low,16.0,50.0,Test Execution,No,6.92,13.3,0,-6.380000000000001,-92.19653179190753,1.9219653179190752,2.9411764705882355,0.40705882352941175
359,2026-S02,2026,2,Mobile Service App,Mobile & Web QE,Low,16.0,50.0,Regression Testing,Yes,14.12,7.8,1,6.319999999999999,44.75920679886685,0.5524079320113314,2.9411764705882355,0.8305882352941176
359,2026-S02,2026,2,Mobile Service App,Mobile & Web QE,Low,16.0,50.0,Defect Management,No,6.35,6.09,0,0.2599999999999998,4.094488188976375,0.9590551181102362,2.9411764705882355,0.3735294117647059
360,2026-S02,2026,2,Enterprise Data Platform,Data Platform QA,High,13.0,101.0,Test Planning,No,14.6,12.3,0,2.299999999999999,15.75342465753424,0.8424657534246576,7.214285714285714,1.042857142857143
360,2026-S02,2026,2,Enterprise Data Platform,Data Platform QA,High,13.0,101.0,Test Design,Yes,44.4,31.44,1,12.959999999999997,29.189189189189186,0.7081081081081082,7.214285714285714,3.1714285714285713
360,2026-S02,2026,2,Enterprise Data Platform,Data Platform QA,High,13.0,101.0,Automation Development,Yes,32.67,26.4319,1,6.238100000000003,19.094276094276104,0.809057239057239,7.214285714285714,2.3335714285714286
360,2026-S02,2026,2,Enterprise Data Platform,Data Platform QA,High,13.0,101.0,Test Execution,No,15.56,15.8,0,-0.2400000000000002,-1.5424164524421609,1.0154241645244215,7.214285714285714,1.1114285714285714
360,2026-S02,2026,2,Enterprise Data Platform,Data Platform QA,High,13.0,101.0,Regression Testing,Yes,19.6,13.73,1,5.870000000000001,29.94897959183674,0.7005102040816327,7.214285714285714,1.4000000000000001
360,2026-S02,2026,2,Enterprise Data Platform,Data Platform QA,High,13.0,101.0,Defect Management,No,20.91,21.0,0,-0.08999999999999986,-0.4304160688665703,1.0043041606886658,7.214285714285714,1.4935714285714285
361,2026-S02,2026,2,ERP Operations,ERP Operations QA,Low,18.0,49.0,Test Planning,No,18.62,18.45,0,0.1700000000000017,0.9129967776584409,0.9908700322234156,2.5789473684210527,0.9800000000000001
361,2026-S02,2026,2,ERP Operations,ERP Operations QA,Low,18.0,49.0,Test Design,Yes,20.94,16.0,1,4.940000000000001,23.591212989493794,0.7640878701050621,2.5789473684210527,1.1021052631578947
361,2026-S02,2026,2,ERP Operations,ERP Operations QA,Low,18.0,49.0,Automation Development,No,21.32,21.59,0,-0.2699999999999996,-1.2664165103189473,1.0126641651031896,2.5789473684210527,1.1221052631578947
361,2026-S02,2026,2,ERP Operations,ERP Operations QA,Low,18.0,49.0,Test Execution,No,8.25,7.6429,0,0.6071,7.358787878787878,0.9264121212121212,2.5789473684210527,0.4342105263157895
361,2026-S02,2026,2,ERP Operations,ERP Operations QA,Low,18.0,49.0,Regression Testing,No,17.62,17.53,0,0.08999999999999986,0.5107832009080582,0.9948921679909194,2.5789473684210527,0.9273684210526316
361,2026-S02,2026,2,ERP Operations,ERP Operations QA,Low,18.0,49.0,Defect Management,Yes,15.04,12.9,1,2.139999999999999,14.22872340425531,0.8577127659574468,2.5789473684210527,0.791578947368421
362,2026-S03,2026,3,CRM Sales & Service,CRM Platform QA,Medium,7.0,74.0,Test Planning,Yes,9.49,8.51,1,0.9800000000000004,10.326659641728138,0.8967334035827186,9.25,1.18625
362,2026-S03,2026,3,CRM Sales & Service,CRM Platform QA,Medium,7.0,74.0,Test Design,Yes,33.26,19.77,1,13.489999999999998,40.559230306674685,0.5944076969332531,9.25,4.1575
362,2026-S03,2026,3,CRM Sales & Service,CRM Platform QA,Medium,7.0,74.0,Automation Development,Yes,34.0,24.7746,1,9.2254,27.133529411764705,0.7286647058823529,9.25,4.25
362,2026-S03,2026,3,CRM Sales & Service,CRM Platform QA,Medium,7.0,74.0,Test Execution,No,12.02,12.0,0,0.019999999999999574,0.16638935108152725,0.9983361064891847,9.25,1.5025
362,2026-S03,2026,3,CRM Sales & Service,CRM Platform QA,Medium,7.0,74.0,Regression Testing,Yes,22.91,12.59,1,10.32,45.045831514622435,0.5495416848537756,9.25,2.86375
362,2026-S03,2026,3,CRM Sales & Service,CRM Platform QA,Medium,7.0,74.0,Defect Management,Yes,14.5,22.96,1,-8.46,-58.344827586206904,1.583448275862069,9.25,1.8125
363,2026-S03,2026,3,Mobile Service App,Mobile & Web QE,High,12.0,75.0,Test Planning,Yes,15.1,14.0,1,1.0999999999999996,7.284768211920528,0.9271523178807948,5.769230769230769,1.1615384615384614
363,2026-S03,2026,3,Mobile Service App,Mobile & Web QE,High,12.0,75.0,Test Design,Yes,40.74,34.73,1,6.010000000000005,14.75208640157095,0.8524791359842905,5.769230769230769,3.133846153846154
363,2026-S03,2026,3,Mobile Service App,Mobile & Web QE,High,12.0,75.0,Automation Development,Yes,43.26,28.84,1,14.419999999999998,33.33333333333333,0.6666666666666667,5.769230769230769,3.3276923076923075
363,2026-S03,2026,3,Mobile Service App,Mobile & Web QE,High,12.0,75.0,Test Execution,No,15.0,15.7,0,-0.6999999999999993,-4.666666666666662,1.0466666666666666,5.769230769230769,1.1538461538461537
363,2026-S03,2026,3,Mobile Service App,Mobile & Web QE,High,12.0,75.0,Regression Testing,Yes,38.49,28.6,1,9.89,25.694985710574176,0.7430501428942582,5.769230769230769,2.960769230769231
363,2026-S03,2026,3,Mobile Service App,Mobile & Web QE,High,12.0,75.0,Defect Management,No,24.61,22.74,0,1.870000000000001,7.598537180008131,0.9240146281999186,5.769230769230769,1.893076923076923
364,2026-S03,2026,3,Billing & Payments,Billing & Payments QA,High,7.0,56.0,Test Planning,No,10.8,10.4,0,0.40000000000000036,3.703703703703707,0.9629629629629629,7.0,1.35
364,2026-S03,2026,3,Billing & Payments,Billing & Payments QA,High,7.0,56.0,Test Design,Yes,31.01,24.12,1,6.890000000000001,22.218639148661723,0.7778136085133828,7.0,3.87625
364,2026-S03,2026,3,Billing & Payments,Billing & Payments QA,High,7.0,56.0,Automation Development,Yes,43.617,26.55,1,17.066999999999997,39.12923859962858,0.6087076140037142,7.0,5.452125
364,2026-S03,2026,3,Billing & Payments,Billing & Payments QA,High,7.0,56.0,Test Execution,No,11.42,11.8,0,-0.3800000000000008,-3.3274956217162943,1.033274956217163,7.0,1.4275
364,2026-S03,2026,3,Billing & Payments,Billing & Payments QA,High,7.0,56.0,Regression Testing,No,16.3,10.9,0,5.4,33.128834355828225,0.6687116564417178,7.0,2.0375
364,2026-S03,2026,3,Billing & Payments,Billing & Payments QA,High,7.0,56.0,Defect Management,No,16.0,17.48,0,-1.4800000000000004,-9.250000000000004,1.0925,7.0,2.0
365,2026-S03,2026,3,Customer Web Portal,EIP-QA,High,13.0,56.0,Test Planning,Yes,18.0,13.36,1,4.640000000000001,25.777777777777782,0.7422222222222222,4.0,1.2857142857142858
365,2026-S03,2026,3,Customer Web Portal,EIP-QA,High,13.0,56.0,Test Design,Yes,29.58,13.6,1,15.979999999999999,54.02298850574713,0.45977011494252873,4.0,2.1128571428571425
365,2026-S03,2026,3,Customer Web Portal,EIP-QA,High,13.0,56.0,Automation Development,Yes,23.0,15.97,1,7.029999999999999,30.565217391304344,0.6943478260869566,4.0,1.6428571428571428
365,2026-S03,2026,3,Customer Web Portal,EIP-QA,High,13.0,56.0,Test Execution,No,10.94,12.5,0,-1.5600000000000005,-14.259597806215726,1.1425959780621573,4.0,0.7814285714285714
365,2026-S03,2026,3,Customer Web Portal,EIP-QA,High,13.0,56.0,Regression Testing,Yes,18.24,9.67,1,8.569999999999999,46.984649122807014,0.5301535087719299,4.0,1.3028571428571427
365,2026-S03,2026,3,Customer Web Portal,EIP-QA,High,13.0,56.0,Defect Management,No,10.37,11.22,0,-0.8500000000000014,-8.196721311475425,1.0819672131147542,4.0,0.7407142857142857
366,2026-S03,2026,3,ERP Operations,ERP Operations QA,High,5.0,45.0,Test Planning,No,8.47,9.43,0,-0.9599999999999991,-11.334120425029504,1.113341204250295,7.5,1.4116666666666668
366,2026-S03,2026,3,ERP Operations,ERP Operations QA,High,5.0,45.0,Test Design,Yes,25.3,29.09,1,-3.789999999999999,-14.980237154150194,1.149802371541502,7.5,4.216666666666667
366,2026-S03,2026,3,ERP Operations,ERP Operations QA,High,5.0,45.0,Automation Development,No,40.6,39.1,0,1.5,3.694581280788177,0.9630541871921182,7.5,6.766666666666667
366,2026-S03,2026,3,ERP Operations,ERP Operations QA,High,5.0,45.0,Test Execution,No,9.3,19.0,0,-9.7,-104.30107526881717,2.043010752688172,7.5,1.55
366,2026-S03,2026,3,ERP Operations,ERP Operations QA,High,5.0,45.0,Regression Testing,No,14.8,15.62,0,-0.8199999999999985,-5.540540540540531,1.0554054054054054,7.5,2.466666666666667
366,2026-S03,2026,3,ERP Operations,ERP Operations QA,High,5.0,45.0,Defect Management,No,18.0,15.7,0,2.3000000000000007,12.777777777777782,0.8722222222222222,7.5,3.0
367,2026-S03,2026,3,Enterprise Data Platform,Data Platform QA,Medium,12.0,50.0,Test Planning,No,12.72,15.67,0,-2.9499999999999993,-23.191823899371062,1.2319182389937107,3.8461538461538463,0.9784615384615385
367,2026-S03,2026,3,Enterprise Data Platform,Data Platform QA,Medium,12.0,50.0,Test Design,Yes,21.0,15.4,1,5.6,26.666666666666668,0.7333333333333334,3.8461538461538463,1.6153846153846154
367,2026-S03,2026,3,Enterprise Data Platform,Data Platform QA,Medium,12.0,50.0,Automation Development,Yes,29.32,,1,,,,3.8461538461538463,2.2553846153846155
367,2026-S03,2026,3,Enterprise Data Platform,Data Platform QA,Medium,12.0,50.0,Test Execution,No,7.9,7.6533,0,0.24670000000000059,3.1227848101265896,0.9687721518987341,3.8461538461538463,0.6076923076923078
367,2026-S03,2026,3,Enterprise Data Platform,Data Platform QA,Medium,12.0,50.0,Regression Testing,Yes,11.98,7.0,1,4.98,41.56928213689483,0.5843071786310517,3.8461538461538463,0.9215384615384615
367,2026-S03,2026,3,Enterprise Data Platform,Data Platform QA,Medium,12.0,50.0,Defect Management,No,8.25,8.76,0,-0.5099999999999998,-6.181818181818179,1.0618181818181818,3.8461538461538463,0.6346153846153846
368,2026-S04,2026,4,API Integration Platform,API & Middleware QA,Medium,13.0,68.0,Test Planning,No,14.21,15.88,0,-1.67,-11.75228712174525,1.1175228712174525,4.857142857142857,1.0150000000000001
368,2026-S04,2026,4,API Integration Platform,API & Middleware QA,Medium,13.0,68.0,Test Design,Yes,28.5,62.0,1,-33.5,-117.54385964912282,2.175438596491228,4.857142857142857,2.0357142857142856
368,2026-S04,2026,4,API Integration Platform,API & Middleware QA,Medium,13.0,68.0,Automation Development,Yes,39.9,23.4,1,16.5,41.35338345864662,0.5864661654135338,4.857142857142857,2.85
368,2026-S04,2026,4,API Integration Platform,API & Middleware QA,Medium,13.0,68.0,Test Execution,No,10.28,10.45,0,-0.16999999999999993,-1.653696498054474,1.0165369649805447,4.857142857142857,0.7342857142857142
368,2026-S04,2026,4,API Integration Platform,API & Middleware QA,Medium,13.0,68.0,Regression Testing,Yes,27.18,23.68,1,3.5,12.877115526122148,0.8712288447387785,4.857142857142857,1.9414285714285715
368,2026-S04,2026,4,API Integration Platform,API & Middleware QA,Medium,13.0,68.0,Defect Management,Yes,21.62,17.82,1,3.8000000000000007,17.576318223866792,0.8242368177613321,4.857142857142857,1.5442857142857143
369,2026-S04,2026,4,Enterprise Data Platform,Data Platform QA,Medium,8.0,64.0,Test Planning,No,9.1,9.0,0,0.09999999999999964,1.098901098901095,0.989010989010989,7.111111111111111,1.011111111111111
369,2026-S04,2026,4,Enterprise Data Platform,Data Platform QA,Medium,8.0,64.0,Test Design,Yes,27.64,21.06,1,6.580000000000002,23.806078147612162,0.7619392185238784,7.111111111111111,3.071111111111111
369,2026-S04,2026,4,Enterprise Data Platform,Data Platform QA,Medium,8.0,64.0,Automation Development,Yes,35.46,34.47,1,0.990000000000002,2.791878172588838,0.9720812182741116,7.111111111111111,3.94
369,2026-S04,2026,4,Enterprise Data Platform,Data Platform QA,Medium,8.0,64.0,Test Execution,No,10.0,9.3,0,0.6999999999999993,6.999999999999992,0.93,7.111111111111111,1.1111111111111112
369,2026-S04,2026,4,Enterprise Data Platform,Data Platform QA,Medium,8.0,64.0,Regression Testing,Yes,18.76,14.5,1,4.260000000000002,22.70788912579958,0.7729211087420041,7.111111111111111,2.0844444444444448
369,2026-S04,2026,4,Enterprise Data Platform,Data Platform QA,Medium,8.0,64.0,Defect Management,No,17.0,15.8,0,1.1999999999999993,7.05882352941176,0.9294117647058824,7.111111111111111,1.8888888888888888
370,2026-S04,2026,4,Customer Web Portal,EIP-QA,Low,7.0,80.0,Test Planning,Yes,7.23,7.67,1,-0.4399999999999995,-6.08575380359612,1.0608575380359613,10.0,0.90375
370,2026-S04,2026,4,Customer Web Portal,EIP-QA,Low,7.0,80.0,Test Design,Yes,28.17,18.9,1,9.270000000000003,32.907348242811516,0.6709265175718849,10.0,3.52125
370,2026-S04,2026,4,Customer Web Portal,EIP-QA,Low,7.0,80.0,Automation Development,No,39.54,35.26,0,4.280000000000001,10.824481537683361,0.8917551846231664,10.0,4.9425
370,2026-S04,2026,4,Customer Web Portal,EIP-QA,Low,7.0,80.0,Test Execution,No,10.0,9.72,0,0.27999999999999936,2.7999999999999936,0.9720000000000001,10.0,1.25
370,2026-S04,2026,4,Customer Web Portal,EIP-QA,Low,7.0,80.0,Regression Testing,Yes,16.56,13.66,1,2.8999999999999986,17.512077294685984,0.8248792270531402,10.0,2.07
370,2026-S04,2026,4,Customer Web Portal,EIP-QA,Low,7.0,80.0,Defect Management,Yes,18.11,13.9,1,4.209999999999999,23.246824958586412,0.7675317504141359,10.0,2.26375
371,2026-S04,2026,4,Mobile Service App,Mobile & Web QE,Medium,8.0,89.0,Test Planning,Yes,9.8498,8.76,1,1.0898000000000003,11.064184044346081,0.8893581595565392,9.88888888888889,1.0944222222222222
371,2026-S04,2026,4,Mobile Service App,Mobile & Web QE,Medium,8.0,89.0,Test Design,Yes,37.5,31.3,1,6.199999999999999,16.53333333333333,0.8346666666666667,9.88888888888889,4.166666666666667
371,2026-S04,2026,4,Mobile Service App,Mobile & Web QE,Medium,8.0,89.0,Automation Development,Yes,35.66,23.5,1,12.159999999999997,34.099831744251254,0.6590016825574875,9.88888888888889,3.9622222222222216
371,2026-S04,2026,4,Mobile Service App,Mobile & Web QE,Medium,8.0,89.0,Test Execution,No,14.09,13.97,0,0.11999999999999922,0.8516678495386744,0.9914833215046133,9.88888888888889,1.5655555555555556
371,2026-S04,2026,4,Mobile Service App,Mobile & Web QE,Medium,8.0,89.0,Regression Testing,Yes,35.42,21.0,1,14.420000000000002,40.71146245059289,0.5928853754940712,9.88888888888889,3.9355555555555557
371,2026-S04,2026,4,Mobile Service App,Mobile & Web QE,Medium,8.0,89.0,Defect Management,Yes,17.31,13.3699,1,3.9400999999999993,22.761987290583473,0.7723801270941653,9.88888888888889,1.9233333333333331
372,2026-S04,2026,4,CRM Sales & Service,CRM Platform QA,Medium,10.0,67.0,Test Planning,No,11.44,10.85,0,0.5899999999999999,5.157342657342657,0.9484265734265734,6.090909090909091,1.04
372,2026-S04,2026,4,CRM Sales & Service,CRM Platform QA,Medium,10.0,67.0,Test Design,Yes,27.9,24.5,1,3.3999999999999986,12.186379928315407,0.878136200716846,6.090909090909091,2.536363636363636
372,2026-S04,2026,4,CRM Sales & Service,CRM Platform QA,Medium,10.0,67.0,Automation Development,Yes,51.74,39.43,1,12.310000000000002,23.792037108620026,0.7620796289137998,6.090909090909091,4.703636363636364
372,2026-S04,2026,4,CRM Sales & Service,CRM Platform QA,Medium,10.0,67.0,Test Execution,No,11.08,11.74,0,-0.6600000000000001,-5.956678700361012,1.05956678700361,6.090909090909091,1.0072727272727273
372,2026-S04,2026,4,CRM Sales & Service,CRM Platform QA,Medium,10.0,67.0,Regression Testing,Yes,15.75,12.89,1,2.8599999999999994,18.158730158730155,0.8184126984126985,6.090909090909091,1.4318181818181819
372,2026-S04,2026,4,CRM Sales & Service,CRM Platform QA,Medium,10.0,67.0,Defect Management,Yes,22.24,32.93,1,-10.690000000000001,-48.06654676258994,1.4806654676258995,6.090909090909091,2.0218181818181815
373,2026-S04,2026,4,ERP Operations,ERP Operations QA,High,6.0,58.0,Test Planning,No,9.0,9.0,0,0.0,0.0,1.0,8.285714285714286,1.2857142857142858
373,2026-S04,2026,4,ERP Operations,ERP Operations QA,High,6.0,58.0,Test Design,Yes,30.2,29.48,1,0.7199999999999989,2.384105960264897,0.9761589403973511,8.285714285714286,4.314285714285714
373,2026-S04,2026,4,ERP Operations,ERP Operations QA,High,6.0,58.0,Automation Development,No,47.9,44.9,0,3.0,6.263048016701461,0.9373695198329853,8.285714285714286,6.8428571428571425
373,2026-S04,2026,4,ERP Operations,ERP Operations QA,High,6.0,58.0,Test Execution,No,11.77,11.3,0,0.46999999999999886,3.9932030586236102,0.9600679694137639,8.285714285714286,1.6814285714285713
373,2026-S04,2026,4,ERP Operations,ERP Operations QA,High,6.0,58.0,Regression Testing,No,28.73,25.54,0,3.1900000000000013,11.103376261747307,0.8889662373825269,8.285714285714286,4.104285714285714
373,2026-S04,2026,4,ERP Operations,ERP Operations QA,High,6.0,58.0,Defect Management,No,21.74,23.68,0,-1.9400000000000013,-8.923643054277836,1.0892364305427784,8.285714285714286,3.1057142857142854
374,2026-S04,2026,4,Billing & Payments,Billing & Payments QA,Medium,13.0,71.0,Test Planning,No,13.9,17.0,0,-3.0999999999999996,-22.30215827338129,1.223021582733813,5.071428571428571,0.9928571428571429
374,2026-S04,2026,4,Billing & Payments,Billing & Payments QA,Medium,13.0,71.0,Test Design,Yes,30.67,21.34,1,9.330000000000002,30.420606455820025,0.6957939354417998,5.071428571428571,2.190714285714286
374,2026-S04,2026,4,Billing & Payments,Billing & Payments QA,Medium,13.0,71.0,Automation Development,Yes,24.39,17.07,1,7.32,30.01230012300123,0.6998769987699877,5.071428571428571,1.7421428571428572
374,2026-S04,2026,4,Billing & Payments,Billing & Payments QA,Medium,13.0,71.0,Test Execution,No,10.76,13.0,0,-2.24,-20.817843866171007,1.20817843866171,5.071428571428571,0.7685714285714286
374,2026-S04,2026,4,Billing & Payments,Billing & Payments QA,Medium,13.0,71.0,Regression Testing,Yes,25.56,20.69,1,4.869999999999997,19.05320813771517,0.8094679186228483,5.071428571428571,1.8257142857142856
374,2026-S04,2026,4,Billing & Payments,Billing & Payments QA,Medium,13.0,71.0,Defect Management,No,22.3436,27.47,0,-5.1264,-22.943482697506223,1.2294348269750623,5.071428571428571,1.5959714285714284
375,2026-S05,2026,5,CRM Sales & Service,CRM Platform QA,Medium,14.0,43.0,Test Planning,No,15.1,16.03,0,-0.9300000000000015,-6.158940397351004,1.06158940397351,2.8666666666666667,1.0066666666666666
375,2026-S05,2026,5,CRM Sales & Service,CRM Platform QA,Medium,14.0,43.0,Test Design,Yes,18.0,13.34,1,4.66,25.88888888888889,0.741111111111111,2.8666666666666667,1.2
375,2026-S05,2026,5,CRM Sales & Service,CRM Platform QA,Medium,14.0,43.0,Automation Development,Yes,20.7,19.5349,1,1.165099999999999,5.628502415458932,0.9437149758454106,2.8666666666666667,1.38
375,2026-S05,2026,5,CRM Sales & Service,CRM Platform QA,Medium,14.0,43.0,Test Execution,No,7.52,7.2142,0,0.3057999999999996,4.066489361702122,0.9593351063829788,2.8666666666666667,0.5013333333333333
375,2026-S05,2026,5,CRM Sales & Service,CRM Platform QA,Medium,14.0,43.0,Regression Testing,Yes,14.2,9.48,1,4.719999999999999,33.239436619718305,0.667605633802817,2.8666666666666667,0.9466666666666667
375,2026-S05,2026,5,CRM Sales & Service,CRM Platform QA,Medium,14.0,43.0,Defect Management,Yes,16.3,13.4,1,2.9000000000000004,17.791411042944787,0.8220858895705522,2.8666666666666667,1.0866666666666667
376,2026-S05,2026,5,Enterprise Data Platform,Data Platform QA,Medium,6.0,31.0,Test Planning,No,7.37,8.0,0,-0.6299999999999999,-8.548168249660785,1.0854816824966078,4.428571428571429,1.052857142857143
376,2026-S05,2026,5,Enterprise Data Platform,Data Platform QA,Medium,6.0,31.0,Test Design,Yes,13.72,9.69,1,4.030000000000001,29.373177842565607,0.706268221574344,4.428571428571429,1.9600000000000002
376,2026-S05,2026,5,Enterprise Data Platform,Data Platform QA,Medium,6.0,31.0,Automation Development,Yes,16.4,12.79,1,3.6099999999999994,22.012195121951216,0.7798780487804878,4.428571428571429,2.3428571428571425
376,2026-S05,2026,5,Enterprise Data Platform,Data Platform QA,Medium,6.0,31.0,Test Execution,No,5.42,5.65,0,-0.23000000000000043,-4.243542435424362,1.0424354243542435,4.428571428571429,0.7742857142857142
376,2026-S05,2026,5,Enterprise Data Platform,Data Platform QA,Medium,6.0,31.0,Regression Testing,Yes,8.56,6.07,1,2.49,29.088785046728972,0.7091121495327103,4.428571428571429,1.2228571428571429
376,2026-S05,2026,5,Enterprise Data Platform,Data Platform QA,Medium,6.0,31.0,Defect Management,No,12.57,12.6,0,-0.02999999999999936,-0.23866348448686842,1.0023866348448687,4.428571428571429,1.7957142857142858
377,2026-S05,2026,5,Customer Web Portal,EIP-QA,Low,14.0,125.0,Test Planning,Yes,13.0,11.495,1,1.5050000000000008,11.576923076923084,0.8842307692307692,8.333333333333334,0.8666666666666667
377,2026-S05,2026,5,Customer Web Portal,EIP-QA,Low,14.0,125.0,Test Design,Yes,45.69,32.27,1,13.419999999999995,29.371853797329823,0.7062814620267018,8.333333333333334,3.046
377,2026-S05,2026,5,Customer Web Portal,EIP-QA,Low,14.0,125.0,Automation Development,Yes,36.23,25.99,1,10.239999999999998,28.263869721225504,0.717361302787745,8.333333333333334,2.4153333333333333
377,2026-S05,2026,5,Customer Web Portal,EIP-QA,Low,14.0,125.0,Test Execution,No,15.78,17.8,0,-2.0200000000000014,-12.801013941698361,1.1280101394169837,8.333333333333334,1.052
377,2026-S05,2026,5,Customer Web Portal,EIP-QA,Low,14.0,125.0,Regression Testing,Yes,25.54,17.59,1,7.949999999999999,31.127642913077523,0.6887235708692248,8.333333333333334,1.7026666666666666
377,2026-S05,2026,5,Customer Web Portal,EIP-QA,Low,14.0,125.0,Defect Management,Yes,26.9,23.6,1,3.299999999999997,12.267657992565045,0.8773234200743495,8.333333333333334,1.7933333333333332
378,2026-S05,2026,5,ERP Operations,ERP Operations QA,Low,14.0,26.0,Test Planning,No,13.87,13.4,0,0.46999999999999886,3.3886085075702876,0.9661139149242971,1.7333333333333334,0.9246666666666666
378,2026-S05,2026,5,ERP Operations,ERP Operations QA,Low,14.0,26.0,Test Design,No,9.8,7.36,0,2.4400000000000004,24.89795918367347,0.7510204081632653,1.7333333333333334,0.6533333333333334
378,2026-S05,2026,5,ERP Operations,ERP Operations QA,Low,14.0,26.0,Automation Development,No,16.0,16.03,0,-0.030000000000001137,-0.1875000000000071,1.001875,1.7333333333333334,1.0666666666666667
378,2026-S05,2026,5,ERP Operations,ERP Operations QA,Low,14.0,26.0,Test Execution,No,4.26,4.4,0,-0.14000000000000057,-3.286384976525835,1.0328638497652582,1.7333333333333334,0.284
378,2026-S05,2026,5,ERP Operations,ERP Operations QA,Low,14.0,26.0,Regression Testing,No,8.1,9.59,0,-1.4900000000000002,-18.395061728395063,1.1839506172839507,1.7333333333333334,0.5399999999999999
378,2026-S05,2026,5,ERP Operations,ERP Operations QA,Low,14.0,26.0,Defect Management,No,7.07,8.68,0,-1.6099999999999994,-22.77227722772276,1.2277227722772277,1.7333333333333334,0.4713333333333333
379,2026-S05,2026,5,Mobile Service App,Mobile & Web QE,Low,8.0,66.0,Test Planning,Yes,7.99,7.11,1,0.8799999999999999,11.013767209011261,0.8898623279098874,7.333333333333333,0.8877777777777778
379,2026-S05,2026,5,Mobile Service App,Mobile & Web QE,Low,8.0,66.0,Test Design,Yes,24.3,18.74,1,5.560000000000002,22.880658436214,0.77119341563786,7.333333333333333,2.7
379,2026-S05,2026,5,Mobile Service App,Mobile & Web QE,Low,8.0,66.0,Automation Development,Yes,38.72,26.16,1,12.559999999999999,32.438016528925615,0.6756198347107438,7.333333333333333,4.302222222222222
379,2026-S05,2026,5,Mobile Service App,Mobile & Web QE,Low,8.0,66.0,Test Execution,No,9.0,9.18,0,-0.17999999999999972,-1.999999999999997,1.02,7.333333333333333,1.0
379,2026-S05,2026,5,Mobile Service App,Mobile & Web QE,Low,8.0,66.0,Regression Testing,Yes,11.83,7.78,1,4.05,34.234995773457314,0.6576500422654269,7.333333333333333,1.3144444444444445
379,2026-S05,2026,5,Mobile Service App,Mobile & Web QE,Low,8.0,66.0,Defect Management,Yes,18.36,15.2,1,3.16,17.21132897603486,0.8278867102396514,7.333333333333333,2.04
380,2026-S06,2026,6,Customer Web Portal,EIP-QA,Medium,9.0,86.0,Test Planning,Yes,11.0,9.6,1,1.4000000000000004,12.727272727272732,0.8727272727272727,8.6,1.1
380,2026-S06,2026,6,Customer Web Portal,EIP-QA,Medium,9.0,86.0,Test Design,Yes,37.2,29.9,1,7.300000000000004,19.623655913978507,0.803763440860215,8.6,3.72
380,2026-S06,2026,6,Customer Web Portal,EIP-QA,Medium,9.0,86.0,Automation Development,Yes,33.2,23.0,1,10.200000000000003,30.722891566265066,0.6927710843373494,8.6,3.3200000000000003
380,2026-S06,2026,6,Customer Web Portal,EIP-QA,Medium,9.0,86.0,Test Execution,Yes,12.91,11.59,1,1.3200000000000003,10.224632068164215,0.8977536793183578,8.6,1.291
380,2026-S06,2026,6,Customer Web Portal,EIP-QA,Medium,9.0,86.0,Regression Testing,Yes,20.14,14.04,1,6.100000000000001,30.287984111221455,0.6971201588877854,8.6,2.0140000000000002
380,2026-S06,2026,6,Customer Web Portal,EIP-QA,Medium,9.0,86.0,Defect Management,Yes,19.53,16.61,1,2.9200000000000017,14.951356886840767,0.8504864311315924,8.6,1.953
381,2026-S06,2026,6,CRM Sales & Service,CRM Platform QA,Low,12.0,80.0,Test Planning,No,16.14,15.45,0,0.6900000000000013,4.275092936802982,0.9572490706319702,6.153846153846154,1.2415384615384615
381,2026-S06,2026,6,CRM Sales & Service,CRM Platform QA,Low,12.0,80.0,Test Design,Yes,42.94,51.73,1,-8.79,-20.47042384722869,1.2047042384722868,6.153846153846154,3.303076923076923
381,2026-S06,2026,6,CRM Sales & Service,CRM Platform QA,Low,12.0,80.0,Automation Development,Yes,30.5,23.4,1,7.100000000000001,23.27868852459017,0.7672131147540984,6.153846153846154,2.3461538461538463
381,2026-S06,2026,6,CRM Sales & Service,CRM Platform QA,Low,12.0,80.0,Test Execution,No,15.05,15.35,0,-0.29999999999999893,-1.9933554817275676,1.0199335548172757,6.153846153846154,1.1576923076923078
381,2026-S06,2026,6,CRM Sales & Service,CRM Platform QA,Low,12.0,80.0,Regression Testing,Yes,21.0,14.5535,1,6.4465,30.69761904761905,0.6930238095238095,6.153846153846154,1.6153846153846154
381,2026-S06,2026,6,CRM Sales & Service,CRM Platform QA,Low,12.0,80.0,Defect Management,Yes,14.8,20.56,1,-5.759999999999998,-38.918918918918905,1.389189189189189,6.153846153846154,1.1384615384615384
382,2026-S06,2026,6,Enterprise Data Platform,Data Platform QA,Medium,10.0,110.0,Test Planning,No,11.61,11.22,0,0.3899999999999988,3.359173126614977,0.9664082687338502,10.0,1.0554545454545454
382,2026-S06,2026,6,Enterprise Data Platform,Data Platform QA,Medium,10.0,110.0,Test Design,Yes,46.63,23.25,1,23.380000000000003,50.139395239116446,0.4986060476088355,10.0,4.239090909090909
382,2026-S06,2026,6,Enterprise Data Platform,Data Platform QA,Medium,10.0,110.0,Automation Development,Yes,41.38,27.02,1,14.360000000000003,34.7027549540841,0.652972450459159,10.0,3.761818181818182
382,2026-S06,2026,6,Enterprise Data Platform,Data Platform QA,Medium,10.0,110.0,Test Execution,No,17.69,19.0,0,-1.3099999999999987,-7.405313736574327,1.0740531373657434,10.0,1.6081818181818184
382,2026-S06,2026,6,Enterprise Data Platform,Data Platform QA,Medium,10.0,110.0,Regression Testing,Yes,42.9,30.63,1,12.27,28.601398601398603,0.713986013986014,10.0,3.9
382,2026-S06,2026,6,Enterprise Data Platform,Data Platform QA,Medium,10.0,110.0,Defect Management,No,15.5993,15.5,0,0.0992999999999995,0.6365670254434461,0.9936343297455655,10.0,1.4181181818181818
383,2026-S06,2026,6,Billing & Payments,Billing & Payments QA,Medium,16.0,114.0,Test Planning,No,17.18,19.13,0,-1.9499999999999993,-11.35040745052386,1.1135040745052387,6.705882352941177,1.0105882352941176
383,2026-S06,2026,6,Billing & Payments,Billing & Payments QA,Medium,16.0,114.0,Test Design,Yes,49.0,57.4512,1,-8.4512,-17.24734693877551,1.1724734693877552,6.705882352941177,2.8823529411764706
383,2026-S06,2026,6,Billing & Payments,Billing & Payments QA,Medium,16.0,114.0,Automation Development,Yes,49.53,41.0,1,8.530000000000001,17.221885725822737,0.8277811427417726,6.705882352941177,2.913529411764706
383,2026-S06,2026,6,Billing & Payments,Billing & Payments QA,Medium,16.0,114.0,Test Execution,No,17.06,17.4,0,-0.33999999999999986,-1.9929660023446654,1.0199296600234466,6.705882352941177,1.0035294117647058
383,2026-S06,2026,6,Billing & Payments,Billing & Payments QA,Medium,16.0,114.0,Regression Testing,Yes,33.0,25.82,1,7.18,21.757575757575758,0.7824242424242425,6.705882352941177,1.9411764705882353
383,2026-S06,2026,6,Billing & Payments,Billing & Payments QA,Medium,16.0,114.0,Defect Management,No,21.67,22.2,0,-0.5299999999999976,-2.4457775726811146,1.0244577757268112,6.705882352941177,1.2747058823529414
384,2026-S06,2026,6,Mobile Service App,Mobile & Web QE,Medium,8.0,44.0,Test Planning,Yes,11.84,8.9059,1,2.934099999999999,24.781249999999993,0.7521875000000001,4.888888888888889,1.3155555555555556
384,2026-S06,2026,6,Mobile Service App,Mobile & Web QE,Medium,8.0,44.0,Test Design,Yes,23.35,15.82,1,7.530000000000001,32.24839400428266,0.6775160599571735,4.888888888888889,2.5944444444444446
384,2026-S06,2026,6,Mobile Service App,Mobile & Web QE,Medium,8.0,44.0,Automation Development,Yes,40.21,29.76,1,10.45,25.988560059686645,0.7401143994031336,4.888888888888889,4.467777777777778
384,2026-S06,2026,6,Mobile Service App,Mobile & Web QE,Medium,8.0,44.0,Test Execution,No,9.0,9.2,0,-0.1999999999999993,-2.2222222222222143,1.0222222222222221,4.888888888888889,1.0
384,2026-S06,2026,6,Mobile Service App,Mobile & Web QE,Medium,8.0,44.0,Regression Testing,Yes,15.3025,11.5,1,3.8025,24.84888090181343,0.7515111909818657,4.888888888888889,1.7002777777777778
384,2026-S06,2026,6,Mobile Service App,Mobile & Web QE,Medium,8.0,44.0,Defect Management,Yes,8.96,7.2,1,1.7600000000000007,19.64285714285715,0.8035714285714285,4.888888888888889,0.9955555555555556
385,2026-S07,2026,7,API Integration Platform,API & Middleware QA,Medium,10.0,114.0,Test Planning,No,11.3,12.0,0,-0.6999999999999993,-6.194690265486719,1.0619469026548671,10.363636363636363,1.0272727272727273
385,2026-S07,2026,7,API Integration Platform,API & Middleware QA,Medium,10.0,114.0,Test Design,Yes,48.0,25.5552,1,22.4448,46.760000000000005,0.5324,10.363636363636363,4.363636363636363
385,2026-S07,2026,7,API Integration Platform,API & Middleware QA,Medium,10.0,114.0,Automation Development,Yes,64.21,48.4,1,15.809999999999995,24.62233296994237,0.7537766703005763,10.363636363636363,5.837272727272727
385,2026-S07,2026,7,API Integration Platform,API & Middleware QA,Medium,10.0,114.0,Test Execution,No,16.79,14.64,0,2.1499999999999986,12.805241215008925,0.8719475878499108,10.363636363636363,1.5263636363636364
385,2026-S07,2026,7,API Integration Platform,API & Middleware QA,Medium,10.0,114.0,Regression Testing,Yes,36.0,27.48,1,8.52,23.666666666666668,0.7633333333333333,10.363636363636363,3.272727272727273
385,2026-S07,2026,7,API Integration Platform,API & Middleware QA,Medium,10.0,114.0,Defect Management,Yes,26.81,23.8,1,3.009999999999998,11.227154046997383,0.8877284595300262,10.363636363636363,2.437272727272727
386,2026-S07,2026,7,Customer Web Portal,EIP-QA,Medium,6.0,89.0,Test Planning,Yes,7.95,7.7,1,0.25,3.1446540880503147,0.9685534591194969,12.714285714285714,1.1357142857142857
386,2026-S07,2026,7,Customer Web Portal,EIP-QA,Medium,6.0,89.0,Test Design,No,37.35,41.12,0,-3.769999999999996,-10.093708165997311,1.100937081659973,12.714285714285714,5.335714285714286
386,2026-S07,2026,7,Customer Web Portal,EIP-QA,Medium,6.0,89.0,Automation Development,Yes,50.2,38.03,1,12.170000000000002,24.243027888446218,0.7575697211155378,12.714285714285714,7.171428571428572
386,2026-S07,2026,7,Customer Web Portal,EIP-QA,Medium,6.0,89.0,Test Execution,No,13.75,14.41,0,-0.6600000000000001,-4.800000000000001,1.048,12.714285714285714,1.9642857142857142
386,2026-S07,2026,7,Customer Web Portal,EIP-QA,Medium,6.0,89.0,Regression Testing,Yes,23.91,20.0,1,3.91,16.352990380593894,0.8364700961940611,12.714285714285714,3.415714285714286
386,2026-S07,2026,7,Customer Web Portal,EIP-QA,Medium,6.0,89.0,Defect Management,Yes,19.8,18.33,1,1.4700000000000024,7.424242424242436,0.9257575757575757,12.714285714285714,2.8285714285714287
387,2026-S07,2026,7,ERP Operations,ERP Operations QA,Medium,6.0,97.0,Test Planning,No,8.05,7.6,0,0.45000000000000107,5.590062111801255,0.9440993788819875,13.857142857142858,1.1500000000000001
387,2026-S07,2026,7,ERP Operations,ERP Operations QA,Medium,6.0,97.0,Test Design,Yes,41.8,27.68,1,14.119999999999997,33.7799043062201,0.6622009569377991,13.857142857142858,5.971428571428571
387,2026-S07,2026,7,ERP Operations,ERP Operations QA,Medium,6.0,97.0,Automation Development,No,32.61,34.73,0,-2.1199999999999974,-6.50107329040171,1.065010732904017,13.857142857142858,4.658571428571428
387,2026-S07,2026,7,ERP Operations,ERP Operations QA,Medium,6.0,97.0,Test Execution,No,14.0,13.0,0,1.0,7.142857142857142,0.9285714285714286,13.857142857142858,2.0
387,2026-S07,2026,7,ERP Operations,ERP Operations QA,Medium,6.0,97.0,Regression Testing,No,30.62,30.05,0,0.5700000000000003,1.861528412802091,0.9813847158719791,13.857142857142858,4.3742857142857146
387,2026-S07,2026,7,ERP Operations,ERP Operations QA,Medium,6.0,97.0,Defect Management,No,26.04,23.0,0,3.039999999999999,11.674347158218124,0.8832565284178188,13.857142857142858,3.7199999999999998
388,2026-S07,2026,7,Enterprise Data Platform,Data Platform QA,Medium,17.0,76.0,Test Planning,No,17.8,18.33,0,-0.5299999999999976,-2.9775280898876266,1.0297752808988763,4.222222222222222,0.9888888888888889
388,2026-S07,2026,7,Enterprise Data Platform,Data Platform QA,Medium,17.0,76.0,Test Design,Yes,34.0,22.1979,1,11.8021,34.71205882352941,0.6528794117647059,4.222222222222222,1.8888888888888888
388,2026-S07,2026,7,Enterprise Data Platform,Data Platform QA,Medium,17.0,76.0,Automation Development,Yes,25.0,23.6,1,1.3999999999999986,5.599999999999994,0.9440000000000001,4.222222222222222,1.3888888888888888
388,2026-S07,2026,7,Enterprise Data Platform,Data Platform QA,Medium,17.0,76.0,Test Execution,No,11.35,10.74,0,0.6099999999999994,5.374449339207043,0.9462555066079296,4.222222222222222,0.6305555555555555
388,2026-S07,2026,7,Enterprise Data Platform,Data Platform QA,Medium,17.0,76.0,Regression Testing,Yes,29.16,19.7,1,9.46,32.441700960219485,0.6755829903978052,4.222222222222222,1.62
388,2026-S07,2026,7,Enterprise Data Platform,Data Platform QA,Medium,17.0,76.0,Defect Management,No,11.94,12.84,0,-0.9000000000000004,-7.537688442211059,1.0753768844221105,4.222222222222222,0.6633333333333333
389,2026-S07,2026,7,CRM Sales & Service,CRM Platform QA,Low,9.0,85.0,Test Planning,No,8.8,9.2,0,-0.3999999999999986,-4.545454545454529,1.0454545454545452,8.5,0.8800000000000001
389,2026-S07,2026,7,CRM Sales & Service,CRM Platform QA,Low,9.0,85.0,Test Design,Yes,30.47,21.0,1,9.469999999999999,31.079750574335407,0.6892024942566459,8.5,3.0469999999999997
389,2026-S07,2026,7,CRM Sales & Service,CRM Platform QA,Low,9.0,85.0,Automation Development,Yes,22.8,21.0,1,1.8000000000000007,7.8947368421052655,0.9210526315789473,8.5,2.2800000000000002
389,2026-S07,2026,7,CRM Sales & Service,CRM Platform QA,Low,9.0,85.0,Test Execution,No,11.16,10.02,0,1.1400000000000006,10.215053763440865,0.8978494623655914,8.5,1.116
389,2026-S07,2026,7,CRM Sales & Service,CRM Platform QA,Low,9.0,85.0,Regression Testing,Yes,,11.5408,1,,,,8.5,
389,2026-S07,2026,7,CRM Sales & Service,CRM Platform QA,Low,9.0,85.0,Defect Management,Yes,10.5,8.0,1,2.5,23.809523809523807,0.7619047619047619,8.5,1.05
390,2026-S07,2026,7,Mobile Service App,Mobile & Web QE,Medium,6.0,16.0,Test Planning,Yes,8.05,7.0,1,1.0500000000000007,13.043478260869573,0.8695652173913043,2.2857142857142856,1.1500000000000001
390,2026-S07,2026,7,Mobile Service App,Mobile & Web QE,Medium,6.0,16.0,Test Design,Yes,7.76,11.9,1,-4.140000000000001,-53.35051546391754,1.5335051546391754,2.2857142857142856,1.1085714285714285
390,2026-S07,2026,7,Mobile Service App,Mobile & Web QE,Medium,6.0,16.0,Automation Development,Yes,13.25,11.4,1,1.8499999999999996,13.962264150943394,0.8603773584905661,2.2857142857142856,1.8928571428571428
390,2026-S07,2026,7,Mobile Service App,Mobile & Web QE,Medium,6.0,16.0,Test Execution,No,3.0,2.95,0,0.04999999999999982,1.6666666666666607,0.9833333333333334,2.2857142857142856,0.42857142857142855
390,2026-S07,2026,7,Mobile Service App,Mobile & Web QE,Medium,6.0,16.0,Regression Testing,Yes,6.2,4.0,1,2.2,35.483870967741936,0.6451612903225806,2.2857142857142856,0.8857142857142858
390,2026-S07,2026,7,Mobile Service App,Mobile & Web QE,Medium,6.0,16.0,Defect Management,Yes,6.16,4.6,1,1.5600000000000005,25.324675324675333,0.7467532467532467,2.2857142857142856,0.88
391,2026-S08,2026,8,Customer Web Portal,EIP-QA,Medium,17.0,85.0,Test Planning,Yes,16.92,15.6247,1,1.295300000000001,7.655437352245868,0.9234456264775414,4.722222222222222,0.9400000000000001
391,2026-S08,2026,8,Customer Web Portal,EIP-QA,Medium,17.0,85.0,Test Design,Yes,37.38,23.0,1,14.380000000000003,38.469769930444095,0.6153023006955591,4.722222222222222,2.0766666666666667
391,2026-S08,2026,8,Customer Web Portal,EIP-QA,Medium,17.0,85.0,Automation Development,Yes,50.0,35.13,1,14.869999999999997,29.739999999999995,0.7026,4.722222222222222,2.7777777777777777
391,2026-S08,2026,8,Customer Web Portal,EIP-QA,Medium,17.0,85.0,Test Execution,No,13.49,12.56,0,0.9299999999999997,6.8939955522609315,0.9310600444773907,4.722222222222222,0.7494444444444445
391,2026-S08,2026,8,Customer Web Portal,EIP-QA,Medium,17.0,85.0,Regression Testing,Yes,21.24,13.45,1,7.789999999999999,36.67608286252354,0.6332391713747646,4.722222222222222,1.18
391,2026-S08,2026,8,Customer Web Portal,EIP-QA,Medium,17.0,85.0,Defect Management,Yes,29.04,34.0,1,-4.960000000000001,-17.079889807162537,1.1707988980716253,4.722222222222222,1.6133333333333333
392,2026-S08,2026,8,Enterprise Data Platform,Data Platform QA,High,7.0,73.0,Test Planning,No,8.84,9.04,0,-0.1999999999999993,-2.262443438914019,1.0226244343891402,9.125,1.105
392,2026-S08,2026,8,Enterprise Data Platform,Data Platform QA,High,7.0,73.0,Test Design,Yes,30.16,47.3,1,-17.139999999999997,-56.83023872679044,1.5683023872679045,9.125,3.77
392,2026-S08,2026,8,Enterprise Data Platform,Data Platform QA,High,7.0,73.0,Automation Development,Yes,38.24,34.39,1,3.8500000000000014,10.067991631799167,0.8993200836820083,9.125,4.78
392,2026-S08,2026,8,Enterprise Data Platform,Data Platform QA,High,7.0,73.0,Test Execution,No,11.0,16.88,0,-5.879999999999999,-53.454545454545446,1.5345454545454544,9.125,1.375
392,2026-S08,2026,8,Enterprise Data Platform,Data Platform QA,High,7.0,73.0,Regression Testing,Yes,25.47,19.53,1,5.939999999999998,23.321554770318013,0.7667844522968199,9.125,3.18375
392,2026-S08,2026,8,Enterprise Data Platform,Data Platform QA,High,7.0,73.0,Defect Management,No,13.45,14.13,0,-0.6800000000000015,-5.055762081784398,1.050557620817844,9.125,1.68125
393,2026-S08,2026,8,CRM Sales & Service,CRM Platform QA,Medium,10.0,89.0,Test Planning,No,10.56,11.83,0,-1.2699999999999996,-12.026515151515147,1.1202651515151514,8.090909090909092,0.9600000000000001
393,2026-S08,2026,8,CRM Sales & Service,CRM Platform QA,Medium,10.0,89.0,Test Design,No,36.7,68.0,0,-31.299999999999997,-85.28610354223432,1.8528610354223432,8.090909090909092,3.3363636363636364
393,2026-S08,2026,8,CRM Sales & Service,CRM Platform QA,Medium,10.0,89.0,Automation Development,Yes,49.49,36.0,1,13.490000000000002,27.258031925641546,0.7274196807435845,8.090909090909092,4.499090909090909
393,2026-S08,2026,8,CRM Sales & Service,CRM Platform QA,Medium,10.0,89.0,Test Execution,No,13.9,15.11,0,-1.209999999999999,-8.705035971223014,1.08705035971223,8.090909090909092,1.2636363636363637
393,2026-S08,2026,8,CRM Sales & Service,CRM Platform QA,Medium,10.0,89.0,Regression Testing,Yes,33.71,17.02,1,16.69,49.510530999703356,0.5048946900029665,8.090909090909092,3.0645454545454545
393,2026-S08,2026,8,CRM Sales & Service,CRM Platform QA,Medium,10.0,89.0,Defect Management,Yes,18.3021,13.25,1,5.052099999999999,27.603936160331326,0.7239606383966868,8.090909090909092,1.6638272727272727
394,2026-S08,2026,8,Mobile Service App,Mobile & Web QE,Medium,11.0,101.0,Test Planning,Yes,12.0,10.55,1,1.4499999999999993,12.083333333333329,0.8791666666666668,8.416666666666666,1.0
394,2026-S08,2026,8,Mobile Service App,Mobile & Web QE,Medium,11.0,101.0,Test Design,Yes,42.6912,28.0,1,14.691200000000002,34.412712690203136,0.6558728730979686,8.416666666666666,3.5576000000000003
394,2026-S08,2026,8,Mobile Service App,Mobile & Web QE,Medium,11.0,101.0,Automation Development,Yes,49.9,29.61,1,20.29,40.66132264529058,0.5933867735470942,8.416666666666666,4.158333333333333
394,2026-S08,2026,8,Mobile Service App,Mobile & Web QE,Medium,11.0,101.0,Test Execution,No,15.0,15.9,0,-0.9000000000000004,-6.000000000000003,1.06,8.416666666666666,1.25
394,2026-S08,2026,8,Mobile Service App,Mobile & Web QE,Medium,11.0,101.0,Regression Testing,Yes,32.9,21.3,1,11.599999999999998,35.25835866261397,0.6474164133738602,8.416666666666666,2.7416666666666667
394,2026-S08,2026,8,Mobile Service App,Mobile & Web QE,Medium,11.0,101.0,Defect Management,Yes,21.21,22.95,1,-1.7399999999999984,-8.203677510608195,1.082036775106082,8.416666666666666,1.7675
395,2026-S08,2026,8,API Integration Platform,API & Middleware QA,Medium,9.0,49.0,Test Planning,No,10.8,11.91,0,-1.1099999999999994,-10.277777777777771,1.1027777777777776,4.9,1.08
395,2026-S08,2026,8,API Integration Platform,API & Middleware QA,Medium,9.0,49.0,Test Design,Yes,20.7,17.49,1,3.210000000000001,15.507246376811597,0.844927536231884,4.9,2.07
395,2026-S08,2026,8,API Integration Platform,API & Middleware QA,Medium,9.0,49.0,Automation Development,Yes,37.89,42.19,1,-4.299999999999997,-11.348640802322505,1.113486408023225,4.9,3.789
395,2026-S08,2026,8,API Integration Platform,API & Middleware QA,Medium,9.0,49.0,Test Execution,No,8.29,9.71,0,-1.4200000000000017,-17.129071170084462,1.1712907117008446,4.9,0.829
395,2026-S08,2026,8,API Integration Platform,API & Middleware QA,Medium,9.0,49.0,Regression Testing,Yes,17.0,11.8,1,5.199999999999999,30.588235294117645,0.6941176470588236,4.9,1.7
395,2026-S08,2026,8,API Integration Platform,API & Middleware QA,Medium,9.0,49.0,Defect Management,Yes,12.0,8.59,1,3.41,28.416666666666668,0.7158333333333333,4.9,1.2
396,2026-S08,2026,8,ERP Operations,ERP Operations QA,Medium,4.0,116.0,Test Planning,No,5.84,7.6,0,-1.7599999999999998,-30.136986301369863,1.3013698630136985,23.2,1.168
396,2026-S08,2026,8,ERP Operations,ERP Operations QA,Medium,4.0,116.0,Test Design,No,48.26,48.58,0,-0.3200000000000003,-0.6630750103605476,1.0066307501036056,23.2,9.652
396,2026-S08,2026,8,ERP Operations,ERP Operations QA,Medium,4.0,116.0,Automation Development,No,45.49,47.46,0,-1.9699999999999989,-4.330622114750492,1.0433062211475048,23.2,9.098
396,2026-S08,2026,8,ERP Operations,ERP Operations QA,Medium,4.0,116.0,Test Execution,Yes,16.63,17.1,1,-0.4700000000000024,-2.8262176788935807,1.0282621767889357,23.2,3.3259999999999996
396,2026-S08,2026,8,ERP Operations,ERP Operations QA,Medium,4.0,116.0,Regression Testing,No,39.22,45.35,0,-6.130000000000003,-15.629780724120353,1.1562978072412036,23.2,7.843999999999999
396,2026-S08,2026,8,ERP Operations,ERP Operations QA,Medium,4.0,116.0,Defect Management,No,21.27,21.0,0,0.2699999999999996,1.2693935119887145,0.9873060648801129,23.2,4.254
397,2026-S09,2026,9,Mobile Service App,Mobile & Web QE,High,12.0,85.0,Test Planning,Yes,16.0,12.51,1,3.49,21.8125,0.781875,6.538461538461538,1.2307692307692308
397,2026-S09,2026,9,Mobile Service App,Mobile & Web QE,High,12.0,85.0,Test Design,Yes,44.73,49.51,1,-4.780000000000001,-10.686340263805056,1.1068634026380506,6.538461538461538,3.4407692307692304
397,2026-S09,2026,9,Mobile Service App,Mobile & Web QE,High,12.0,85.0,Automation Development,Yes,56.32,41.33,1,14.990000000000002,26.615767045454547,0.7338423295454545,6.538461538461538,4.332307692307692
397,2026-S09,2026,9,Mobile Service App,Mobile & Web QE,High,12.0,85.0,Test Execution,No,16.35,16.56,0,-0.2099999999999973,-1.284403669724754,1.0128440366972475,6.538461538461538,1.2576923076923079
397,2026-S09,2026,9,Mobile Service App,Mobile & Web QE,High,12.0,85.0,Regression Testing,Yes,27.306,20.92,1,6.385999999999999,23.38680143558192,0.7661319856441808,6.538461538461538,2.1004615384615386
397,2026-S09,2026,9,Mobile Service App,Mobile & Web QE,High,12.0,85.0,Defect Management,No,27.0,30.5,0,-3.5,-12.962962962962962,1.1296296296296295,6.538461538461538,2.076923076923077
398,2026-S09,2026,9,Customer Web Portal,EIP-QA,Medium,11.0,75.0,Test Planning,Yes,11.95,8.93,1,3.0199999999999996,25.27196652719665,0.7472803347280335,6.25,0.9958333333333332
398,2026-S09,2026,9,Customer Web Portal,EIP-QA,Medium,11.0,75.0,Test Design,Yes,32.82,34.87,1,-2.049999999999997,-6.246191346739784,1.0624619134673978,6.25,2.735
398,2026-S09,2026,9,Customer Web Portal,EIP-QA,Medium,11.0,75.0,Automation Development,Yes,42.57,32.38,1,10.189999999999998,23.93704486727742,0.7606295513272258,6.25,3.5475
398,2026-S09,2026,9,Customer Web Portal,EIP-QA,Medium,11.0,75.0,Test Execution,No,12.08,12.4172,0,-0.3371999999999993,-2.791390728476815,1.027913907284768,6.25,1.0066666666666666
398,2026-S09,2026,9,Customer Web Portal,EIP-QA,Medium,11.0,75.0,Regression Testing,Yes,20.63,12.78,1,7.85,38.05138148327678,0.6194861851672322,6.25,1.7191666666666665
398,2026-S09,2026,9,Customer Web Portal,EIP-QA,Medium,11.0,75.0,Defect Management,Yes,12.81,13.13,1,-0.3200000000000003,-2.498048399687746,1.0249804839968775,6.25,1.0675000000000001
399,2026-S09,2026,9,Billing & Payments,Billing & Payments QA,Medium,16.0,61.0,Test Planning,No,16.73,17.42,0,-0.6900000000000013,-4.124327555289907,1.041243275552899,3.588235294117647,0.9841176470588235
399,2026-S09,2026,9,Billing & Payments,Billing & Payments QA,Medium,16.0,61.0,Test Design,Yes,26.92,29.6,1,-2.6799999999999997,-9.955423476968795,1.099554234769688,3.588235294117647,1.583529411764706
399,2026-S09,2026,9,Billing & Payments,Billing & Payments QA,Medium,16.0,61.0,Automation Development,Yes,49.7,39.0,1,10.700000000000003,21.529175050301816,0.7847082494969818,3.588235294117647,2.923529411764706
399,2026-S09,2026,9,Billing & Payments,Billing & Payments QA,Medium,16.0,61.0,Test Execution,No,10.5,10.5,0,0.0,0.0,1.0,3.588235294117647,0.6176470588235294
399,2026-S09,2026,9,Billing & Payments,Billing & Payments QA,Medium,16.0,61.0,Regression Testing,Yes,23.9,16.8,1,7.099999999999998,29.707112970711293,0.7029288702928871,3.588235294117647,1.4058823529411764
399,2026-S09,2026,9,Billing & Payments,Billing & Payments QA,Medium,16.0,61.0,Defect Management,No,25.32,25.0961,0,0.22390000000000043,0.8842812006319133,0.9911571879936809,3.588235294117647,1.4894117647058824
400,2026-S09,2026,9,API Integration Platform,API & Middleware QA,Low,8.0,87.0,Test Planning,No,8.25,8.5,0,-0.25,-3.0303030303030303,1.0303030303030303,9.666666666666666,0.9166666666666666
400,2026-S09,2026,9,API Integration Platform,API & Middleware QA,Low,8.0,87.0,Test Design,Yes,32.25,27.9,1,4.350000000000001,13.48837209302326,0.8651162790697674,9.666666666666666,3.5833333333333335
400,2026-S09,2026,9,API Integration Platform,API & Middleware QA,Low,8.0,87.0,Automation Development,Yes,46.7158,40.0851,1,6.6307000000000045,14.193698919851535,0.8580630108014846,9.666666666666666,5.190644444444445
400,2026-S09,2026,9,API Integration Platform,API & Middleware QA,Low,8.0,87.0,Test Execution,No,11.28,11.34,0,-0.0600000000000005,-0.5319148936170257,1.0053191489361704,9.666666666666666,1.2533333333333332
400,2026-S09,2026,9,API Integration Platform,API & Middleware QA,Low,8.0,87.0,Regression Testing,Yes,28.23,23.78,1,4.449999999999999,15.763372298972723,0.8423662770102728,9.666666666666666,3.1366666666666667
400,2026-S09,2026,9,API Integration Platform,API & Middleware QA,Low,8.0,87.0,Defect Management,No,23.6,26.2,0,-2.599999999999998,-11.016949152542363,1.1101694915254237,9.666666666666666,2.6222222222222222
401,2026-S09,2026,9,Enterprise Data Platform,Data Platform QA,Medium,8.0,78.0,Test Planning,Yes,9.0,10.69,1,-1.6899999999999995,-18.77777777777777,1.1877777777777778,8.666666666666666,1.0
401,2026-S09,2026,9,Enterprise Data Platform,Data Platform QA,Medium,8.0,78.0,Test Design,Yes,33.98,24.26,1,9.719999999999995,28.605061801059435,0.7139493819894056,8.666666666666666,3.775555555555555
401,2026-S09,2026,9,Enterprise Data Platform,Data Platform QA,Medium,8.0,78.0,Automation Development,Yes,54.0,35.27,1,18.729999999999997,34.68518518518518,0.6531481481481483,8.666666666666666,6.0
401,2026-S09,2026,9,Enterprise Data Platform,Data Platform QA,Medium,8.0,78.0,Test Execution,Yes,12.7,14.0,1,-1.3000000000000007,-10.236220472440952,1.1023622047244095,8.666666666666666,1.411111111111111
401,2026-S09,2026,9,Enterprise Data Platform,Data Platform QA,Medium,8.0,78.0,Regression Testing,Yes,26.94,21.89,1,5.050000000000001,18.745360059391242,0.8125463994060876,8.666666666666666,2.9933333333333336
401,2026-S09,2026,9,Enterprise Data Platform,Data Platform QA,Medium,8.0,78.0,Defect Management,No,30.62,28.13,0,2.490000000000002,8.131939908556506,0.9186806009144349,8.666666666666666,3.4022222222222225
402,2026-S10,2026,10,Enterprise Data Platform,Data Platform QA,Medium,12.0,93.0,Test Planning,No,10.91,14.19,0,-3.2799999999999994,-30.064161319890005,1.3006416131989,7.153846153846154,0.8392307692307692
402,2026-S10,2026,10,Enterprise Data Platform,Data Platform QA,Medium,12.0,93.0,Test Design,Yes,34.2,31.11,1,3.0900000000000034,9.035087719298254,0.9096491228070175,7.153846153846154,2.630769230769231
402,2026-S10,2026,10,Enterprise Data Platform,Data Platform QA,Medium,12.0,93.0,Automation Development,Yes,57.07,61.29,1,-4.219999999999999,-7.394427895566846,1.0739442789556684,7.153846153846154,4.39
402,2026-S10,2026,10,Enterprise Data Platform,Data Platform QA,Medium,12.0,93.0,Test Execution,No,12.58,12.49,0,0.08999999999999986,0.7154213036565967,0.9928457869634341,7.153846153846154,0.9676923076923077
402,2026-S10,2026,10,Enterprise Data Platform,Data Platform QA,Medium,12.0,93.0,Regression Testing,Yes,31.04,22.48,1,8.559999999999999,27.577319587628864,0.7242268041237113,7.153846153846154,2.3876923076923076
402,2026-S10,2026,10,Enterprise Data Platform,Data Platform QA,Medium,12.0,93.0,Defect Management,No,17.91,20.71,0,-2.8000000000000007,-15.633724176437749,1.1563372417643776,7.153846153846154,1.3776923076923078
403,2026-S10,2026,10,CRM Sales & Service,CRM Platform QA,Medium,6.0,62.0,Test Planning,No,8.0,8.0,0,0.0,0.0,1.0,8.857142857142858,1.1428571428571428
403,2026-S10,2026,10,CRM Sales & Service,CRM Platform QA,Medium,6.0,62.0,Test Design,Yes,26.02,15.43,1,10.59,40.69946195234435,0.5930053804765565,8.857142857142858,3.717142857142857
403,2026-S10,2026,10,CRM Sales & Service,CRM Platform QA,Medium,6.0,62.0,Automation Development,No,23.0,22.87,0,0.129999999999999,0.5652173913043435,0.9943478260869566,8.857142857142858,3.2857142857142856
403,2026-S10,2026,10,CRM Sales & Service,CRM Platform QA,Medium,6.0,62.0,Test Execution,No,9.82,9.32,0,0.5,5.091649694501018,0.9490835030549898,8.857142857142858,1.4028571428571428
403,2026-S10,2026,10,CRM Sales & Service,CRM Platform QA,Medium,6.0,62.0,Regression Testing,Yes,24.41,13.08,1,11.33,46.41540352314625,0.5358459647685375,8.857142857142858,3.487142857142857
403,2026-S10,2026,10,CRM Sales & Service,CRM Platform QA,Medium,6.0,62.0,Defect Management,Yes,13.2,9.45,1,3.75,28.40909090909091,0.7159090909090909,8.857142857142858,1.8857142857142857
404,2026-S10,2026,10,API Integration Platform,API & Middleware QA,High,9.0,68.0,Test Planning,No,12.62,12.95,0,-0.33000000000000007,-2.6148969889064984,1.026148969889065,6.8,1.262
404,2026-S10,2026,10,API Integration Platform,API & Middleware QA,High,9.0,68.0,Test Design,Yes,36.0,25.63,1,10.370000000000001,28.805555555555557,0.7119444444444444,6.8,3.6
404,2026-S10,2026,10,API Integration Platform,API & Middleware QA,High,9.0,68.0,Automation Development,No,37.2,40.32,0,-3.1199999999999974,-8.387096774193541,1.0838709677419354,6.8,3.72
404,2026-S10,2026,10,API Integration Platform,API & Middleware QA,High,9.0,68.0,Test Execution,No,13.1,13.65,0,-0.5500000000000007,-4.1984732824427535,1.0419847328244276,6.8,1.31
404,2026-S10,2026,10,API Integration Platform,API & Middleware QA,High,9.0,68.0,Regression Testing,Yes,21.31,15.1,1,6.209999999999999,29.141248240262783,0.7085875175973722,6.8,2.131
404,2026-S10,2026,10,API Integration Platform,API & Middleware QA,High,9.0,68.0,Defect Management,Yes,21.54,31.11,1,-9.57,-44.428969359331475,1.4442896935933147,6.8,2.154
405,2026-S10,2026,10,Mobile Service App,Mobile & Web QE,Medium,10.0,73.0,Test Planning,Yes,10.89,8.07,1,2.8200000000000003,25.895316804407713,0.7410468319559228,6.636363636363637,0.9900000000000001
405,2026-S10,2026,10,Mobile Service App,Mobile & Web QE,Medium,10.0,73.0,Test Design,Yes,31.72,24.82,1,6.899999999999999,21.752837326607814,0.7824716267339219,6.636363636363637,2.8836363636363633
405,2026-S10,2026,10,Mobile Service App,Mobile & Web QE,Medium,10.0,73.0,Automation Development,Yes,48.98,40.45,1,8.529999999999994,17.415271539403825,0.8258472846059617,6.636363636363637,4.452727272727272
405,2026-S10,2026,10,Mobile Service App,Mobile & Web QE,Medium,10.0,73.0,Test Execution,No,11.15,13.0,0,-1.8499999999999996,-16.59192825112107,1.1659192825112108,6.636363636363637,1.0136363636363637
405,2026-S10,2026,10,Mobile Service App,Mobile & Web QE,Medium,10.0,73.0,Regression Testing,Yes,22.3,16.42,1,5.879999999999999,26.3677130044843,0.7363228699551571,6.636363636363637,2.0272727272727273
405,2026-S10,2026,10,Mobile Service App,Mobile & Web QE,Medium,10.0,73.0,Defect Management,Yes,16.9,19.3,1,-2.400000000000002,-14.201183431952677,1.1420118343195267,6.636363636363637,1.5363636363636362
406,2026-S10,2026,10,Customer Web Portal,EIP-QA,Medium,10.0,65.0,Test Planning,Yes,14.0,11.73,1,2.2699999999999996,16.21428571428571,0.8378571428571429,5.909090909090909,1.2727272727272727
406,2026-S10,2026,10,Customer Web Portal,EIP-QA,Medium,10.0,65.0,Test Design,Yes,27.94,17.8,1,10.14,36.292054402290624,0.6370794559770938,5.909090909090909,2.54
406,2026-S10,2026,10,Customer Web Portal,EIP-QA,Medium,10.0,65.0,Automation Development,Yes,34.44,28.55,1,5.889999999999997,17.10220673635307,0.8289779326364694,5.909090909090909,3.130909090909091
406,2026-S10,2026,10,Customer Web Portal,EIP-QA,Medium,10.0,65.0,Test Execution,No,10.6,12.0,0,-1.4000000000000004,-13.207547169811324,1.1320754716981132,5.909090909090909,0.9636363636363636
406,2026-S10,2026,10,Customer Web Portal,EIP-QA,Medium,10.0,65.0,Regression Testing,Yes,19.0,13.8,1,5.199999999999999,27.368421052631575,0.7263157894736842,5.909090909090909,1.7272727272727273
406,2026-S10,2026,10,Customer Web Portal,EIP-QA,Medium,10.0,65.0,Defect Management,Yes,9.12,7.26,1,1.8599999999999994,20.39473684210526,0.7960526315789475,5.909090909090909,0.829090909090909
407,2026-S10,2026,10,Billing & Payments,Billing & Payments QA,Medium,21.0,75.0,Test Planning,No,20.28,19.2,0,1.0800000000000018,5.325443786982258,0.9467455621301775,3.409090909090909,0.9218181818181819
407,2026-S10,2026,10,Billing & Payments,Billing & Payments QA,Medium,21.0,75.0,Test Design,Yes,31.19,26.22,1,4.970000000000002,15.93459442128888,0.8406540557871112,3.409090909090909,1.4177272727272727
407,2026-S10,2026,10,Billing & Payments,Billing & Payments QA,Medium,21.0,75.0,Automation Development,Yes,46.91,36.3,1,10.61,22.617778725218503,0.7738222127478149,3.409090909090909,2.1322727272727273
407,2026-S10,2026,10,Billing & Payments,Billing & Payments QA,Medium,21.0,75.0,Test Execution,No,12.47,12.46,0,0.009999999999999787,0.08019246190857889,0.9991980753809142,3.409090909090909,0.5668181818181819
407,2026-S10,2026,10,Billing & Payments,Billing & Payments QA,Medium,21.0,75.0,Regression Testing,Yes,33.46,23.66,1,9.8,29.288702928870293,0.7071129707112971,3.409090909090909,1.520909090909091
407,2026-S10,2026,10,Billing & Payments,Billing & Payments QA,Medium,21.0,75.0,Defect Management,No,16.1,17.4,0,-1.2999999999999972,-8.074534161490664,1.0807453416149067,3.409090909090909,0.7318181818181819
408,2026-S11,2026,11,Customer Web Portal,EIP-QA,Medium,8.0,95.0,Test Planning,No,9.53,9.6,0,-0.07000000000000028,-0.7345225603357848,1.007345225603358,10.555555555555555,1.0588888888888888
408,2026-S11,2026,11,Customer Web Portal,EIP-QA,Medium,8.0,95.0,Test Design,Yes,40.55,30.4,1,10.149999999999999,25.030826140567196,0.749691738594328,10.555555555555555,4.5055555555555555
408,2026-S11,2026,11,Customer Web Portal,EIP-QA,Medium,8.0,95.0,Automation Development,Yes,39.0,29.7,1,9.3,23.846153846153847,0.7615384615384615,10.555555555555555,4.333333333333333
408,2026-S11,2026,11,Customer Web Portal,EIP-QA,Medium,8.0,95.0,Test Execution,No,13.84,14.41,0,-0.5700000000000003,-4.118497109826592,1.041184971098266,10.555555555555555,1.5377777777777777
408,2026-S11,2026,11,Customer Web Portal,EIP-QA,Medium,8.0,95.0,Regression Testing,Yes,24.26,17.1,1,7.16,29.513602638087384,0.7048639736191261,10.555555555555555,2.695555555555556
408,2026-S11,2026,11,Customer Web Portal,EIP-QA,Medium,8.0,95.0,Defect Management,Yes,24.2,18.34,1,5.859999999999999,24.21487603305785,0.7578512396694215,10.555555555555555,2.6888888888888887
409,2026-S11,2026,11,API Integration Platform,API & Middleware QA,Low,10.0,48.0,Test Planning,No,10.54,12.08,0,-1.540000000000001,-14.61100569259963,1.1461100569259963,4.363636363636363,0.9581818181818181
409,2026-S11,2026,11,API Integration Platform,API & Middleware QA,Low,10.0,48.0,Test Design,No,20.35,15.15,0,5.200000000000001,25.55282555282556,0.7444717444717445,4.363636363636363,1.85
409,2026-S11,2026,11,API Integration Platform,API & Middleware QA,Low,10.0,48.0,Automation Development,Yes,37.0356,29.92,1,7.115600000000001,19.212865459179817,0.8078713454082018,4.363636363636363,3.3668727272727277
409,2026-S11,2026,11,API Integration Platform,API & Middleware QA,Low,10.0,48.0,Test Execution,No,8.23,8.48,0,-0.25,-3.0376670716889427,1.0303766707168893,4.363636363636363,0.7481818181818182
409,2026-S11,2026,11,API Integration Platform,API & Middleware QA,Low,10.0,48.0,Regression Testing,Yes,20.0,12.6,1,7.4,37.0,0.63,4.363636363636363,1.8181818181818181
409,2026-S11,2026,11,API Integration Platform,API & Middleware QA,Low,10.0,48.0,Defect Management,Yes,10.35,7.8,1,2.55,24.63768115942029,0.7536231884057971,4.363636363636363,0.9409090909090909
410,2026-S11,2026,11,ERP Operations,ERP Operations QA,High,8.0,66.0,Test Planning,No,10.23,11.58,0,-1.3499999999999996,-13.19648093841642,1.131964809384164,7.333333333333333,1.1366666666666667
410,2026-S11,2026,11,ERP Operations,ERP Operations QA,High,8.0,66.0,Test Design,Yes,29.0,23.73,1,5.27,18.17241379310345,0.8182758620689655,7.333333333333333,3.2222222222222223
410,2026-S11,2026,11,ERP Operations,ERP Operations QA,High,8.0,66.0,Automation Development,Yes,18.05,14.0,1,4.050000000000001,22.437673130193907,0.7756232686980609,7.333333333333333,2.0055555555555555
410,2026-S11,2026,11,ERP Operations,ERP Operations QA,High,8.0,66.0,Test Execution,No,10.56,10.0,0,0.5600000000000005,5.303030303030307,0.9469696969696969,7.333333333333333,1.1733333333333333
410,2026-S11,2026,11,ERP Operations,ERP Operations QA,High,8.0,66.0,Regression Testing,No,17.65,20.5,0,-2.8500000000000014,-16.1473087818697,1.161473087818697,7.333333333333333,1.961111111111111
410,2026-S11,2026,11,ERP Operations,ERP Operations QA,High,8.0,66.0,Defect Management,No,8.98,8.76,0,0.22000000000000064,2.449888641425397,0.975501113585746,7.333333333333333,0.9977777777777779
411,2026-S12,2026,12,CRM Sales & Service,CRM Platform QA,Low,9.0,82.0,Test Planning,Yes,10.38,10.0,1,0.3800000000000008,3.6608863198458645,0.9633911368015413,8.2,1.038
411,2026-S12,2026,12,CRM Sales & Service,CRM Platform QA,Low,9.0,82.0,Test Design,Yes,29.19,35.44,1,-6.2499999999999964,-21.411442274751614,1.2141144227475162,8.2,2.919
411,2026-S12,2026,12,CRM Sales & Service,CRM Platform QA,Low,9.0,82.0,Automation Development,Yes,47.05,30.3,1,16.749999999999996,35.60042507970244,0.6439957492029756,8.2,4.705
411,2026-S12,2026,12,CRM Sales & Service,CRM Platform QA,Low,9.0,82.0,Test Execution,No,10.79,12.0,0,-1.2100000000000009,-11.214087117701585,1.1121408711770158,8.2,1.079
411,2026-S12,2026,12,CRM Sales & Service,CRM Platform QA,Low,9.0,82.0,Regression Testing,Yes,25.45,21.9,1,3.5500000000000007,13.948919449901773,0.8605108055009822,8.2,2.545
411,2026-S12,2026,12,CRM Sales & Service,CRM Platform QA,Low,9.0,82.0,Defect Management,Yes,23.37,19.0,1,4.370000000000001,18.699186991869922,0.8130081300813008,8.2,2.337
412,2026-S12,2026,12,API Integration Platform,API & Middleware QA,Medium,8.0,76.0,Test Planning,Yes,9.41,9.04,1,0.370000000000001,3.9319872476089377,0.9606801275239106,8.444444444444445,1.0455555555555556
412,2026-S12,2026,12,API Integration Platform,API & Middleware QA,Medium,8.0,76.0,Test Design,Yes,32.51,23.16,1,9.349999999999998,28.760381421101194,0.712396185788988,8.444444444444445,3.612222222222222
412,2026-S12,2026,12,API Integration Platform,API & Middleware QA,Medium,8.0,76.0,Automation Development,Yes,37.0,29.66,1,7.34,19.83783783783784,0.8016216216216216,8.444444444444445,4.111111111111111
412,2026-S12,2026,12,API Integration Platform,API & Middleware QA,Medium,8.0,76.0,Test Execution,No,11.86,11.605,0,0.254999999999999,2.1500843170320323,0.9784991568296797,8.444444444444445,1.3177777777777777
412,2026-S12,2026,12,API Integration Platform,API & Middleware QA,Medium,8.0,76.0,Regression Testing,Yes,26.96,12.69,1,14.270000000000001,52.93026706231454,0.47069732937685455,8.444444444444445,2.9955555555555557
412,2026-S12,2026,12,API Integration Platform,API & Middleware QA,Medium,8.0,76.0,Defect Management,Yes,21.99,21.1,1,0.889999999999997,4.047294224647554,0.9595270577535244,8.444444444444445,2.4433333333333334
413,2026-S12,2026,12,Customer Web Portal,EIP-QA,Medium,11.0,66.0,Test Planning,Yes,12.06,15.7,1,-3.639999999999999,-30.182421227197338,1.3018242122719734,5.5,1.0050000000000001
413,2026-S12,2026,12,Customer Web Portal,EIP-QA,Medium,11.0,66.0,Test Design,Yes,27.5,19.43,1,8.07,29.345454545454547,0.7065454545454546,5.5,2.2916666666666665
413,2026-S12,2026,12,Customer Web Portal,EIP-QA,Medium,11.0,66.0,Automation Development,Yes,37.81,20.65,1,17.160000000000004,45.3848188309971,0.546151811690029,5.5,3.1508333333333334
413,2026-S12,2026,12,Customer Web Portal,EIP-QA,Medium,11.0,66.0,Test Execution,Yes,11.3,8.78,1,2.5200000000000014,22.300884955752224,0.7769911504424778,5.5,0.9416666666666668
413,2026-S12,2026,12,Customer Web Portal,EIP-QA,Medium,11.0,66.0,Regression Testing,No,21.64,21.83,0,-0.18999999999999773,-0.8780036968576604,1.0087800369685767,5.5,1.8033333333333335
413,2026-S12,2026,12,Customer Web Portal,EIP-QA,Medium,11.0,66.0,Defect Management,Yes,11.32,8.8,1,2.5199999999999996,22.261484098939924,0.7773851590106008,5.5,0.9433333333333334
414,2026-S13,2026,13,API Integration Platform,API & Middleware QA,Medium,14.0,107.0,Test Planning,Yes,15.51,13.4,1,2.1099999999999994,13.604126370083813,0.8639587362991619,7.133333333333334,1.034
414,2026-S13,2026,13,API Integration Platform,API & Middleware QA,Medium,14.0,107.0,Test Design,Yes,45.11,32.78,1,12.329999999999998,27.333185546442028,0.7266681445355797,7.133333333333334,3.0073333333333334
414,2026-S13,2026,13,API Integration Platform,API & Middleware QA,Medium,14.0,107.0,Automation Development,Yes,44.6,36.05,1,8.550000000000004,19.170403587443953,0.8082959641255605,7.133333333333334,2.9733333333333336
414,2026-S13,2026,13,API Integration Platform,API & Middleware QA,Medium,14.0,107.0,Test Execution,No,15.92,19.34,0,-3.42,-21.482412060301506,1.214824120603015,7.133333333333334,1.0613333333333332
414,2026-S13,2026,13,API Integration Platform,API & Middleware QA,Medium,14.0,107.0,Regression Testing,Yes,23.0,17.6169,1,5.383099999999999,23.404782608695648,0.7659521739130435,7.133333333333334,1.5333333333333334
414,2026-S13,2026,13,API Integration Platform,API & Middleware QA,Medium,14.0,107.0,Defect Management,Yes,21.68,19.38,1,2.3000000000000007,10.60885608856089,0.8939114391143911,7.133333333333334,1.4453333333333334
415,2026-S13,2026,13,Billing & Payments,Billing & Payments QA,Medium,10.0,34.0,Test Planning,No,10.4,18.1,0,-7.700000000000001,-74.03846153846155,1.7403846153846154,3.090909090909091,0.9454545454545454
415,2026-S13,2026,13,Billing & Payments,Billing & Payments QA,Medium,10.0,34.0,Test Design,Yes,15.44,11.6,1,3.84,24.870466321243523,0.7512953367875648,3.090909090909091,1.4036363636363636
415,2026-S13,2026,13,Billing & Payments,Billing & Payments QA,Medium,10.0,34.0,Automation Development,No,18.5,23.11,0,-4.609999999999999,-24.918918918918916,1.249189189189189,3.090909090909091,1.6818181818181819
415,2026-S13,2026,13,Billing & Payments,Billing & Payments QA,Medium,10.0,34.0,Test Execution,No,5.85,6.72,0,-0.8700000000000001,-14.871794871794874,1.1487179487179489,3.090909090909091,0.5318181818181817
415,2026-S13,2026,13,Billing & Payments,Billing & Payments QA,Medium,10.0,34.0,Regression Testing,Yes,8.7,7.03,1,1.669999999999999,19.195402298850563,0.8080459770114944,3.090909090909091,0.7909090909090909
415,2026-S13,2026,13,Billing & Payments,Billing & Payments QA,Medium,10.0,34.0,Defect Management,Yes,13.09,8.65,1,4.4399999999999995,33.919022154316266,0.6608097784568373,3.090909090909091,1.19
416,2026-S13,2026,13,CRM Sales & Service,CRM Platform QA,Medium,10.0,58.0,Test Planning,Yes,11.57,11.1518,1,0.41820000000000057,3.6145203111495294,0.9638547968885047,5.2727272727272725,1.0518181818181818
416,2026-S13,2026,13,CRM Sales & Service,CRM Platform QA,Medium,10.0,58.0,Test Design,Yes,25.4,18.81,1,6.59,25.94488188976378,0.7405511811023622,5.2727272727272725,2.309090909090909
416,2026-S13,2026,13,CRM Sales & Service,CRM Platform QA,Medium,10.0,58.0,Automation Development,Yes,25.06,34.57,1,-9.510000000000002,-37.9489225857941,1.379489225857941,5.2727272727272725,2.278181818181818
416,2026-S13,2026,13,CRM Sales & Service,CRM Platform QA,Medium,10.0,58.0,Test Execution,No,9.0,10.62,0,-1.6199999999999992,-17.99999999999999,1.18,5.2727272727272725,0.8181818181818182
416,2026-S13,2026,13,CRM Sales & Service,CRM Platform QA,Medium,10.0,58.0,Regression Testing,Yes,20.0,14.1,1,5.9,29.500000000000004,0.705,5.2727272727272725,1.8181818181818181
416,2026-S13,2026,13,CRM Sales & Service,CRM Platform QA,Medium,10.0,58.0,Defect Management,Yes,13.95,9.0,1,4.949999999999999,35.48387096774193,0.6451612903225806,5.2727272727272725,1.268181818181818
417,2026-S13,2026,13,Enterprise Data Platform,Data Platform QA,High,7.0,115.0,Test Planning,No,9.9,10.6,0,-0.6999999999999993,-7.070707070707064,1.0707070707070707,14.375,1.2375
417,2026-S13,2026,13,Enterprise Data Platform,Data Platform QA,High,7.0,115.0,Test Design,No,62.14,65.76,0,-3.6200000000000045,-5.825555197940142,1.0582555519794015,14.375,7.7675
417,2026-S13,2026,13,Enterprise Data Platform,Data Platform QA,High,7.0,115.0,Automation Development,Yes,41.96,35.71,1,6.25,14.895138226882745,0.8510486177311726,14.375,5.245
417,2026-S13,2026,13,Enterprise Data Platform,Data Platform QA,High,7.0,115.0,Test Execution,No,22.0,22.26,0,-0.26000000000000156,-1.181818181818189,1.011818181818182,14.375,2.75
417,2026-S13,2026,13,Enterprise Data Platform,Data Platform QA,High,7.0,115.0,Regression Testing,Yes,27.23,21.85,1,5.379999999999999,19.757620271759084,0.8024237972824092,14.375,3.40375
417,2026-S13,2026,13,Enterprise Data Platform,Data Platform QA,High,7.0,115.0,Defect Management,Yes,17.82,16.49,1,1.3300000000000018,7.463524130190807,0.925364758698092,14.375,2.2275
418,2026-S13,2026,13,Customer Web Portal,EIP-QA,Low,7.0,83.0,Test Planning,Yes,8.0,6.48,1,1.5199999999999996,18.999999999999993,0.81,10.375,1.0
418,2026-S13,2026,13,Customer Web Portal,EIP-QA,Low,7.0,83.0,Test Design,Yes,30.21,17.9,1,12.310000000000002,40.74809665673619,0.5925190334326381,10.375,3.77625
418,2026-S13,2026,13,Customer Web Portal,EIP-QA,Low,7.0,83.0,Automation Development,Yes,30.2,21.83,1,8.370000000000001,27.715231788079475,0.7228476821192052,10.375,3.775
418,2026-S13,2026,13,Customer Web Portal,EIP-QA,Low,7.0,83.0,Test Execution,No,11.32,10.02,0,1.3000000000000007,11.484098939929336,0.8851590106007067,10.375,1.415
418,2026-S13,2026,13,Customer Web Portal,EIP-QA,Low,7.0,83.0,Regression Testing,Yes,16.99,18.74,1,-1.75,-10.300176574455563,1.1030017657445557,10.375,2.12375
418,2026-S13,2026,13,Customer Web Portal,EIP-QA,Low,7.0,83.0,Defect Management,Yes,15.1,9.0,1,6.1,40.397350993377486,0.5960264900662252,10.375,1.8875
419,2026-S14,2026,14,API Integration Platform,API & Middleware QA,High,13.0,77.0,Test Planning,Yes,16.64,27.4,1,-10.759999999999998,-64.66346153846152,1.6466346153846152,5.5,1.1885714285714286
419,2026-S14,2026,14,API Integration Platform,API & Middleware QA,High,13.0,77.0,Test Design,Yes,41.13,27.608,1,13.522000000000002,32.876246049112574,0.6712375395088743,5.5,2.937857142857143
419,2026-S14,2026,14,API Integration Platform,API & Middleware QA,High,13.0,77.0,Automation Development,Yes,28.34,22.66,1,5.68,20.042342978122793,0.799576570218772,5.5,2.0242857142857145
419,2026-S14,2026,14,API Integration Platform,API & Middleware QA,High,13.0,77.0,Test Execution,No,14.19,13.6057,0,0.5842999999999989,4.1176885130373435,0.9588231148696266,5.5,1.0135714285714286
419,2026-S14,2026,14,API Integration Platform,API & Middleware QA,High,13.0,77.0,Regression Testing,No,35.0,33.4885,0,1.511499999999998,4.318571428571423,0.9568142857142857,5.5,2.5
419,2026-S14,2026,14,API Integration Platform,API & Middleware QA,High,13.0,77.0,Defect Management,Yes,22.99,16.22,1,6.77,29.447585906916053,0.7055241409308395,5.5,1.6421428571428571
420,2026-S14,2026,14,Enterprise Data Platform,Data Platform QA,Medium,10.0,54.0,Test Planning,No,7.01,6.58,0,0.4299999999999997,6.13409415121255,0.9386590584878745,4.909090909090909,0.6372727272727272
420,2026-S14,2026,14,Enterprise Data Platform,Data Platform QA,Medium,10.0,54.0,Test Design,Yes,23.0,14.99,1,8.01,34.82608695652174,0.6517391304347826,4.909090909090909,2.090909090909091
420,2026-S14,2026,14,Enterprise Data Platform,Data Platform QA,Medium,10.0,54.0,Automation Development,Yes,32.7,39.08,1,-6.3799999999999955,-19.51070336391436,1.1951070336391436,4.909090909090909,2.972727272727273
420,2026-S14,2026,14,Enterprise Data Platform,Data Platform QA,Medium,10.0,54.0,Test Execution,No,8.86,9.6512,0,-0.7911999999999999,-8.93002257336343,1.0893002257336344,4.909090909090909,0.8054545454545454
420,2026-S14,2026,14,Enterprise Data Platform,Data Platform QA,Medium,10.0,54.0,Regression Testing,Yes,13.5,,1,,,,4.909090909090909,1.2272727272727273
420,2026-S14,2026,14,Enterprise Data Platform,Data Platform QA,Medium,10.0,54.0,Defect Management,Yes,16.13,16.0,1,0.129999999999999,0.8059516429014199,0.9919404835709859,4.909090909090909,1.4663636363636363
421,2026-S14,2026,14,ERP Operations,ERP Operations QA,Medium,7.0,47.0,Test Planning,No,8.69,9.0,0,-0.3100000000000005,-3.567318757192181,1.0356731875719218,5.875,1.08625
421,2026-S14,2026,14,ERP Operations,ERP Operations QA,Medium,7.0,47.0,Test Design,Yes,21.4003,14.77,1,6.630300000000002,30.98227594940258,0.6901772405059742,5.875,2.6750375
421,2026-S14,2026,14,ERP Operations,ERP Operations QA,Medium,7.0,47.0,Automation Development,Yes,14.29,12.0,1,2.289999999999999,16.025192442267315,0.8397480755773269,5.875,1.78625
421,2026-S14,2026,14,ERP Operations,ERP Operations QA,Medium,7.0,47.0,Test Execution,No,7.38,8.0,0,-0.6200000000000001,-8.40108401084011,1.0840108401084012,5.875,0.9225
421,2026-S14,2026,14,ERP Operations,ERP Operations QA,Medium,7.0,47.0,Regression Testing,No,14.65,16.3,0,-1.6500000000000004,-11.26279863481229,1.112627986348123,5.875,1.83125
421,2026-S14,2026,14,ERP Operations,ERP Operations QA,Medium,7.0,47.0,Defect Management,No,10.68,9.85,0,0.8300000000000001,7.771535580524345,0.9222846441947565,5.875,1.335
422,2026-S14,2026,14,Billing & Payments,Billing & Payments QA,Low,8.0,101.0,Test Planning,No,7.54,7.6,0,-0.05999999999999961,-0.795755968169756,1.0079575596816976,11.222222222222221,0.8377777777777777
422,2026-S14,2026,14,Billing & Payments,Billing & Payments QA,Low,8.0,101.0,Test Design,Yes,35.4,22.7585,1,12.641499999999997,35.71045197740113,0.6428954802259887,11.222222222222221,3.933333333333333
422,2026-S14,2026,14,Billing & Payments,Billing & Payments QA,Low,8.0,101.0,Automation Development,Yes,34.03,23.85,1,10.18,29.914781075521596,0.700852189244784,11.222222222222221,3.781111111111111
422,2026-S14,2026,14,Billing & Payments,Billing & Payments QA,Low,8.0,101.0,Test Execution,No,13.5626,15.78,0,-2.2173999999999996,-16.349372539188646,1.1634937253918864,11.222222222222221,1.5069555555555556
422,2026-S14,2026,14,Billing & Payments,Billing & Payments QA,Low,8.0,101.0,Regression Testing,No,26.0,20.6907,0,5.3093,20.420384615384616,0.7957961538461539,11.222222222222221,2.888888888888889
422,2026-S14,2026,14,Billing & Payments,Billing & Payments QA,Low,8.0,101.0,Defect Management,Yes,14.79,13.1,1,1.6899999999999995,11.426639621365785,0.8857336037863421,11.222222222222221,1.6433333333333333
423,2026-S14,2026,14,CRM Sales & Service,CRM Platform QA,Medium,6.0,57.0,Test Planning,Yes,8.13,6.45,1,1.6800000000000006,20.664206642066425,0.7933579335793357,8.142857142857142,1.1614285714285715
423,2026-S14,2026,14,CRM Sales & Service,CRM Platform QA,Medium,6.0,57.0,Test Design,Yes,25.47,19.68,1,5.789999999999999,22.732626619552413,0.7726737338044759,8.142857142857142,3.6385714285714283
423,2026-S14,2026,14,CRM Sales & Service,CRM Platform QA,Medium,6.0,57.0,Automation Development,Yes,21.0,12.7,1,8.3,39.523809523809526,0.6047619047619047,8.142857142857142,3.0
423,2026-S14,2026,14,CRM Sales & Service,CRM Platform QA,Medium,6.0,57.0,Test Execution,No,9.78,9.76,0,0.019999999999999574,0.20449897750510812,0.9979550102249489,8.142857142857142,1.397142857142857
423,2026-S14,2026,14,CRM Sales & Service,CRM Platform QA,Medium,6.0,57.0,Regression Testing,Yes,14.33,9.2,1,5.130000000000001,35.79902302861131,0.6420097697138869,8.142857142857142,2.047142857142857
423,2026-S14,2026,14,CRM Sales & Service,CRM Platform QA,Medium,6.0,57.0,Defect Management,Yes,13.6,9.9,1,3.6999999999999993,27.205882352941174,0.7279411764705883,8.142857142857142,1.9428571428571428
424,2026-S14,2026,14,Mobile Service App,Mobile & Web QE,Medium,15.0,71.0,Test Planning,Yes,16.0,13.8,1,2.1999999999999993,13.749999999999996,0.8625,4.4375,1.0
424,2026-S14,2026,14,Mobile Service App,Mobile & Web QE,Medium,15.0,71.0,Test Design,No,30.7,17.91,0,12.79,41.66123778501628,0.5833876221498372,4.4375,1.91875
424,2026-S14,2026,14,Mobile Service App,Mobile & Web QE,Medium,15.0,71.0,Automation Development,Yes,38.67,28.3,1,10.370000000000001,26.816653736746833,0.7318334626325317,4.4375,2.416875
424,2026-S14,2026,14,Mobile Service App,Mobile & Web QE,Medium,15.0,71.0,Test Execution,Yes,11.11,,1,,,,4.4375,0.694375
424,2026-S14,2026,14,Mobile Service App,Mobile & Web QE,Medium,15.0,71.0,Regression Testing,Yes,27.95,33.7,1,-5.7500000000000036,-20.572450805008955,1.2057245080500896,4.4375,1.746875
424,2026-S14,2026,14,Mobile Service App,Mobile & Web QE,Medium,15.0,71.0,Defect Management,Yes,20.1,16.9,1,3.200000000000003,15.920398009950262,0.8407960199004973,4.4375,1.25625
425,2026-S14,2026,14,Customer Web Portal,EIP-QA,Medium,12.0,98.0,Test Planning,Yes,13.13,11.47,1,1.6600000000000001,12.642802741812641,0.8735719725818736,7.538461538461538,1.01
425,2026-S14,2026,14,Customer Web Portal,EIP-QA,Medium,12.0,98.0,Test Design,Yes,42.69,37.0,1,5.689999999999998,13.328648395408758,0.8667135160459124,7.538461538461538,3.2838461538461536
425,2026-S14,2026,14,Customer Web Portal,EIP-QA,Medium,12.0,98.0,Automation Development,Yes,46.0,29.67,1,16.33,35.5,0.645,7.538461538461538,3.5384615384615383
425,2026-S14,2026,14,Customer Web Portal,EIP-QA,Medium,12.0,98.0,Test Execution,Yes,14.7,12.5635,1,2.1365,14.534013605442176,0.8546598639455782,7.538461538461538,1.1307692307692307
425,2026-S14,2026,14,Customer Web Portal,EIP-QA,Medium,12.0,98.0,Regression Testing,Yes,23.97,14.6,1,9.37,39.09052982895286,0.6090947017104714,7.538461538461538,1.8438461538461537
425,2026-S14,2026,14,Customer Web Portal,EIP-QA,Medium,12.0,98.0,Defect Management,No,16.2,14.56,0,1.6399999999999988,10.12345679012345,0.8987654320987655,7.538461538461538,1.2461538461538462
426,2026-S15,2026,15,CRM Sales & Service,CRM Platform QA,High,9.0,38.0,Test Planning,Yes,11.9292,10.7169,1,1.212299999999999,10.162458505180558,0.8983754149481944,3.8,1.19292
426,2026-S15,2026,15,CRM Sales & Service,CRM Platform QA,High,9.0,38.0,Test Design,Yes,20.0,17.01,1,2.9899999999999984,14.94999999999999,0.8505,3.8,2.0
426,2026-S15,2026,15,CRM Sales & Service,CRM Platform QA,High,9.0,38.0,Automation Development,Yes,19.72,18.7,1,1.0199999999999996,5.172413793103446,0.9482758620689655,3.8,1.972
426,2026-S15,2026,15,CRM Sales & Service,CRM Platform QA,High,9.0,38.0,Test Execution,No,8.2,9.0,0,-0.8000000000000007,-9.75609756097562,1.0975609756097562,3.8,0.82
426,2026-S15,2026,15,CRM Sales & Service,CRM Platform QA,High,9.0,38.0,Regression Testing,Yes,20.33,22.88,1,-2.5500000000000007,-12.543039842597151,1.1254303984259715,3.8,2.033
426,2026-S15,2026,15,CRM Sales & Service,CRM Platform QA,High,9.0,38.0,Defect Management,Yes,17.98,12.66,1,5.32,29.588431590656285,0.7041156840934372,3.8,1.798
427,2026-S15,2026,15,API Integration Platform,API & Middleware QA,Medium,17.0,102.0,Test Planning,Yes,17.36,14.0,1,3.3599999999999994,19.354838709677416,0.8064516129032259,5.666666666666667,0.9644444444444444
427,2026-S15,2026,15,API Integration Platform,API & Middleware QA,Medium,17.0,102.0,Test Design,Yes,44.36,20.7,1,23.66,53.33633904418396,0.4666366095581605,5.666666666666667,2.464444444444444
427,2026-S15,2026,15,API Integration Platform,API & Middleware QA,Medium,17.0,102.0,Automation Development,Yes,34.49,26.6,1,7.890000000000001,22.87619599884024,0.7712380400115976,5.666666666666667,1.9161111111111113
427,2026-S15,2026,15,API Integration Platform,API & Middleware QA,Medium,17.0,102.0,Test Execution,No,15.8432,15.97,0,-0.12680000000000113,-0.8003433649767796,1.0080034336497679,5.666666666666667,0.8801777777777777
427,2026-S15,2026,15,API Integration Platform,API & Middleware QA,Medium,17.0,102.0,Regression Testing,Yes,25.31,20.4,1,4.91,19.399446858949034,0.8060055314105097,5.666666666666667,1.406111111111111
427,2026-S15,2026,15,API Integration Platform,API & Middleware QA,Medium,17.0,102.0,Defect Management,Yes,29.5,38.9,1,-9.399999999999999,-31.864406779661014,1.31864406779661,5.666666666666667,1.6388888888888888
428,2026-S15,2026,15,Mobile Service App,Mobile & Web QE,High,6.0,44.0,Test Planning,Yes,8.81,8.5,1,0.3100000000000005,3.5187287173666344,0.9648127128263336,6.285714285714286,1.2585714285714287
428,2026-S15,2026,15,Mobile Service App,Mobile & Web QE,High,6.0,44.0,Test Design,Yes,24.2,16.06,1,8.14,33.63636363636364,0.6636363636363636,6.285714285714286,3.457142857142857
428,2026-S15,2026,15,Mobile Service App,Mobile & Web QE,High,6.0,44.0,Automation Development,Yes,26.14,18.0,1,8.14,31.14001530221882,0.6885998469778117,6.285714285714286,3.7342857142857144
428,2026-S15,2026,15,Mobile Service App,Mobile & Web QE,High,6.0,44.0,Test Execution,Yes,8.4,7.5139,1,0.8861000000000008,10.548809523809533,0.8945119047619047,6.285714285714286,1.2
428,2026-S15,2026,15,Mobile Service App,Mobile & Web QE,High,6.0,44.0,Regression Testing,Yes,12.3,10.43,1,1.870000000000001,15.203252032520332,0.8479674796747967,6.285714285714286,1.7571428571428573
428,2026-S15,2026,15,Mobile Service App,Mobile & Web QE,High,6.0,44.0,Defect Management,Yes,8.93,6.8,1,2.13,23.852183650615903,0.761478163493841,6.285714285714286,1.2757142857142856
429,2026-S15,2026,15,Customer Web Portal,EIP-QA,High,6.0,59.0,Test Planning,Yes,6.94,5.51,1,1.4300000000000006,20.60518731988473,0.7939481268011527,8.428571428571429,0.9914285714285714
429,2026-S15,2026,15,Customer Web Portal,EIP-QA,High,6.0,59.0,Test Design,Yes,26.02,30.97,1,-4.949999999999999,-19.02382782475019,1.1902382782475018,8.428571428571429,3.717142857142857
429,2026-S15,2026,15,Customer Web Portal,EIP-QA,High,6.0,59.0,Automation Development,Yes,25.7804,22.2,1,3.580400000000001,13.888070006671738,0.8611192999332826,8.428571428571429,3.682914285714286
429,2026-S15,2026,15,Customer Web Portal,EIP-QA,High,6.0,59.0,Test Execution,Yes,10.08,7.28,1,2.8,27.777777777777775,0.7222222222222222,8.428571428571429,1.44
429,2026-S15,2026,15,Customer Web Portal,EIP-QA,High,6.0,59.0,Regression Testing,Yes,24.4,15.74,1,8.659999999999998,35.49180327868852,0.6450819672131148,8.428571428571429,3.4857142857142853
429,2026-S15,2026,15,Customer Web Portal,EIP-QA,High,6.0,59.0,Defect Management,Yes,17.34,13.1,1,4.24,24.45213379469435,0.7554786620530565,8.428571428571429,2.4771428571428573
430,2026-S15,2026,15,Billing & Payments,Billing & Payments QA,Medium,9.0,87.0,Test Planning,No,10.73,12.3,0,-1.5700000000000003,-14.63187325256291,1.146318732525629,8.7,1.073
430,2026-S15,2026,15,Billing & Payments,Billing & Payments QA,Medium,9.0,87.0,Test Design,Yes,37.37,37.8,1,-0.4299999999999997,-1.15065560610115,1.0115065560610115,8.7,3.7369999999999997
430,2026-S15,2026,15,Billing & Payments,Billing & Payments QA,Medium,9.0,87.0,Automation Development,Yes,57.2,73.47,1,-16.269999999999996,-28.444055944055936,1.2844405594405595,8.7,5.720000000000001
430,2026-S15,2026,15,Billing & Payments,Billing & Payments QA,Medium,9.0,87.0,Test Execution,No,13.23,12.6174,0,0.6126000000000005,4.630385487528348,0.9536961451247166,8.7,1.323
430,2026-S15,2026,15,Billing & Payments,Billing & Payments QA,Medium,9.0,87.0,Regression Testing,Yes,27.16,21.95,1,5.210000000000001,19.182621502209134,0.8081737849779087,8.7,2.716
430,2026-S15,2026,15,Billing & Payments,Billing & Payments QA,Medium,9.0,87.0,Defect Management,Yes,11.94,9.0,1,2.9399999999999995,24.623115577889443,0.7537688442211056,8.7,1.194
431,2026-S15,2026,15,ERP Operations,ERP Operations QA,Low,10.0,50.0,Test Planning,No,10.65,15.57,0,-4.92,-46.19718309859155,1.4619718309859155,4.545454545454546,0.9681818181818183
431,2026-S15,2026,15,ERP Operations,ERP Operations QA,Low,10.0,50.0,Test Design,Yes,19.0,14.85,1,4.15,21.842105263157897,0.781578947368421,4.545454545454546,1.7272727272727273
431,2026-S15,2026,15,ERP Operations,ERP Operations QA,Low,10.0,50.0,Automation Development,Yes,24.0,18.66,1,5.34,22.25,0.7775,4.545454545454546,2.1818181818181817
431,2026-S15,2026,15,ERP Operations,ERP Operations QA,Low,10.0,50.0,Test Execution,No,6.8113,7.95,0,-1.1387,-16.717807173373657,1.1671780717337366,4.545454545454546,0.6192090909090909
431,2026-S15,2026,15,ERP Operations,ERP Operations QA,Low,10.0,50.0,Regression Testing,No,12.92,12.61,0,0.3100000000000005,2.399380804953564,0.9760061919504643,4.545454545454546,1.1745454545454546
431,2026-S15,2026,15,ERP Operations,ERP Operations QA,Low,10.0,50.0,Defect Management,No,8.79,8.1,0,0.6899999999999995,7.849829351535831,0.9215017064846417,4.545454545454546,0.799090909090909
432,2026-S16,2026,16,Billing & Payments,Billing & Payments QA,Low,14.0,66.0,Test Planning,No,13.04,15.56,0,-2.5200000000000014,-19.32515337423314,1.1932515337423315,4.4,0.8693333333333333
432,2026-S16,2026,16,Billing & Payments,Billing & Payments QA,Low,14.0,66.0,Test Design,Yes,24.53,17.63,1,6.900000000000002,28.128821850794957,0.7187117814920505,4.4,1.6353333333333333
432,2026-S16,2026,16,Billing & Payments,Billing & Payments QA,Low,14.0,66.0,Automation Development,Yes,23.59,16.0,1,7.59,32.174650275540486,0.6782534972445952,4.4,1.5726666666666667
432,2026-S16,2026,16,Billing & Payments,Billing & Payments QA,Low,14.0,66.0,Test Execution,No,8.72,8.58,0,0.14000000000000057,1.6055045871559697,0.9839449541284403,4.4,0.5813333333333334
432,2026-S16,2026,16,Billing & Payments,Billing & Payments QA,Low,14.0,66.0,Regression Testing,Yes,20.05,23.09,1,-3.039999999999999,-15.162094763092265,1.1516209476309227,4.4,1.3366666666666667
432,2026-S16,2026,16,Billing & Payments,Billing & Payments QA,Low,14.0,66.0,Defect Management,Yes,11.1223,10.0,1,1.1222999999999992,10.0905388274008,0.899094611725992,4.4,0.7414866666666666
433,2026-S16,2026,16,Customer Web Portal,EIP-QA,Medium,16.0,104.0,Test Planning,Yes,17.09,12.92,1,4.17,24.400234055002926,0.7559976594499708,6.117647058823529,1.005294117647059
433,2026-S16,2026,16,Customer Web Portal,EIP-QA,Medium,16.0,104.0,Test Design,Yes,45.77,28.87,1,16.900000000000002,36.92374918068604,0.6307625081931396,6.117647058823529,2.6923529411764706
433,2026-S16,2026,16,Customer Web Portal,EIP-QA,Medium,16.0,104.0,Automation Development,Yes,39.16,26.37,1,12.789999999999996,32.66087844739529,0.6733912155260471,6.117647058823529,2.3035294117647056
433,2026-S16,2026,16,Customer Web Portal,EIP-QA,Medium,16.0,104.0,Test Execution,Yes,15.3265,13.63,1,1.6964999999999986,11.069063386944173,0.8893093661305582,6.117647058823529,0.9015588235294117
433,2026-S16,2026,16,Customer Web Portal,EIP-QA,Medium,16.0,104.0,Regression Testing,Yes,36.19,32.0,1,4.189999999999998,11.577783918209445,0.8842221608179055,6.117647058823529,2.128823529411765
433,2026-S16,2026,16,Customer Web Portal,EIP-QA,Medium,16.0,104.0,Defect Management,Yes,17.9,14.4,1,3.4999999999999982,19.553072625698313,0.8044692737430168,6.117647058823529,1.052941176470588
434,2026-S16,2026,16,Mobile Service App,Mobile & Web QE,High,10.0,94.0,Test Planning,Yes,14.3,14.01,1,0.2900000000000009,2.027972027972034,0.9797202797202796,8.545454545454545,1.3
434,2026-S16,2026,16,Mobile Service App,Mobile & Web QE,High,10.0,94.0,Test Design,Yes,50.57,55.39,1,-4.82,-9.531342693296422,1.0953134269329643,8.545454545454545,4.597272727272728
434,2026-S16,2026,16,Mobile Service App,Mobile & Web QE,High,10.0,94.0,Automation Development,Yes,46.53,31.94,1,14.59,31.356114334837738,0.6864388566516226,8.545454545454545,4.23
434,2026-S16,2026,16,Mobile Service App,Mobile & Web QE,High,10.0,94.0,Test Execution,Yes,17.24,14.79,1,2.4499999999999993,14.211136890951273,0.8578886310904873,8.545454545454545,1.5672727272727272
434,2026-S16,2026,16,Mobile Service App,Mobile & Web QE,High,10.0,94.0,Regression Testing,Yes,33.6,25.52,1,8.080000000000002,24.04761904761905,0.7595238095238095,8.545454545454545,3.0545454545454547
434,2026-S16,2026,16,Mobile Service App,Mobile & Web QE,High,10.0,94.0,Defect Management,Yes,29.7,24.19,1,5.509999999999998,18.552188552188547,0.8144781144781146,8.545454545454545,2.6999999999999997
435,2026-S16,2026,16,ERP Operations,ERP Operations QA,Medium,9.0,55.0,Test Planning,No,10.2111,11.32,0,-1.1089000000000002,-10.859750663493651,1.1085975066349365,5.5,1.02111
435,2026-S16,2026,16,ERP Operations,ERP Operations QA,Medium,9.0,55.0,Test Design,Yes,23.0,19.6836,1,3.3164000000000016,14.419130434782614,0.8558086956521739,5.5,2.3
435,2026-S16,2026,16,ERP Operations,ERP Operations QA,Medium,9.0,55.0,Automation Development,Yes,24.51,25.0,1,-0.48999999999999844,-1.9991840065279414,1.0199918400652794,5.5,2.451
435,2026-S16,2026,16,ERP Operations,ERP Operations QA,Medium,9.0,55.0,Test Execution,No,9.0,9.47,0,-0.47000000000000064,-5.222222222222229,1.0522222222222224,5.5,0.9
435,2026-S16,2026,16,ERP Operations,ERP Operations QA,Medium,9.0,55.0,Regression Testing,No,24.9,25.94,0,-1.0400000000000027,-4.176706827309248,1.0417670682730924,5.5,2.4899999999999998
435,2026-S16,2026,16,ERP Operations,ERP Operations QA,Medium,9.0,55.0,Defect Management,No,9.07,7.0,0,2.0700000000000003,22.82249173098126,0.7717750826901874,5.5,0.907
436,2026-S16,2026,16,CRM Sales & Service,CRM Platform QA,High,7.0,95.0,Test Planning,Yes,9.71,9.0,1,0.7100000000000009,7.312049433573644,0.9268795056642636,11.875,1.21375
436,2026-S16,2026,16,CRM Sales & Service,CRM Platform QA,High,7.0,95.0,Test Design,Yes,50.56,31.89,1,18.67,36.92642405063291,0.6307357594936709,11.875,6.32
436,2026-S16,2026,16,CRM Sales & Service,CRM Platform QA,High,7.0,95.0,Automation Development,Yes,68.01,50.1,1,17.910000000000004,26.33436259373622,0.7366563740626378,11.875,8.50125
436,2026-S16,2026,16,CRM Sales & Service,CRM Platform QA,High,7.0,95.0,Test Execution,No,18.5728,19.28,0,-0.7072000000000003,-3.8077188146106145,1.0380771881461062,11.875,2.3216
436,2026-S16,2026,16,CRM Sales & Service,CRM Platform QA,High,7.0,95.0,Regression Testing,Yes,47.61,39.5,1,8.11,17.034236504935937,0.8296576349506406,11.875,5.95125
436,2026-S16,2026,16,CRM Sales & Service,CRM Platform QA,High,7.0,95.0,Defect Management,Yes,41.02,27.3,1,13.720000000000002,33.44709897610922,0.6655290102389079,11.875,5.1275
437,2026-S17,2026,17,Billing & Payments,Billing & Payments QA,Medium,12.0,66.0,Test Planning,No,13.1,14.4,0,-1.3000000000000007,-9.92366412213741,1.099236641221374,5.076923076923077,1.0076923076923077
437,2026-S17,2026,17,Billing & Payments,Billing & Payments QA,Medium,12.0,66.0,Test Design,Yes,40.0,,1,,,,5.076923076923077,3.076923076923077
437,2026-S17,2026,17,Billing & Payments,Billing & Payments QA,Medium,12.0,66.0,Automation Development,Yes,40.578,25.61,1,14.968000000000004,36.88698309428755,0.6311301690571245,5.076923076923077,3.1213846153846156
437,2026-S17,2026,17,Billing & Payments,Billing & Payments QA,Medium,12.0,66.0,Test Execution,No,13.8,15.82,0,-2.0199999999999996,-14.637681159420286,1.1463768115942028,5.076923076923077,1.0615384615384615
437,2026-S17,2026,17,Billing & Payments,Billing & Payments QA,Medium,12.0,66.0,Regression Testing,Yes,24.23,21.8,1,2.4299999999999997,10.028889806025587,0.8997111019397441,5.076923076923077,1.863846153846154
437,2026-S17,2026,17,Billing & Payments,Billing & Payments QA,Medium,12.0,66.0,Defect Management,Yes,13.14,10.63,1,2.51,19.101978691019784,0.8089802130898022,5.076923076923077,1.0107692307692309
438,2026-S17,2026,17,Customer Web Portal,EIP-QA,Medium,8.0,53.0,Test Planning,Yes,10.12,8.5,1,1.6199999999999992,16.007905138339915,0.8399209486166008,5.888888888888889,1.1244444444444444
438,2026-S17,2026,17,Customer Web Portal,EIP-QA,Medium,8.0,53.0,Test Design,No,22.85,15.2076,0,7.642400000000002,33.44595185995624,0.6655404814004375,5.888888888888889,2.538888888888889
438,2026-S17,2026,17,Customer Web Portal,EIP-QA,Medium,8.0,53.0,Automation Development,Yes,25.0,14.95,1,10.05,40.2,0.598,5.888888888888889,2.7777777777777777
438,2026-S17,2026,17,Customer Web Portal,EIP-QA,Medium,8.0,53.0,Test Execution,Yes,8.7,6.36,1,2.339999999999999,26.896551724137925,0.7310344827586208,5.888888888888889,0.9666666666666666
438,2026-S17,2026,17,Customer Web Portal,EIP-QA,Medium,8.0,53.0,Regression Testing,Yes,22.0,18.22,1,3.780000000000001,17.181818181818187,0.8281818181818181,5.888888888888889,2.4444444444444446
438,2026-S17,2026,17,Customer Web Portal,EIP-QA,Medium,8.0,53.0,Defect Management,Yes,11.0,14.0,1,-3.0,-27.27272727272727,1.2727272727272727,5.888888888888889,1.2222222222222223
439,2026-S17,2026,17,Enterprise Data Platform,Data Platform QA,High,18.0,43.0,Test Planning,No,21.48,20.32,0,1.1600000000000001,5.400372439478585,0.9459962756052142,2.263157894736842,1.1305263157894736
439,2026-S17,2026,17,Enterprise Data Platform,Data Platform QA,High,18.0,43.0,Test Design,Yes,24.14,15.3,1,8.84,36.61971830985916,0.6338028169014085,2.263157894736842,1.2705263157894737
439,2026-S17,2026,17,Enterprise Data Platform,Data Platform QA,High,18.0,43.0,Automation Development,Yes,28.8,24.0,1,4.800000000000001,16.666666666666668,0.8333333333333333,2.263157894736842,1.5157894736842106
439,2026-S17,2026,17,Enterprise Data Platform,Data Platform QA,High,18.0,43.0,Test Execution,No,9.27,10.0,0,-0.7300000000000004,-7.874865156418559,1.0787486515641855,2.263157894736842,0.4878947368421052
439,2026-S17,2026,17,Enterprise Data Platform,Data Platform QA,High,18.0,43.0,Regression Testing,Yes,19.64,12.22,1,7.42,37.78004073319756,0.6221995926680245,2.263157894736842,1.0336842105263158
439,2026-S17,2026,17,Enterprise Data Platform,Data Platform QA,High,18.0,43.0,Defect Management,Yes,12.3,16.93,1,-4.629999999999999,-37.64227642276421,1.376422764227642,2.263157894736842,0.6473684210526316
440,2026-S17,2026,17,Mobile Service App,Mobile & Web QE,Medium,10.0,60.0,Test Planning,Yes,11.65,11.5,1,0.15000000000000036,1.2875536480686725,0.9871244635193133,5.454545454545454,1.059090909090909
440,2026-S17,2026,17,Mobile Service App,Mobile & Web QE,Medium,10.0,60.0,Test Design,Yes,25.66,18.5316,1,7.128399999999999,27.780202650038966,0.7221979734996103,5.454545454545454,2.3327272727272725
440,2026-S17,2026,17,Mobile Service App,Mobile & Web QE,Medium,10.0,60.0,Automation Development,Yes,49.0,39.57,1,9.43,19.244897959183675,0.8075510204081633,5.454545454545454,4.454545454545454
440,2026-S17,2026,17,Mobile Service App,Mobile & Web QE,Medium,10.0,60.0,Test Execution,Yes,10.28,16.9,1,-6.619999999999999,-64.39688715953307,1.6439688715953307,5.454545454545454,0.9345454545454545
440,2026-S17,2026,17,Mobile Service App,Mobile & Web QE,Medium,10.0,60.0,Regression Testing,Yes,22.4,23.86,1,-1.4600000000000009,-6.517857142857148,1.0651785714285715,5.454545454545454,2.036363636363636
440,2026-S17,2026,17,Mobile Service App,Mobile & Web QE,Medium,10.0,60.0,Defect Management,Yes,13.6,13.2,1,0.40000000000000036,2.941176470588238,0.9705882352941176,5.454545454545454,1.2363636363636363
441,2026-S17,2026,17,ERP Operations,ERP Operations QA,Medium,11.0,78.0,Test Planning,No,11.39,11.58,0,-0.1899999999999995,-1.6681299385425767,1.0166812993854257,6.5,0.9491666666666667
441,2026-S17,2026,17,ERP Operations,ERP Operations QA,Medium,11.0,78.0,Test Design,Yes,34.23,28.82,1,5.409999999999997,15.804849547180828,0.8419515045281918,6.5,2.8524999999999996
441,2026-S17,2026,17,ERP Operations,ERP Operations QA,Medium,11.0,78.0,Automation Development,Yes,38.0,35.0,1,3.0,7.894736842105263,0.9210526315789473,6.5,3.1666666666666665
441,2026-S17,2026,17,ERP Operations,ERP Operations QA,Medium,11.0,78.0,Test Execution,No,12.34,14.82,0,-2.4800000000000004,-20.09724473257699,1.20097244732577,6.5,1.0283333333333333
441,2026-S17,2026,17,ERP Operations,ERP Operations QA,Medium,11.0,78.0,Regression Testing,No,22.22,21.85,0,0.36999999999999744,1.6651665166516536,0.9833483348334835,6.5,1.8516666666666666
441,2026-S17,2026,17,ERP Operations,ERP Operations QA,Medium,11.0,78.0,Defect Management,No,17.0,14.9,0,2.0999999999999996,12.352941176470585,0.8764705882352941,6.5,1.4166666666666667
442,2026-S18,2026,18,Enterprise Data Platform,Data Platform QA,High,10.0,63.0,Test Planning,No,13.4,15.6,0,-2.1999999999999993,-16.417910447761187,1.164179104477612,5.7272727272727275,1.2181818181818183
442,2026-S18,2026,18,Enterprise Data Platform,Data Platform QA,High,10.0,63.0,Test Design,Yes,34.67,22.99,1,11.680000000000003,33.68906835881166,0.6631093164118834,5.7272727272727275,3.151818181818182
442,2026-S18,2026,18,Enterprise Data Platform,Data Platform QA,High,10.0,63.0,Automation Development,Yes,30.9,22.0,1,8.899999999999999,28.80258899676375,0.7119741100323624,5.7272727272727275,2.809090909090909
442,2026-S18,2026,18,Enterprise Data Platform,Data Platform QA,High,10.0,63.0,Test Execution,No,12.19,14.26,0,-2.0700000000000003,-16.9811320754717,1.169811320754717,5.7272727272727275,1.1081818181818182
442,2026-S18,2026,18,Enterprise Data Platform,Data Platform QA,High,10.0,63.0,Regression Testing,Yes,31.26,25.7,1,5.560000000000002,17.786308381317983,0.8221369161868202,5.7272727272727275,2.841818181818182
442,2026-S18,2026,18,Enterprise Data Platform,Data Platform QA,High,10.0,63.0,Defect Management,Yes,18.0,16.74,1,1.2600000000000016,7.000000000000009,0.9299999999999999,5.7272727272727275,1.6363636363636365
443,2026-S18,2026,18,Customer Web Portal,EIP-QA,Low,14.0,119.0,Test Planning,No,13.0,13.42,0,-0.41999999999999993,-3.23076923076923,1.0323076923076924,7.933333333333334,0.8666666666666667
443,2026-S18,2026,18,Customer Web Portal,EIP-QA,Low,14.0,119.0,Test Design,Yes,41.53,46.46,1,-4.93,-11.870936672285094,1.118709366722851,7.933333333333334,2.768666666666667
443,2026-S18,2026,18,Customer Web Portal,EIP-QA,Low,14.0,119.0,Automation Development,No,47.68,47.86,0,-0.17999999999999972,-0.37751677852348936,1.003775167785235,7.933333333333334,3.1786666666666665
443,2026-S18,2026,18,Customer Web Portal,EIP-QA,Low,14.0,119.0,Test Execution,Yes,15.17,15.1,1,0.07000000000000028,0.4614370468029023,0.995385629531971,7.933333333333334,1.0113333333333334
443,2026-S18,2026,18,Customer Web Portal,EIP-QA,Low,14.0,119.0,Regression Testing,Yes,36.18,23.65,1,12.530000000000001,34.63239358761747,0.6536760641238253,7.933333333333334,2.412
443,2026-S18,2026,18,Customer Web Portal,EIP-QA,Low,14.0,119.0,Defect Management,Yes,28.47,25.0,1,3.469999999999999,12.188268352651912,0.8781173164734809,7.933333333333334,1.898
444,2026-S18,2026,18,CRM Sales & Service,CRM Platform QA,High,9.0,43.0,Test Planning,Yes,9.31,9.14,1,0.16999999999999993,1.8259935553168627,0.9817400644468314,4.3,0.931
444,2026-S18,2026,18,CRM Sales & Service,CRM Platform QA,High,9.0,43.0,Test Design,Yes,18.97,13.31,1,5.659999999999998,29.83658408012651,0.701634159198735,4.3,1.8969999999999998
444,2026-S18,2026,18,CRM Sales & Service,CRM Platform QA,High,9.0,43.0,Automation Development,Yes,27.2,23.6,1,3.599999999999998,13.23529411764705,0.8676470588235294,4.3,2.7199999999999998
444,2026-S18,2026,18,CRM Sales & Service,CRM Platform QA,High,9.0,43.0,Test Execution,No,7.15,7.7,0,-0.5499999999999998,-7.69230769230769,1.0769230769230769,4.3,0.7150000000000001
444,2026-S18,2026,18,CRM Sales & Service,CRM Platform QA,High,9.0,43.0,Regression Testing,Yes,17.24,11.31,1,5.929999999999998,34.3967517401392,0.656032482598608,4.3,1.7239999999999998
444,2026-S18,2026,18,CRM Sales & Service,CRM Platform QA,High,9.0,43.0,Defect Management,Yes,9.7,16.0,1,-6.300000000000001,-64.94845360824743,1.6494845360824744,4.3,0.97
445,2026-S18,2026,18,API Integration Platform,API & Middleware QA,Medium,16.0,121.0,Test Planning,Yes,17.72,14.96,1,2.759999999999998,15.575620767494346,0.8442437923250565,7.117647058823529,1.0423529411764705
445,2026-S18,2026,18,API Integration Platform,API & Middleware QA,Medium,16.0,121.0,Test Design,Yes,51.49,34.42,1,17.07,33.15206836278889,0.6684793163721111,7.117647058823529,3.0288235294117647
445,2026-S18,2026,18,API Integration Platform,API & Middleware QA,Medium,16.0,121.0,Automation Development,Yes,49.83,32.94,1,16.89,33.89524382901867,0.6610475617098134,7.117647058823529,2.9311764705882353
445,2026-S18,2026,18,API Integration Platform,API & Middleware QA,Medium,16.0,121.0,Test Execution,No,18.44,19.09,0,-0.6499999999999986,-3.524945770065068,1.0352494577006506,7.117647058823529,1.0847058823529412
445,2026-S18,2026,18,API Integration Platform,API & Middleware QA,Medium,16.0,121.0,Regression Testing,Yes,32.743,25.5,1,7.243000000000002,22.120758635433532,0.7787924136456646,7.117647058823529,1.9260588235294118
445,2026-S18,2026,18,API Integration Platform,API & Middleware QA,Medium,16.0,121.0,Defect Management,No,35.88,34.72,0,1.1600000000000037,3.232998885172808,0.9676700111482719,7.117647058823529,2.110588235294118
446,2026-S18,2026,18,ERP Operations,ERP Operations QA,Medium,5.0,67.0,Test Planning,No,7.1,7.63,0,-0.5300000000000002,-7.4647887323943705,1.0746478873239438,11.166666666666666,1.1833333333333333
446,2026-S18,2026,18,ERP Operations,ERP Operations QA,Medium,5.0,67.0,Test Design,Yes,29.45,26.17,1,3.2799999999999976,11.137521222410857,0.8886247877758914,11.166666666666666,4.908333333333333
446,2026-S18,2026,18,ERP Operations,ERP Operations QA,Medium,5.0,67.0,Automation Development,Yes,48.16,51.3,1,-3.1400000000000006,-6.5199335548172765,1.0651993355481728,11.166666666666666,8.026666666666666
446,2026-S18,2026,18,ERP Operations,ERP Operations QA,Medium,5.0,67.0,Test Execution,No,11.13,11.82,0,-0.6899999999999995,-6.199460916442043,1.0619946091644203,11.166666666666666,1.8550000000000002
446,2026-S18,2026,18,ERP Operations,ERP Operations QA,Medium,5.0,67.0,Regression Testing,No,14.2,31.66,0,-17.46,-122.95774647887325,2.2295774647887323,11.166666666666666,2.3666666666666667
446,2026-S18,2026,18,ERP Operations,ERP Operations QA,Medium,5.0,67.0,Defect Management,No,10.27,10.8,0,-0.5300000000000011,-5.160662122687451,1.0516066212268744,11.166666666666666,1.7116666666666667
447,2026-S18,2026,18,Billing & Payments,Billing & Payments QA,Medium,14.0,89.0,Test Planning,No,15.0,16.77,0,-1.7699999999999996,-11.799999999999997,1.1179999999999999,5.933333333333334,1.0
447,2026-S18,2026,18,Billing & Payments,Billing & Payments QA,Medium,14.0,89.0,Test Design,Yes,39.2,27.6,1,11.600000000000001,29.591836734693878,0.7040816326530612,5.933333333333334,2.6133333333333337
447,2026-S18,2026,18,Billing & Payments,Billing & Payments QA,Medium,14.0,89.0,Automation Development,Yes,41.16,31.58,1,9.579999999999998,23.275024295432456,0.7672497570456754,5.933333333333334,2.7439999999999998
447,2026-S18,2026,18,Billing & Payments,Billing & Payments QA,Medium,14.0,89.0,Test Execution,No,13.43,12.33,0,1.0999999999999996,8.19061801935964,0.9180938198064036,5.933333333333334,0.8953333333333333
447,2026-S18,2026,18,Billing & Payments,Billing & Payments QA,Medium,14.0,89.0,Regression Testing,No,28.9,15.77,0,13.129999999999999,45.43252595155709,0.5456747404844291,5.933333333333334,1.9266666666666665
447,2026-S18,2026,18,Billing & Payments,Billing & Payments QA,Medium,14.0,89.0,Defect Management,Yes,18.56,13.41,1,5.149999999999999,27.7478448275862,0.722521551724138,5.933333333333334,1.2373333333333332
448,2026-S19,2026,19,API Integration Platform,API & Middleware QA,Medium,11.0,129.0,Test Planning,Yes,13.1,11.05,1,2.049999999999999,15.648854961832054,0.8435114503816795,10.75,1.0916666666666666
448,2026-S19,2026,19,API Integration Platform,API & Middleware QA,Medium,11.0,129.0,Test Design,Yes,54.07,29.93,1,24.14,44.64582948030331,0.5535417051969669,10.75,4.505833333333333
448,2026-S19,2026,19,API Integration Platform,API & Middleware QA,Medium,11.0,129.0,Automation Development,Yes,40.0,28.27,1,11.73,29.325000000000003,0.70675,10.75,3.3333333333333335
448,2026-S19,2026,19,API Integration Platform,API & Middleware QA,Medium,11.0,129.0,Test Execution,No,18.76,18.47,0,0.2900000000000027,1.545842217484023,0.9845415778251597,10.75,1.5633333333333335
448,2026-S19,2026,19,API Integration Platform,API & Middleware QA,Medium,11.0,129.0,Regression Testing,Yes,43.3,34.25,1,9.049999999999997,20.900692840646645,0.7909930715935335,10.75,3.608333333333333
448,2026-S19,2026,19,API Integration Platform,API & Middleware QA,Medium,11.0,129.0,Defect Management,Yes,,37.2,1,,,,10.75,
449,2026-S19,2026,19,ERP Operations,ERP Operations QA,Medium,11.0,36.0,Test Planning,No,11.65,13.11,0,-1.459999999999999,-12.532188841201709,1.125321888412017,3.0,0.9708333333333333
449,2026-S19,2026,19,ERP Operations,ERP Operations QA,Medium,11.0,36.0,Test Design,Yes,15.32,13.0252,1,2.2948000000000004,14.979112271540473,0.8502088772845953,3.0,1.2766666666666666
449,2026-S19,2026,19,ERP Operations,ERP Operations QA,Medium,11.0,36.0,Automation Development,Yes,22.0,16.0,1,6.0,27.27272727272727,0.7272727272727273,3.0,1.8333333333333333
449,2026-S19,2026,19,ERP Operations,ERP Operations QA,Medium,11.0,36.0,Test Execution,No,6.1,,0,,,,3.0,0.5083333333333333
449,2026-S19,2026,19,ERP Operations,ERP Operations QA,Medium,11.0,36.0,Regression Testing,No,9.75,11.03,0,-1.2799999999999994,-13.128205128205122,1.1312820512820512,3.0,0.8125
449,2026-S19,2026,19,ERP Operations,ERP Operations QA,Medium,11.0,36.0,Defect Management,No,7.9,7.2,0,0.7000000000000002,8.860759493670887,0.9113924050632911,3.0,0.6583333333333333
450,2026-S19,2026,19,Billing & Payments,Billing & Payments QA,Medium,18.0,66.0,Test Planning,No,17.44,19.07,0,-1.629999999999999,-9.346330275229352,1.0934633027522935,3.473684210526316,0.9178947368421053
450,2026-S19,2026,19,Billing & Payments,Billing & Payments QA,Medium,18.0,66.0,Test Design,Yes,28.81,21.03,1,7.779999999999998,27.00451232211037,0.7299548767788963,3.473684210526316,1.516315789473684
450,2026-S19,2026,19,Billing & Payments,Billing & Payments QA,Medium,18.0,66.0,Automation Development,Yes,23.7,11.7,1,12.0,50.63291139240506,0.49367088607594933,3.473684210526316,1.2473684210526315
450,2026-S19,2026,19,Billing & Payments,Billing & Payments QA,Medium,18.0,66.0,Test Execution,No,10.69,16.99,0,-6.299999999999999,-58.93358278765201,1.58933582787652,3.473684210526316,0.5626315789473684
450,2026-S19,2026,19,Billing & Payments,Billing & Payments QA,Medium,18.0,66.0,Regression Testing,Yes,25.9,15.11,1,10.79,41.66023166023166,0.5833976833976834,3.473684210526316,1.3631578947368421
450,2026-S19,2026,19,Billing & Payments,Billing & Payments QA,Medium,18.0,66.0,Defect Management,No,15.15,11.41,0,3.74,24.686468646864686,0.7531353135313531,3.473684210526316,0.7973684210526316
451,2026-S19,2026,19,Customer Web Portal,EIP-QA,Medium,21.0,102.0,Test Planning,Yes,21.2,20.42,1,0.7799999999999976,3.6792452830188567,0.9632075471698114,4.636363636363637,0.9636363636363636
451,2026-S19,2026,19,Customer Web Portal,EIP-QA,Medium,21.0,102.0,Test Design,Yes,44.98,24.78,1,20.199999999999996,44.908848377056465,0.5509115162294353,4.636363636363637,2.0445454545454544
451,2026-S19,2026,19,Customer Web Portal,EIP-QA,Medium,21.0,102.0,Automation Development,Yes,28.55,24.71,1,3.84,13.450087565674254,0.8654991243432575,4.636363636363637,1.2977272727272728
451,2026-S19,2026,19,Customer Web Portal,EIP-QA,Medium,21.0,102.0,Test Execution,Yes,15.6,13.28,1,2.3200000000000003,14.871794871794874,0.8512820512820513,4.636363636363637,0.7090909090909091
451,2026-S19,2026,19,Customer Web Portal,EIP-QA,Medium,21.0,102.0,Regression Testing,Yes,24.32,17.02,1,7.300000000000001,30.016447368421055,0.6998355263157895,4.636363636363637,1.1054545454545455
451,2026-S19,2026,19,Customer Web Portal,EIP-QA,Medium,21.0,102.0,Defect Management,Yes,30.51,26.28,1,4.23,13.864306784660767,0.8613569321533924,4.636363636363637,1.386818181818182
452,2026-S19,2026,19,Enterprise Data Platform,Data Platform QA,Medium,12.0,39.0,Test Planning,No,13.6,13.33,0,0.2699999999999996,1.9852941176470555,0.9801470588235295,3.0,1.0461538461538462
452,2026-S19,2026,19,Enterprise Data Platform,Data Platform QA,Medium,12.0,39.0,Test Design,Yes,17.37,12.87,1,4.500000000000002,25.906735751295347,0.7409326424870466,3.0,1.3361538461538462
452,2026-S19,2026,19,Enterprise Data Platform,Data Platform QA,Medium,12.0,39.0,Automation Development,Yes,20.95,13.6,1,7.35,35.08353221957041,0.649164677804296,3.0,1.6115384615384616
452,2026-S19,2026,19,Enterprise Data Platform,Data Platform QA,Medium,12.0,39.0,Test Execution,No,6.67,6.0,0,0.6699999999999999,10.044977511244376,0.8995502248875562,3.0,0.5130769230769231
452,2026-S19,2026,19,Enterprise Data Platform,Data Platform QA,Medium,12.0,39.0,Regression Testing,No,8.51,5.68,0,2.83,33.254994124559346,0.6674500587544065,3.0,0.6546153846153846
452,2026-S19,2026,19,Enterprise Data Platform,Data Platform QA,Medium,12.0,39.0,Defect Management,Yes,6.3,8.0,1,-1.7000000000000002,-26.984126984126988,1.2698412698412698,3.0,0.4846153846153846
453,2026-S19,2026,19,CRM Sales & Service,CRM Platform QA,Medium,11.0,94.0,Test Planning,Yes,12.2,,1,,,,7.833333333333333,1.0166666666666666
453,2026-S19,2026,19,CRM Sales & Service,CRM Platform QA,Medium,11.0,94.0,Test Design,Yes,40.7,24.36,1,16.340000000000003,40.147420147420156,0.5985257985257985,7.833333333333333,3.391666666666667
453,2026-S19,2026,19,CRM Sales & Service,CRM Platform QA,Medium,11.0,94.0,Automation Development,No,52.0,43.43,0,8.57,16.480769230769234,0.8351923076923077,7.833333333333333,4.333333333333333
453,2026-S19,2026,19,CRM Sales & Service,CRM Platform QA,Medium,11.0,94.0,Test Execution,No,14.03,12.7,0,1.33,9.479686386315041,0.9052031361368496,7.833333333333333,1.1691666666666667
453,2026-S19,2026,19,CRM Sales & Service,CRM Platform QA,Medium,11.0,94.0,Regression Testing,Yes,28.88,21.73,1,7.149999999999999,24.75761772853185,0.7524238227146814,7.833333333333333,2.4066666666666667
453,2026-S19,2026,19,CRM Sales & Service,CRM Platform QA,Medium,11.0,94.0,Defect Management,Yes,20.0,13.41,1,6.59,32.95,0.6705,7.833333333333333,1.6666666666666667
454,2026-S20,2026,20,CRM Sales & Service,CRM Platform QA,High,6.0,119.0,Test Planning,Yes,7.7,4.95,1,2.75,35.714285714285715,0.6428571428571429,17.0,1.1
454,2026-S20,2026,20,CRM Sales & Service,CRM Platform QA,High,6.0,119.0,Test Design,Yes,51.26,37.02,1,14.239999999999995,27.77994537651189,0.7222005462348811,17.0,7.322857142857143
454,2026-S20,2026,20,CRM Sales & Service,CRM Platform QA,High,6.0,119.0,Automation Development,Yes,84.67,96.83,1,-12.159999999999997,-14.361639305539148,1.1436163930553915,17.0,12.095714285714285
454,2026-S20,2026,20,CRM Sales & Service,CRM Platform QA,High,6.0,119.0,Test Execution,No,18.4839,19.69,0,-1.2061000000000028,-6.525138093151353,1.0652513809315136,17.0,2.640557142857143
454,2026-S20,2026,20,CRM Sales & Service,CRM Platform QA,High,6.0,119.0,Regression Testing,Yes,47.17,30.5,1,16.67,35.340258638965445,0.6465974136103455,17.0,6.738571428571428
454,2026-S20,2026,20,CRM Sales & Service,CRM Platform QA,High,6.0,119.0,Defect Management,Yes,26.24,19.03,1,7.209999999999997,27.477134146341452,0.7252286585365855,17.0,3.748571428571428
455,2026-S20,2026,20,Billing & Payments,Billing & Payments QA,Low,5.0,89.0,Test Planning,No,6.02,7.0,0,-0.9800000000000004,-16.27906976744187,1.1627906976744187,14.833333333333334,1.0033333333333332
455,2026-S20,2026,20,Billing & Payments,Billing & Payments QA,Low,5.0,89.0,Test Design,Yes,31.05,38.0,1,-6.949999999999999,-22.383252818035423,1.2238325281803542,14.833333333333334,5.175
455,2026-S20,2026,20,Billing & Payments,Billing & Payments QA,Low,5.0,89.0,Automation Development,Yes,21.5,17.29,1,4.210000000000001,19.581395348837212,0.8041860465116278,14.833333333333334,3.5833333333333335
455,2026-S20,2026,20,Billing & Payments,Billing & Payments QA,Low,5.0,89.0,Test Execution,No,11.58,11.49,0,0.08999999999999986,0.7772020725388589,0.9922279792746114,14.833333333333334,1.93
455,2026-S20,2026,20,Billing & Payments,Billing & Payments QA,Low,5.0,89.0,Regression Testing,Yes,17.4,11.3,1,6.099999999999998,35.057471264367805,0.6494252873563219,14.833333333333334,2.9
455,2026-S20,2026,20,Billing & Payments,Billing & Payments QA,Low,5.0,89.0,Defect Management,Yes,15.42,10.8,1,4.619999999999999,29.961089494163417,0.7003891050583658,14.833333333333334,2.57
456,2026-S20,2026,20,Enterprise Data Platform,Data Platform QA,Medium,12.0,74.0,Test Planning,No,13.15,13.87,0,-0.7199999999999989,-5.4752851711026524,1.0547528517110265,5.6923076923076925,1.0115384615384615
456,2026-S20,2026,20,Enterprise Data Platform,Data Platform QA,Medium,12.0,74.0,Test Design,Yes,30.9,20.56,1,10.34,33.46278317152104,0.6653721682847896,5.6923076923076925,2.376923076923077
456,2026-S20,2026,20,Enterprise Data Platform,Data Platform QA,Medium,12.0,74.0,Automation Development,Yes,30.64,27.8,1,2.84,9.268929503916448,0.9073107049608355,5.6923076923076925,2.356923076923077
456,2026-S20,2026,20,Enterprise Data Platform,Data Platform QA,Medium,12.0,74.0,Test Execution,No,11.87,13.99,0,-2.120000000000001,-17.860151642796975,1.1786015164279697,5.6923076923076925,0.913076923076923
456,2026-S20,2026,20,Enterprise Data Platform,Data Platform QA,Medium,12.0,74.0,Regression Testing,Yes,18.37,23.8,1,-5.43,-29.559063690800215,1.2955906369080021,5.6923076923076925,1.4130769230769231
456,2026-S20,2026,20,Enterprise Data Platform,Data Platform QA,Medium,12.0,74.0,Defect Management,No,21.0,20.03,0,0.9699999999999989,4.619047619047613,0.9538095238095239,5.6923076923076925,1.6153846153846154
457,2026-S20,2026,20,API Integration Platform,API & Middleware QA,High,16.0,82.0,Test Planning,Yes,20.43,18.6,1,1.8299999999999983,8.957415565345073,0.9104258443465493,4.823529411764706,1.2017647058823528
457,2026-S20,2026,20,API Integration Platform,API & Middleware QA,High,16.0,82.0,Test Design,Yes,43.81,24.8275,1,18.9825,43.32914859621091,0.5667085140378909,4.823529411764706,2.577058823529412
457,2026-S20,2026,20,API Integration Platform,API & Middleware QA,High,16.0,82.0,Automation Development,Yes,29.18,22.0,1,7.18,24.605894448252226,0.7539410555174777,4.823529411764706,1.7164705882352942
457,2026-S20,2026,20,API Integration Platform,API & Middleware QA,High,16.0,82.0,Test Execution,No,15.0,16.57,0,-1.5700000000000003,-10.466666666666669,1.1046666666666667,4.823529411764706,0.8823529411764706
457,2026-S20,2026,20,API Integration Platform,API & Middleware QA,High,16.0,82.0,Regression Testing,Yes,30.0,19.5,1,10.5,35.0,0.65,4.823529411764706,1.7647058823529411
457,2026-S20,2026,20,API Integration Platform,API & Middleware QA,High,16.0,82.0,Defect Management,Yes,30.0,21.43,1,8.57,28.566666666666666,0.7143333333333334,4.823529411764706,1.7647058823529411
458,2026-S20,2026,20,Customer Web Portal,EIP-QA,High,9.0,79.0,Test Planning,Yes,,13.2784,1,,,,7.9,
458,2026-S20,2026,20,Customer Web Portal,EIP-QA,High,9.0,79.0,Test Design,Yes,41.5,41.08,1,0.4200000000000017,1.0120481927710885,0.9898795180722891,7.9,4.15
458,2026-S20,2026,20,Customer Web Portal,EIP-QA,High,9.0,79.0,Automation Development,Yes,37.0,27.7,1,9.3,25.13513513513514,0.7486486486486487,7.9,3.7
458,2026-S20,2026,20,Customer Web Portal,EIP-QA,High,9.0,79.0,Test Execution,Yes,15.54,13.9342,1,1.6057999999999986,10.333333333333325,0.8966666666666667,7.9,1.5539999999999998
458,2026-S20,2026,20,Customer Web Portal,EIP-QA,High,9.0,79.0,Regression Testing,Yes,37.8739,20.4,1,17.4739,46.13704952487069,0.5386295047512931,7.9,3.78739
458,2026-S20,2026,20,Customer Web Portal,EIP-QA,High,9.0,79.0,Defect Management,Yes,30.51,22.73,1,7.780000000000001,25.499836119305147,0.7450016388069485,7.9,3.051
