Sprint #,Application_Name,Team_Name,AI Usage Testing Phase (Test Planning),AI Usage Testing Phase (Test Design),AI Usage Testing Phase (Automation Development),AI Usage Testing Phase (Test Execution),AI Usage Testing Phase (Regression Testing),AI Usage Testing Phase (Defect Management),Complexity,User story count,test case count,Baseline effort (Test Planning),Baseline effort (Test Design),Baseline effort (Automation Development),Baseline effort (Test Execution),Baseline effort (Regression Testing),Baseline effort (Defect Management),Actual effort (Test Planning),Actual effort (Test Design),Actual effort (Automation Development),Actual effort (Test Execution),Actual effort (Regression Testing),Actual effort (Defect Management),Year,Sprint_Number,AI_Test Planning,AI_Test Design,AI_Automation Development,AI_Test Execution,AI_Regression Testing,AI_Defect Management,AI_Phase_Count,AI_Adoption_Rate,Total_Baseline_Effort,Total_Actual_Effort,Total_Effort_Saved,Overall_Productivity_Improvement_Pct,Story_to_Test_Ratio
2023-S01,Legacy Service Platform,Legacy Support QA,No,No,No,No,No,No,High,11.0,13.0,14.5,7.51,11.0,3.21,6.6,6.06,11.56,8.7,10.47,3.17,7.12,6.57,2023,1,0,0,0,0,0,0,0,0.0,48.88,47.589999999999996,1.2900000000000063,2.6391162029460027,1.0833333333333333
2023-S01,CRM Sales & Service,CRM Platform QA,No,No,No,No,No,No,High,10.0,86.0,14.0,45.82,38.01,16.0,37.97,28.24,16.0,47.31,38.33,17.04,35.6,26.79,2023,1,0,0,0,0,0,0,0,0.0,180.04000000000002,181.07,-1.0299999999999727,-0.5720950899799893,7.818181818181818
2023-S01,Billing & Payments,Billing & Payments QA,No,No,No,No,No,No,Medium,9.0,75.0,10.78,32.32,46.89,11.43,15.2,14.3,10.02,32.08,43.44,12.92,15.57,15.2,2023,1,0,0,0,0,0,0,0,0.0,130.92000000000002,129.23,1.6900000000000261,1.2908646501680614,7.5
2023-S01,Customer Web Portal,EIP-QA,No,No,No,No,No,No,Low,12.0,57.0,10.92,20.8,33.87,8.16,17.29,12.1,10.37,25.6,40.97,7.21,18.49,11.64,2023,1,0,0,0,0,0,0,0,0.0,103.13999999999999,114.27999999999999,-11.14,-10.800853209230175,4.384615384615385
2023-S01,ERP Operations,ERP Operations QA,No,No,No,No,No,No,Medium,9.0,78.0,10.7,33.67,52.17,12.37,19.07,21.0,10.29,35.65,49.18,14.0,19.57,22.0,2023,1,0,0,0,0,0,0,0,0.0,148.98000000000002,150.69,-1.7099999999999795,-1.1478050745066313,7.8
2023-S02,Billing & Payments,Billing & Payments QA,No,No,No,No,No,No,Low,7.0,122.0,7.29,44.94,39.13,15.57,,17.49,7.47,53.82,43.85,17.0,25.0,21.25,2023,2,0,0,0,0,0,0,0,0.0,,168.39,,,15.25
2023-S02,CRM Sales & Service,CRM Platform QA,No,No,No,No,No,No,High,11.0,44.0,15.37,23.91,17.91,8.72,16.65,11.0444,13.1,25.53,16.06,9.22,18.5,12.0,2023,2,0,0,0,0,0,0,0,0.0,93.6044,94.41,-0.8055999999999983,-0.8606433030925879,3.6666666666666665
2023-S02,ERP Operations,ERP Operations QA,No,No,No,No,No,No,Medium,4.0,43.0,6.27,18.82,23.52,6.94,12.5,9.26,5.79,19.31,23.77,7.5,13.47,8.79,2023,2,0,0,0,0,0,0,0,0.0,77.31,78.63,-1.3199999999999932,-1.707411719053154,8.6
2023-S02,Mobile Service App,Mobile & Web QE,No,No,No,No,No,No,Low,6.0,71.0,7.79,24.9,49.1,10.34,23.75,16.2,7.5,31.18,51.71,10.1,23.4,15.1031,2023,2,0,0,0,0,0,0,0,0.0,132.07999999999998,138.9931,-6.913100000000014,-5.234024833434294,10.142857142857142
2023-S02,Customer Web Portal,EIP-QA,No,No,No,No,No,No,High,3.0,86.0,5.57,45.0,56.0,15.67,35.81,25.8,5.23,50.62,60.44,17.0,38.57,30.33,2023,2,0,0,0,0,0,0,0,0.0,183.85000000000002,202.19,-18.339999999999975,-9.975523524612441,21.5
2023-S02,API Integration Platform,API & Middleware QA,No,No,No,No,No,No,Medium,10.0,53.0,9.2,19.16,23.56,7.38,16.85,12.0,11.1417,20.62,24.0,7.98,17.433,13.7,2023,2,0,0,0,0,0,0,0,0.0,88.15,94.8747,-6.724699999999999,-7.62870107770845,4.818181818181818
2023-S03,Customer Web Portal,EIP-QA,No,No,No,No,No,No,High,5.0,49.0,9.0,27.72,37.2,9.56,18.91,11.0,8.62,26.2712,43.5,15.38,22.14,11.42,2023,3,0,0,0,0,0,0,0,0.0,113.39,127.3312,-13.941199999999995,-12.294911367845485,8.166666666666666
2023-S03,Billing & Payments,Billing & Payments QA,No,No,No,No,No,No,Medium,12.0,66.0,15.61,39.9,41.8,14.19,26.68,29.1537,14.04,34.35,42.17,11.54,24.76,35.13,2023,3,0,0,0,0,0,0,0,0.0,167.33370000000002,161.99,5.3437000000000126,3.193439217563475,5.076923076923077
2023-S03,Mobile Service App,Mobile & Web QE,No,No,Yes,No,No,No,Low,9.0,23.0,9.0,9.0232,15.0,3.81,6.59,6.9,9.33,7.86,13.28,3.67,6.4,8.0,2023,3,0,0,1,0,0,0,1,0.16666666666666666,50.32320000000001,48.54,1.783200000000008,3.543494849294178,2.3
2023-S03,ERP Operations,ERP Operations QA,No,No,No,No,No,No,Medium,7.0,65.0,10.0,28.76,24.0,10.0,26.3,18.25,9.5,26.24,28.42,8.61,24.1,18.0,2023,3,0,0,0,0,0,0,0,0.0,117.31,114.87,2.4399999999999977,2.0799590827721404,8.125
2023-S03,API Integration Platform,API & Middleware QA,No,No,No,No,No,No,Medium,10.0,64.0,10.8,27.56,34.83,10.37,25.19,12.72,12.0,29.5,35.7,11.79,27.0,14.49,2023,3,0,0,0,0,0,0,0,0.0,121.47,130.48000000000002,-9.01000000000002,-7.417469333991948,5.818181818181818
2023-S03,CRM Sales & Service,CRM Platform QA,No,No,No,No,No,No,Low,8.0,38.0,9.31,17.1,21.84,6.0,11.87,8.0,9.71,20.6,22.61,6.79,12.4,7.9,2023,3,0,0,0,0,0,0,0,0.0,74.12,80.01,-5.890000000000001,-7.946573124662709,4.222222222222222
2023-S04,CRM Sales & Service,CRM Platform QA,No,No,No,No,No,No,Medium,14.0,64.0,15.02,28.2,36.09,9.8,24.73,17.49,20.07,28.2234,35.1,10.5,28.0,17.93,2023,4,0,0,0,0,0,0,0,0.0,131.33,139.82340000000002,-8.493400000000008,-6.4672199802025485,4.266666666666667
2023-S04,Billing & Payments,Billing & Payments QA,No,No,No,No,No,No,High,7.0,96.0,10.5,51.65,49.88,18.28,29.7,28.1442,9.29,53.79,71.08,16.6,29.76,29.99,2023,4,0,0,0,0,0,0,0,0.0,188.1542,210.51,-22.355799999999988,-11.88163750795889,12.0
2023-S04,Mobile Service App,Mobile & Web QE,No,No,No,No,No,No,Low,10.0,57.0,7.96,21.0,37.01,8.05,13.22,8.87,7.07,24.38,43.55,8.33,11.62,8.77,2023,4,0,0,0,0,0,0,0,0.0,96.11,103.72,-7.609999999999999,-7.9180106128394545,5.181818181818182
2023-S04,Customer Web Portal,EIP-QA,No,No,No,No,No,No,Low,10.0,80.0,8.95,28.8,31.92,11.24,14.9,22.18,8.68,30.38,32.38,11.04,17.69,21.6,2023,4,0,0,0,0,0,0,0,0.0,117.99000000000001,121.76999999999998,-3.7799999999999727,-3.2036613272310976,7.2727272727272725
2023-S04,ERP Operations,ERP Operations QA,No,No,No,No,No,No,Medium,9.0,53.0,9.9,22.48,39.9,9.07,18.88,14.48,6.87,22.0,37.2,8.73,21.18,15.49,2023,4,0,0,0,0,0,0,0,0.0,114.71,111.47000000000001,3.2399999999999807,2.8245139918054054,5.3
2023-S04,API Integration Platform,API & Middleware QA,No,No,No,No,No,No,Medium,12.0,105.0,12.97,44.0,27.1897,15.84,23.02,26.84,13.2,49.26,26.0,15.7,25.04,32.5262,2023,4,0,0,0,0,0,0,0,0.0,149.8597,161.7262,-11.866500000000002,-7.918406349405478,8.076923076923077
2023-S05,CRM Sales & Service,CRM Platform QA,No,No,Yes,No,No,No,High,7.0,81.0,9.0,42.8,51.9,15.0,25.1,22.05,,42.25,38.54,18.62,23.73,19.67,2023,5,0,0,1,0,0,0,1,0.16666666666666666,165.85,,,,10.125
2023-S05,Customer Web Portal,EIP-QA,No,No,No,No,No,No,Medium,11.0,59.0,12.66,24.64,26.07,9.5,26.43,10.05,11.09,23.7577,24.06,8.83,27.2,11.26,2023,5,0,0,0,0,0,0,0,0.0,109.35000000000001,106.19770000000001,3.1522999999999968,2.8827617741197957,4.916666666666667
2023-S05,Legacy Service Platform,Legacy Support QA,No,No,No,No,No,No,Medium,6.0,64.0,7.74,27.0899,30.32,10.11,20.68,19.3,8.48,30.0,26.9,10.88,22.56,18.0,2023,5,0,0,0,0,0,0,0,0.0,115.23989999999999,116.82,-1.5801000000000016,-1.3711396833909104,9.142857142857142
2023-S05,API Integration Platform,API & Middleware QA,No,No,No,No,No,No,High,11.0,124.0,15.0,64.94,68.73,23.74,53.46,30.6,14.12,68.1329,63.0,24.6,55.6,25.58,2023,5,0,0,0,0,0,0,0,0.0,256.47,251.03289999999998,5.437100000000044,2.119975045814342,10.333333333333334
2023-S05,Billing & Payments,Billing & Payments QA,No,No,No,No,No,No,Medium,7.0,67.0,9.04,28.16,45.95,10.7,19.4596,15.86,8.16,28.07,51.58,12.11,20.15,14.13,2023,5,0,0,0,0,0,0,0,0.0,129.1696,134.2,-5.030399999999986,-3.8944147849029385,8.375
2023-S05,ERP Operations,ERP Operations QA,No,No,No,No,No,No,Medium,8.0,70.0,10.11,28.94,29.9316,11.03,26.6,19.99,11.44,27.8147,25.63,11.7,24.3,22.41,2023,5,0,0,0,0,0,0,0,0.0,126.6016,123.29469999999999,3.306900000000013,2.6120522963374975,7.777777777777778
2023-S06,API Integration Platform,API & Middleware QA,No,No,No,No,No,No,Medium,11.0,65.0,11.53,27.2171,31.1,10.0,22.18,12.01,12.0,30.02,33.0,10.61,25.28,13.08,2023,6,0,0,0,0,0,0,0,0.0,114.0371,123.99,-9.9529,-8.72777368067059,5.416666666666667
2023-S06,Billing & Payments,Billing & Payments QA,No,No,No,No,No,No,Medium,11.0,61.0,11.18,26.0,32.0431,9.76,12.08,16.1,21.43,26.57,35.4,10.77,10.68,19.0,2023,6,0,0,0,0,0,0,0,0.0,107.16310000000001,123.85,-16.68689999999998,-15.571498024973126,5.083333333333333
2023-S06,CRM Sales & Service,CRM Platform QA,No,No,No,No,No,No,Medium,2.0,38.0,4.49,17.18,24.24,6.0,11.2,11.04,4.8,14.8,25.46,6.94,13.15,10.4,2023,6,0,0,0,0,0,0,0,0.0,74.15,75.55000000000001,-1.4000000000000057,-1.8880647336480185,12.666666666666666
2023-S06,Legacy Service Platform,Legacy Support QA,No,No,No,No,No,No,Medium,5.0,20.0,7.0,9.43,17.41,3.79,7.97,4.82,7.63,9.85,17.0,4.04,8.75,5.6,2023,6,0,0,0,0,0,0,0,0.0,50.42,52.870000000000005,-2.450000000000003,-4.859182863942886,3.3333333333333335
2023-S06,Customer Web Portal,EIP-QA,No,Yes,No,No,No,No,Medium,15.0,58.0,16.0,24.57,42.56,9.15,13.0,12.4,17.0,20.0,46.33,10.32,13.1,14.1,2023,6,0,1,0,0,0,0,1,0.16666666666666666,117.68,120.85,-3.1699999999999875,-2.693745751189656,3.625
2023-S06,Mobile Service App,Mobile & Web QE,No,No,No,No,No,No,Medium,11.0,65.0,13.25,27.38,22.7,10.0,13.8,10.3,13.99,24.73,25.6,10.2,13.32,9.8,2023,6,0,0,0,0,0,0,0,0.0,97.42999999999999,97.64,-0.21000000000000796,-0.2155393615929467,5.416666666666667
2023-S07,Billing & Payments,Billing & Payments QA,No,No,No,No,No,No,Medium,12.0,75.0,10.0,27.55,34.0,10.2,15.1,7.79,11.77,28.2905,41.0,9.42,16.0,9.98,2023,7,0,0,0,0,0,0,0,0.0,104.64,116.46050000000001,-11.82050000000001,-11.296349388379214,5.769230769230769
2023-S07,CRM Sales & Service,CRM Platform QA,No,No,No,No,No,No,Medium,11.0,67.0,10.63,25.55,33.98,9.39,15.41,8.19,10.21,28.0,33.15,10.58,18.8,18.5,2023,7,0,0,0,0,0,0,0,0.0,103.14999999999999,119.24,-16.090000000000003,-15.598642753271937,5.583333333333333
2023-S07,API Integration Platform,API & Middleware QA,No,No,No,No,No,No,High,5.0,59.0,7.5,31.96,45.6,11.4,20.8751,21.25,8.05,36.71,47.0,13.1,22.24,21.7,2023,7,0,0,0,0,0,0,0,0.0,138.5851,148.79999999999998,-10.214899999999972,-7.370850113035218,9.833333333333334
2023-S07,Mobile Service App,Mobile & Web QE,No,No,No,No,No,No,Low,8.0,49.0,9.4,19.1,13.97,6.84,9.76,7.44,9.42,19.99,14.6,6.57,11.37,7.4,2023,7,0,0,0,0,0,0,0,0.0,66.51,69.35,-2.839999999999989,-4.270034581265959,5.444444444444445
2023-S07,Customer Web Portal,EIP-QA,No,Yes,No,No,No,No,Medium,5.0,67.0,6.9,28.53,44.0,10.44,22.2,17.33,5.8,52.0,43.9,11.46,22.36,18.7,2023,7,0,1,0,0,0,0,1,0.16666666666666666,129.4,154.21999999999997,-24.819999999999965,-19.180834621329186,11.166666666666666
2023-S08,Enterprise Data Platform,Data Platform QA,No,No,No,No,No,No,High,9.0,36.0,13.2459,20.25,24.8,7.57,14.46,12.56,13.98,24.34,29.4,13.17,15.02,13.36,2023,8,0,0,0,0,0,0,0,0.0,92.88590000000002,109.27,-16.384099999999975,-17.63895273663707,3.6
2023-S08,Customer Web Portal,EIP-QA,Yes,Yes,No,No,No,No,Low,15.0,154.0,13.68,54.9,62.15,19.0,28.28,30.97,13.1,45.92,55.28,18.05,28.0,34.5,2023,8,1,1,0,0,0,0,2,0.3333333333333333,208.98,194.85000000000002,14.129999999999967,6.761412575366048,9.625
2023-S08,Billing & Payments,Billing & Payments QA,No,No,No,No,No,No,Medium,9.0,50.0,10.06,21.1,36.2761,8.19,22.07,16.0,10.0,23.83,37.0,10.1,22.3,16.8,2023,8,0,0,0,0,0,0,0,0.0,113.6961,120.02999999999999,-6.333899999999986,-5.570903487454702,5.0
2023-S08,Legacy Service Platform,Legacy Support QA,No,No,No,No,No,No,Medium,7.0,51.0,9.7,21.6,26.88,8.53,19.82,15.85,12.15,20.0,26.95,7.67,20.92,16.5406,2023,8,0,0,0,0,0,0,0,0.0,102.38,104.2306,-1.8506,-1.8075796053916782,6.375
2023-S08,Mobile Service App,Mobile & Web QE,No,No,Yes,No,No,No,Medium,10.0,57.0,11.3,25.0,29.0,9.07,23.2,10.89,21.01,27.2,25.47,10.67,22.94,11.45,2023,8,0,0,1,0,0,0,1,0.16666666666666666,108.46000000000001,118.74000000000001,-10.280000000000001,-9.478148626221648,5.181818181818182
2023-S09,Legacy Service Platform,Legacy Support QA,No,No,No,No,No,No,Low,7.0,33.0,7.9383,12.7217,,5.0,8.5,5.52,7.87,10.98,15.44,4.97,8.92,5.89,2023,9,0,0,0,0,0,0,0,0.0,,54.07,,,4.125
2023-S09,API Integration Platform,API & Middleware QA,No,No,No,No,No,No,High,6.0,29.0,6.51,10.9,17.89,4.0,8.1,9.52,6.3,11.0,16.1,4.62,7.79,9.0,2023,9,0,0,0,0,0,0,0,0.0,56.92,54.81,2.1099999999999994,3.7069571328179887,4.142857142857143
2023-S09,Enterprise Data Platform,Data Platform QA,No,No,No,No,No,No,Medium,11.0,81.0,12.33,34.08,59.05,13.0,27.25,26.6377,8.8022,31.56,66.05,13.24,,25.43,2023,9,0,0,0,0,0,0,0,0.0,172.34769999999997,,,,6.75
2023-S09,Mobile Service App,Mobile & Web QE,No,No,No,No,No,No,Medium,8.0,68.0,8.94,29.67,30.0,10.2,17.54,15.35,8.85,30.63,34.23,10.14,16.85,15.6,2023,9,0,0,0,0,0,0,0,0.0,111.69999999999999,116.29999999999998,-4.599999999999994,-4.1181736794986525,7.555555555555555
2023-S09,Customer Web Portal,EIP-QA,No,Yes,No,No,No,No,Medium,11.0,59.0,12.17,26.42,33.41,9.1829,17.55,7.15,20.4,18.96,33.69,8.9543,21.72,7.43,2023,9,0,1,0,0,0,0,1,0.16666666666666666,105.8829,111.1543,-5.2714,-4.978518722097713,4.916666666666667
2023-S09,Billing & Payments,Billing & Payments QA,No,No,No,No,No,No,Medium,11.0,69.0,10.0,26.03,33.78,8.91,20.44,15.3,10.15,30.05,38.98,9.76,22.59,16.0,2023,9,0,0,0,0,0,0,0,0.0,114.46,127.53000000000002,-13.070000000000022,-11.41883627468113,5.75
2023-S10,CRM Sales & Service,CRM Platform QA,No,No,No,No,No,No,High,8.0,60.0,11.4,32.45,21.47,11.98,18.68,12.92,11.4,34.15,25.8,11.5,17.53,11.8,2023,10,0,0,0,0,0,0,0,0.0,108.89999999999999,112.17999999999999,-3.280000000000001,-3.011937557392104,6.666666666666667
2023-S10,Billing & Payments,Billing & Payments QA,No,No,No,No,No,No,High,13.0,67.0,17.06,37.0,46.4972,13.52,32.56,18.83,21.0,38.81,44.13,14.0,28.0,20.66,2023,10,0,0,0,0,0,0,0,0.0,165.4672,166.6,-1.1328000000000031,-0.6846069795101405,4.785714285714286
2023-S10,Customer Web Portal,EIP-QA,No,Yes,No,No,No,No,High,14.0,89.0,18.2,48.9,50.83,16.58,20.16,14.56,20.94,31.98,48.92,18.4,18.42,13.62,2023,10,0,1,0,0,0,0,1,0.16666666666666666,169.23,152.28000000000003,16.94999999999996,10.015954617975513,5.933333333333334
2023-S10,API Integration Platform,API & Middleware QA,No,No,No,No,No,No,Medium,10.0,74.0,11.8044,30.77,41.42,,15.5,19.91,9.9,29.72,82.42,11.93,16.0,21.42,2023,10,0,0,0,0,0,0,0,0.0,,171.39,,,6.7272727272727275
2023-S10,Mobile Service App,Mobile & Web QE,No,Yes,No,No,No,No,Medium,14.0,63.0,12.11,22.84,25.01,8.38,12.21,16.0,13.0,20.1,21.8,7.43,12.57,18.6,2023,10,0,1,0,0,0,0,1,0.16666666666666666,96.55000000000001,93.5,3.0500000000000114,3.158984981874688,4.2
2023-S11,Customer Web Portal,EIP-QA,No,Yes,No,No,No,No,Medium,6.0,70.0,7.53,30.61,51.4,11.4,27.7703,16.89,7.8,26.77,48.55,12.4,32.0,16.68,2023,11,0,1,0,0,0,0,1,0.16666666666666666,145.6003,144.20000000000002,1.4002999999999872,0.9617425238821536,10.0
2023-S11,API Integration Platform,API & Middleware QA,No,No,No,No,No,No,High,7.0,34.0,11.0,18.4639,16.1,7.48,20.1,9.9,9.97,20.0,20.4,7.71,17.85,8.9,2023,11,0,0,0,0,0,0,0,0.0,83.04390000000001,84.83000000000001,-1.7861000000000047,-2.1507901242595837,4.25
2023-S11,Billing & Payments,Billing & Payments QA,No,No,No,No,No,No,Medium,11.0,38.0,12.1876,16.42,26.43,6.9,9.6,8.8,11.99,17.5,27.96,6.8,8.0,10.14,2023,11,0,0,0,0,0,0,0,0.0,80.3376,82.39,-2.0524000000000058,-2.554719085459369,3.1666666666666665
2023-S11,Mobile Service App,Mobile & Web QE,No,Yes,No,No,No,No,Low,11.0,85.0,11.3,30.3,46.64,11.12,27.0,10.2,7.86,31.42,52.0,10.0,30.0,11.73,2023,11,0,1,0,0,0,0,1,0.16666666666666666,136.56,143.01,-6.449999999999989,-4.723198594024596,7.083333333333333
2023-S11,CRM Sales & Service,CRM Platform QA,No,No,No,No,No,No,High,10.0,75.0,14.0,40.07,53.8,14.91,18.2,15.0,16.85,29.06,51.3,13.56,19.0,16.1,2023,11,0,0,0,0,0,0,0,0.0,155.98,145.86999999999998,10.110000000000014,6.481600205154517,6.818181818181818
2023-S12,Mobile Service App,Mobile & Web QE,No,Yes,No,No,No,No,Low,13.0,96.0,12.7,34.81,35.6,12.78,15.96,20.0,13.3,25.27,37.85,11.64,17.23,17.99,2023,12,0,1,0,0,0,0,1,0.16666666666666666,131.85000000000002,123.28,8.570000000000022,6.499810390595388,6.857142857142857
2023-S12,Customer Web Portal,EIP-QA,No,Yes,No,No,No,No,Low,13.0,66.0,12.2,24.4,29.0,8.93,23.35,9.3,15.75,17.0,28.29,10.9,23.52,8.65,2023,12,0,1,0,0,0,0,1,0.16666666666666666,107.17999999999999,104.11,3.069999999999993,2.864340362007831,4.714285714285714
2023-S12,API Integration Platform,API & Middleware QA,No,No,No,No,No,No,Low,8.0,47.0,10.85,25.2,32.81,9.2,24.4,17.0,9.24,26.43,33.95,11.4,25.94,14.0,2023,12,0,0,0,0,0,0,0,0.0,119.46000000000001,120.96000000000001,-1.5,-1.255650426921145,5.222222222222222
2023-S12,Billing & Payments,Billing & Payments QA,No,No,No,No,No,No,High,15.0,56.0,19.7,30.4,43.4,11.2,23.94,19.03,21.51,32.53,43.0,11.9,27.3,18.45,2023,12,0,0,0,0,0,0,0,0.0,147.67000000000002,154.69,-7.019999999999982,-4.753843028374064,3.5
2023-S12,CRM Sales & Service,CRM Platform QA,No,No,No,No,No,No,Medium,10.0,51.0,11.0,21.87,25.02,8.37,13.32,17.0,10.87,23.3,25.0,7.16,14.3386,28.5,2023,12,0,0,0,0,0,0,0,0.0,96.58000000000001,109.1686,-12.588599999999985,-13.034375647131894,4.636363636363637
2023-S12,ERP Operations,ERP Operations QA,No,No,No,No,No,No,Medium,7.0,21.0,9.33,9.96,13.0,4.0144,8.93,6.62,10.0,11.18,13.91,4.14,8.12,7.76,2023,12,0,0,0,0,0,0,0,0.0,51.8544,55.11,-3.255600000000001,-6.278348606868465,2.625
2023-S13,Billing & Payments,Billing & Payments QA,No,No,No,No,No,No,Medium,9.0,63.0,9.9,27.38,43.86,10.33,15.49,22.48,16.52,27.71,41.76,12.04,14.26,23.92,2023,13,0,0,0,0,0,0,0,0.0,129.44,136.21,-6.77000000000001,-5.230222496909773,6.3
2023-S13,CRM Sales & Service,CRM Platform QA,No,No,No,Yes,No,No,High,3.0,89.0,6.01,49.58,62.56,16.46,22.69,16.97,6.4,50.16,79.12,17.52,23.71,10.98,2023,13,0,0,0,1,0,0,1,0.16666666666666666,174.27,187.89000000000001,-13.620000000000005,-7.815458770872786,22.25
2023-S13,Mobile Service App,Mobile & Web QE,No,Yes,No,No,No,No,Medium,16.0,57.0,14.65,20.8,28.34,8.0,11.33,11.8154,15.28,16.3,33.08,7.99,11.8,10.06,2023,13,0,1,0,0,0,0,1,0.16666666666666666,94.9354,94.50999999999999,0.42540000000001044,0.4480941777250746,3.3529411764705883
2023-S13,API Integration Platform,API & Middleware QA,No,No,No,No,No,No,Medium,7.0,106.0,10.39,56.39,83.98,21.052,50.94,35.77,10.4,65.03,93.6064,18.29,53.72,39.62,2023,13,0,0,0,0,0,0,0,0.0,258.522,280.6664,-22.14440000000002,-8.565770031177237,13.25
2023-S13,Customer Web Portal,EIP-QA,No,Yes,No,Yes,No,No,High,6.0,69.0,9.34,38.52,28.0,12.54,30.27,13.0,8.98,28.81,26.4,11.4,28.02,14.0,2023,13,0,1,0,1,0,0,2,0.3333333333333333,131.67000000000002,117.61,14.060000000000016,10.67821067821069,9.857142857142858
2023-S14,Mobile Service App,Mobile & Web QE,No,Yes,No,No,No,No,Medium,9.0,48.0,9.2,17.8,19.99,6.9,11.9,5.9,9.76,14.0759,22.18,7.0,11.7954,6.33,2023,14,0,1,0,0,0,0,1,0.16666666666666666,71.69,71.1413,0.5486999999999966,0.7653787139070953,4.8
2023-S14,Billing & Payments,Billing & Payments QA,No,No,No,No,No,No,Low,14.0,98.0,12.8666,35.61,40.3,13.45,27.56,30.37,13.75,34.75,38.0,13.07,26.51,31.49,2023,14,0,0,0,0,0,0,0,0.0,160.1566,157.57,2.5866000000000042,1.61504427541544,6.533333333333333
2023-S14,API Integration Platform,API & Middleware QA,No,No,No,No,No,No,Medium,9.0,121.0,10.28,51.01,47.4,17.99,30.25,29.16,10.61,47.98,49.24,19.94,28.17,31.13,2023,14,0,0,0,0,0,0,0,0.0,186.09,187.07,-0.9799999999999898,-0.5266269009618947,12.1
2023-S14,CRM Sales & Service,CRM Platform QA,No,No,No,Yes,No,No,Medium,9.0,51.0,11.18,21.56,29.4,8.22,12.0,15.1,12.0,20.72,27.9,7.8,13.17,16.11,2023,14,0,0,0,1,0,0,1,0.16666666666666666,97.46,97.7,-0.2400000000000091,-0.24625487379438654,5.1
2023-S14,Customer Web Portal,EIP-QA,No,Yes,No,No,No,Yes,Low,14.0,30.0,12.9,11.351,11.42,4.49,11.0,7.22,14.74,7.8,12.3,4.7,11.0,5.89,2023,14,0,1,0,0,0,1,2,0.3333333333333333,58.381,56.43000000000001,1.9509999999999934,3.341840667340391,2.0
2023-S15,Billing & Payments,Billing & Payments QA,No,No,No,No,No,No,Medium,7.0,65.0,9.56,28.93,35.75,10.97,17.5,10.22,8.05,29.01,32.8,9.24,19.2,9.79,2023,15,0,0,0,0,0,0,0,0.0,112.93,108.09,4.840000000000003,4.2858407863278165,8.125
2023-S15,API Integration Platform,API & Middleware QA,No,No,No,No,No,No,High,9.0,28.0,12.09,15.97,21.56,,9.9764,8.17,12.24,16.34,21.33,5.44,9.86,14.07,2023,15,0,0,0,0,0,0,0,0.0,,79.28,,,2.8
2023-S15,Customer Web Portal,EIP-QA,No,Yes,Yes,No,No,No,Medium,11.0,42.0,12.23,18.75,24.9737,7.27,13.98,13.92,11.28,20.92,18.12,6.17,14.2,14.6,2023,15,0,1,1,0,0,0,2,0.3333333333333333,91.1237,85.29,5.833699999999993,6.401956900345347,3.5
2023-S15,CRM Sales & Service,CRM Platform QA,No,Yes,No,No,No,No,High,11.0,28.0,14.95,15.8,22.26,6.27,14.5,13.63,14.72,12.0,24.0,6.24,13.13,14.54,2023,15,0,1,0,0,0,0,1,0.16666666666666666,87.41,84.63,2.780000000000001,3.180414140258553,2.3333333333333335
2023-S16,Billing & Payments,Billing & Payments QA,No,No,No,No,No,No,Medium,12.0,59.0,12.57,25.1,37.84,10.2,14.0,14.57,15.28,31.0,39.8,10.0,14.14,15.0,2023,16,0,0,0,0,0,0,0,0.0,114.28,125.22,-10.939999999999998,-9.572978648932445,4.538461538461538
2023-S16,Enterprise Data Platform,Data Platform QA,No,No,No,No,No,No,Medium,9.0,72.0,10.35,30.87,32.9512,11.1,26.0,21.2,10.18,29.42,36.2719,12.06,25.75,24.67,2023,16,0,0,0,0,0,0,0,0.0,132.47119999999998,138.3519,-5.880700000000019,-4.439229055070098,7.2
2023-S16,Customer Web Portal,EIP-QA,No,Yes,Yes,No,No,No,Medium,8.0,62.0,9.0,27.2,27.5,9.32,16.85,12.42,9.25,21.15,22.86,10.77,15.89,12.4,2023,16,0,1,1,0,0,0,2,0.3333333333333333,102.29,92.32000000000001,9.969999999999999,9.746798318506206,6.888888888888889
2023-S16,CRM Sales & Service,CRM Platform QA,No,Yes,No,No,No,No,Medium,5.0,55.0,7.47,25.0,31.81,8.6469,17.84,11.41,6.0,22.4141,37.33,13.88,14.5,13.43,2023,16,0,1,0,0,0,0,1,0.16666666666666666,102.1769,107.5541,-5.377200000000002,-5.2626376411889595,9.166666666666666
2023-S16,Legacy Service Platform,Legacy Support QA,No,No,No,No,No,No,Medium,13.0,42.0,15.0,18.83,28.85,7.27,9.89,11.03,15.8,17.8,27.06,6.47,9.06,11.83,2023,16,0,0,0,0,0,0,0,0.0,90.87,88.02,2.8500000000000085,3.1363486299108705,3.0
2023-S16,Mobile Service App,Mobile & Web QE,No,Yes,No,No,No,No,Medium,13.0,23.0,15.0,10.49,14.83,4.8,9.0,5.2399,16.66,9.4,16.42,4.8,8.7,6.23,2023,16,0,1,0,0,0,0,1,0.16666666666666666,59.359899999999996,62.21000000000001,-2.850100000000012,-4.801389490211426,1.6428571428571428
2023-S17,Legacy Service Platform,Legacy Support QA,No,No,No,No,No,No,Low,3.0,50.0,5.45,18.49,22.79,6.77,9.12,12.6,6.29,17.24,22.43,6.1,8.64,12.6,2023,17,0,0,0,0,0,0,0,0.0,75.22,73.3,1.9200000000000017,2.5525126296197844,12.5
2023-S17,Billing & Payments,Billing & Payments QA,No,No,No,No,No,No,Low,9.0,121.0,9.36,44.53,28.68,15.3,36.3,17.51,9.21,41.0,33.14,15.97,33.01,16.08,2023,17,0,0,0,0,0,0,0,0.0,151.67999999999998,148.40999999999997,3.2700000000000102,2.1558544303797538,12.1
2023-S17,Customer Web Portal,EIP-QA,No,Yes,Yes,No,No,No,Medium,10.0,50.0,11.6,21.29,18.2,7.98,18.58,7.81,14.0,28.47,14.0,8.89,18.4,7.55,2023,17,0,1,1,0,0,0,2,0.3333333333333333,85.46000000000001,91.30999999999999,-5.84999999999998,-6.845307746314042,4.545454545454546
2023-S17,Mobile Service App,Mobile & Web QE,No,Yes,No,No,No,No,Medium,3.0,74.0,5.86,26.0,38.72,9.85,21.52,9.6,5.75,21.2,38.47,12.04,21.84,10.0,2023,17,0,1,0,0,0,0,1,0.16666666666666666,111.54999999999998,109.30000000000001,2.2499999999999716,2.0170327207530003,18.5
2023-S18,Customer Web Portal,EIP-QA,No,Yes,Yes,No,No,No,Medium,15.0,47.0,15.1829,19.97,16.36,8.04,16.28,12.0,15.75,16.0,14.0,7.8,14.47,11.42,2023,18,0,1,1,0,0,0,2,0.3333333333333333,87.8329,79.44,8.392899999999997,9.555531014005,2.9375
2023-S18,CRM Sales & Service,CRM Platform QA,No,Yes,No,No,No,No,Medium,11.0,38.0,12.0,,16.36,6.29,10.22,6.0,13.0,11.4,16.74,5.61,9.9249,6.5,2023,18,0,1,0,0,0,0,1,0.16666666666666666,,63.1749,,,3.1666666666666665
2023-S18,Mobile Service App,Mobile & Web QE,No,Yes,No,No,No,No,Medium,7.0,51.0,8.1,22.86,16.98,8.69,13.9,17.19,8.37,22.0,18.38,10.01,14.19,16.6,2023,18,0,1,0,0,0,0,1,0.16666666666666666,87.72,89.55000000000001,-1.8300000000000125,-2.08618331053353,6.375
2023-S18,Billing & Payments,Billing & Payments QA,No,No,No,No,No,No,High,9.0,57.0,12.17,30.73,25.0,11.11,14.4,9.5,12.19,32.43,27.74,12.0,14.0,9.0,2023,18,0,0,0,0,0,0,0,0.0,102.91000000000001,107.36,-4.449999999999989,-4.32416674764356,5.7
2023-S19,CRM Sales & Service,CRM Platform QA,No,Yes,No,No,No,No,Medium,13.0,53.0,14.6,23.4,19.0,8.9,17.49,10.7,14.86,18.3,17.84,9.9,19.38,10.37,2023,19,0,1,0,0,0,0,1,0.16666666666666666,94.09,90.65,3.4399999999999977,3.656073971729193,3.7857142857142856
2023-S19,Enterprise Data Platform,Data Platform QA,No,No,No,No,No,No,Medium,8.0,44.0,9.81,19.39,21.89,7.3,13.6,8.36,10.0,17.3,23.92,8.47,14.7155,9.31,2023,19,0,0,0,0,0,0,0,0.0,80.35,83.7155,-3.3655000000000115,-4.188550093341645,4.888888888888889
2023-S19,Legacy Service Platform,Legacy Support QA,No,No,No,No,No,No,High,8.0,84.0,10.87,44.15,28.55,15.8,19.64,20.41,10.86,45.3,26.2,13.42,20.96,19.0,2023,19,0,0,0,0,0,0,0,0.0,139.42,135.74,3.6799999999999784,2.6395065270405813,9.333333333333334
2023-S19,Billing & Payments,Billing & Payments QA,No,No,No,No,No,No,Medium,12.0,83.0,13.49,35.21,37.02,13.0,22.7771,18.05,15.08,38.26,35.59,14.78,22.28,21.76,2023,19,0,0,0,0,0,0,0,0.0,139.5471,147.75,-8.2029,-5.8782303609319,6.384615384615385
2023-S19,API Integration Platform,API & Middleware QA,No,Yes,No,No,No,Yes,High,16.0,41.0,20.27,21.75,21.14,9.04,21.0,17.4,20.85,20.11,24.0,7.46,25.39,16.45,2023,19,0,1,0,0,0,1,2,0.3333333333333333,110.6,114.26,-3.660000000000011,-3.3092224231464837,2.411764705882353
2023-S19,Mobile Service App,Mobile & Web QE,No,Yes,Yes,No,No,No,Low,14.0,65.0,13.44,23.04,27.6,8.9,18.11,11.23,13.56,17.51,24.0,9.14,18.16,13.67,2023,19,0,1,1,0,0,0,2,0.3333333333333333,102.32000000000001,96.04,6.280000000000001,6.137607505863957,4.333333333333333
2023-S20,Billing & Payments,Billing & Payments QA,No,No,No,No,No,No,Low,10.0,116.0,10.12,41.0,38.23,14.19,31.13,21.7,10.05,40.31,38.98,13.2,33.54,22.8,2023,20,0,0,0,0,0,0,0,0.0,156.36999999999998,158.88000000000002,-2.5100000000000477,-1.6051672315661878,10.545454545454545
2023-S20,Mobile Service App,Mobile & Web QE,No,Yes,Yes,No,No,No,High,6.0,83.0,8.2834,45.0,42.06,15.55,35.9,18.3,9.3,35.51,35.75,17.04,33.37,20.35,2023,20,0,1,1,0,0,0,2,0.3333333333333333,165.0934,151.32,13.77340000000001,8.342792625265462,11.857142857142858
2023-S20,Customer Web Portal,EIP-QA,No,Yes,Yes,No,No,No,High,9.0,84.0,11.8,45.0,63.88,15.8,32.9,22.8,11.99,37.85,46.81,16.5,35.16,23.92,2023,20,0,1,1,0,0,0,2,0.3333333333333333,192.18000000000004,172.23000000000002,19.950000000000017,10.380892912894168,8.4
2023-S20,Enterprise Data Platform,Data Platform QA,No,No,No,No,No,No,High,12.0,32.0,11.0,11.85,17.0,5.0,10.17,9.14,12.8,13.0,17.54,5.16,17.43,9.9826,2023,20,0,0,0,0,0,0,0,0.0,64.16,75.91260000000001,-11.752600000000015,-18.317643391521223,2.4615384615384617
2023-S20,Legacy Service Platform,Legacy Support QA,No,No,No,No,No,No,Medium,18.0,46.0,18.67,19.2,28.77,7.62,17.12,9.46,19.31,20.49,31.56,8.9,15.63,9.15,2023,20,0,0,0,0,0,0,0,0.0,100.84,105.04,-4.200000000000003,-4.165013883379614,2.4210526315789473
2023-S20,CRM Sales & Service,CRM Platform QA,No,Yes,No,No,No,No,Medium,14.0,64.0,15.18,28.44,22.8,9.7,13.95,16.0,13.16,25.4,23.4,10.13,13.98,15.97,2023,20,0,1,0,0,0,0,1,0.16666666666666666,106.07000000000001,102.04,4.030000000000001,3.799377769397568,4.266666666666667
2024-S01,Billing & Payments,Billing & Payments QA,No,No,No,No,No,No,High,14.0,61.0,18.02,33.99,33.0,12.25,25.4635,19.8,19.13,32.4,36.05,12.19,28.61,22.0,2024,1,0,0,0,0,0,0,0,0.0,142.5235,150.38,-7.856499999999983,-5.512424266875274,4.066666666666666
2024-S01,Customer Web Portal,EIP-QA,No,Yes,Yes,No,No,No,Medium,4.0,45.0,6.58,19.54,19.6,7.23,16.5,13.0,7.1,12.3154,15.35,7.27,19.86,12.59,2024,1,0,1,1,0,0,0,2,0.3333333333333333,82.45,74.4854,7.964600000000004,9.659915100060648,9.0
2024-S01,CRM Sales & Service,CRM Platform QA,No,Yes,No,No,No,No,Medium,10.0,92.0,11.14,39.7,49.11,14.0,32.41,15.42,11.65,32.7097,45.33,12.33,32.0494,16.41,2024,1,0,1,0,0,0,0,1,0.16666666666666666,161.78,150.4791,11.300900000000013,6.985350475955008,8.363636363636363
2024-S01,Mobile Service App,Mobile & Web QE,No,No,Yes,No,No,Yes,Medium,14.0,79.0,14.55,35.5,34.85,12.5,24.72,25.0,17.6,28.6,29.99,12.14,24.65,20.27,2024,1,0,0,1,0,0,1,2,0.3333333333333333,147.12,133.25,13.870000000000005,9.427678085916263,5.266666666666667
2024-S02,ERP Operations,ERP Operations QA,No,No,No,No,No,No,High,12.0,49.0,16.65,27.23,32.96,9.8,21.29,20.33,15.43,27.06,33.0,9.0,18.44,22.98,2024,2,0,0,0,0,0,0,0,0.0,128.26,125.91,2.3499999999999943,1.8322158116326168,3.769230769230769
2024-S02,Billing & Payments,Billing & Payments QA,No,No,No,No,No,No,Low,7.0,133.0,8.2,,46.8608,16.77,40.78,30.46,8.0,55.7,54.48,11.59,38.56,40.05,2024,2,0,0,0,0,0,0,0,0.0,,208.38,,,16.625
2024-S02,Enterprise Data Platform,Data Platform QA,No,No,No,No,No,No,Medium,18.0,76.0,19.26,31.97,24.32,11.78,19.06,15.0,17.0,38.3372,25.6,10.1,19.66,14.6,2024,2,0,0,0,0,0,0,0,0.0,121.39000000000001,125.29719999999999,-3.9071999999999747,-3.218716533487086,4.0
2024-S02,CRM Sales & Service,CRM Platform QA,No,Yes,No,No,No,No,High,16.0,69.0,16.95,30.23,32.9,10.0,22.2,14.2,16.7673,21.0,41.04,12.0,21.8,15.76,2024,2,0,1,0,0,0,0,1,0.16666666666666666,126.48,128.3673,-1.8872999999999962,-1.4921726755218185,4.0588235294117645
2024-S02,API Integration Platform,API & Middleware QA,No,Yes,No,No,No,No,Medium,8.0,94.0,9.6,38.79,49.38,14.21,20.1799,15.1,9.1507,29.29,,16.0,22.0,16.46,2024,2,0,1,0,0,0,0,1,0.16666666666666666,147.25990000000002,,,,10.444444444444445
2024-S02,Customer Web Portal,EIP-QA,No,Yes,Yes,No,No,No,Medium,12.0,82.0,13.26,34.04,31.85,12.55,30.43,13.0,12.47,37.51,24.72,13.88,29.45,13.97,2024,2,0,1,1,0,0,0,2,0.3333333333333333,135.13,132.0,3.1299999999999955,2.3162880189447166,6.3076923076923075
2024-S02,Mobile Service App,Mobile & Web QE,No,Yes,Yes,No,No,No,Low,11.0,85.0,12.29,36.19,37.0,13.4,18.84,26.78,12.33,23.21,59.57,13.35,21.39,26.55,2024,2,0,1,1,0,0,0,2,0.3333333333333333,144.5,156.4,-11.900000000000006,-8.235294117647063,7.083333333333333
2024-S03,Customer Web Portal,EIP-QA,No,Yes,Yes,No,No,No,Medium,16.0,55.0,14.13,20.7,26.5,8.0,18.32,8.44,13.7927,15.15,20.05,7.3,19.5,8.01,2024,3,0,1,1,0,0,0,2,0.3333333333333333,96.09,83.8027,12.287300000000002,12.787282755749818,3.235294117647059
2024-S03,API Integration Platform,API & Middleware QA,No,Yes,No,No,No,No,High,15.0,78.0,18.18,41.6,53.72,15.0,38.0,30.78,18.2,33.75,54.85,15.56,41.53,31.99,2024,3,0,1,0,0,0,0,1,0.16666666666666666,197.28,195.88000000000002,1.3999999999999773,0.709651257096501,4.875
2024-S03,ERP Operations,ERP Operations QA,No,No,No,No,No,No,Medium,4.0,60.0,6.37,26.73,33.83,10.12,18.69,15.59,7.39,28.2,36.52,9.18,39.58,17.41,2024,3,0,0,0,0,0,0,0,0.0,111.33000000000001,138.28,-26.94999999999999,-24.207311596155563,12.0
2024-S03,Mobile Service App,Mobile & Web QE,No,Yes,Yes,No,No,No,High,7.0,104.0,9.54,55.5,47.7578,19.5,40.85,17.65,10.5,48.84,40.13,21.1,40.06,34.22,2024,3,0,1,1,0,0,0,2,0.3333333333333333,190.7978,194.85,-4.052199999999999,-2.123819037745718,13.0
2024-S03,Billing & Payments,Billing & Payments QA,No,No,No,No,No,No,Low,7.0,31.0,7.8,11.92,17.33,4.87,8.91,6.41,8.0,10.6,18.61,4.0,10.8,7.0,2024,3,0,0,0,0,0,0,0,0.0,57.239999999999995,59.010000000000005,-1.7700000000000102,-3.0922431865828273,3.875
2024-S03,CRM Sales & Service,CRM Platform QA,No,Yes,No,No,No,No,High,2.0,45.0,4.26,23.92,25.6,9.22,23.32,10.2096,4.45,13.8,28.0108,9.49,25.87,11.8,2024,3,0,1,0,0,0,0,1,0.16666666666666666,96.52959999999999,93.4208,3.108799999999988,3.2205665412474396,15.0
2024-S03,Enterprise Data Platform,Data Platform QA,No,No,No,No,No,No,Medium,6.0,66.0,7.45,29.5,25.76,9.69,14.17,16.8,8.22,48.64,25.28,7.0,14.3392,16.0,2024,3,0,0,0,0,0,0,0,0.0,103.37,119.4792,-16.1092,-15.584018574054367,9.428571428571429
2024-S04,Enterprise Data Platform,Data Platform QA,No,No,No,No,No,No,Medium,4.0,52.0,6.06,22.98,23.3,8.14,16.67,9.7,6.96,24.4,25.56,7.6,18.01,11.3,2024,4,0,0,0,0,0,0,0,0.0,86.85000000000001,93.83,-6.97999999999999,-8.036845135290719,10.4
2024-S04,CRM Sales & Service,CRM Platform QA,No,Yes,No,No,No,No,Medium,12.0,43.0,13.69,20.01,14.59,7.15,13.93,11.17,13.4,14.32,13.3,7.71,17.0,11.44,2024,4,0,1,0,0,0,0,1,0.16666666666666666,80.54,77.16999999999999,3.3700000000000188,4.184256270176332,3.3076923076923075
2024-S04,Customer Web Portal,EIP-QA,No,No,Yes,No,Yes,No,Medium,9.0,60.0,10.3,26.8,22.0,9.1,21.0,10.65,11.4,20.8,14.62,8.2,17.93,10.0,2024,4,0,0,1,0,1,0,2,0.3333333333333333,99.85000000000001,82.94999999999999,16.90000000000002,16.925388082123202,6.0
2024-S04,ERP Operations,ERP Operations QA,No,No,No,No,No,No,Medium,6.0,44.0,8.03,24.36,39.74,9.3,20.28,12.1,17.04,24.02,42.1471,8.9178,20.51,14.2045,2024,4,0,0,0,0,0,0,0,0.0,113.80999999999999,126.8394,-13.02940000000001,-11.448378877075838,6.285714285714286
2024-S04,API Integration Platform,API & Middleware QA,No,Yes,No,No,No,No,Low,9.0,75.0,10.05,33.51,39.2852,11.2,27.82,14.29,9.5,34.89,35.7,11.0,31.0,,2024,4,0,1,0,0,0,0,1,0.16666666666666666,136.1552,,,,7.5
2024-S04,Billing & Payments,Billing & Payments QA,No,No,No,No,No,No,High,3.0,51.0,7.07,28.61,26.43,10.1,14.73,17.59,7.3,31.0,25.31,11.01,15.33,20.38,2024,4,0,0,0,0,0,0,0,0.0,104.53,110.33,-5.799999999999997,-5.548646321630151,12.75
2024-S04,Enterprise Data Platform,Data Platform QA,No,No,No,No,No,No,Medium,4.0,52.0,6.06,22.98,23.3,8.14,16.67,9.7,6.96,24.49,25.56,7.6,18.01,11.3,2024,4,0,0,0,0,0,0,0,0.0,86.85000000000001,93.92,-7.069999999999993,-8.140472078295904,10.4
2024-S04,Mobile Service App,Mobile & Web QE,No,Yes,Yes,No,No,No,Medium,12.0,77.0,13.91,33.03,38.7,11.82,21.8,27.46,16.0,25.0,26.65,11.8,,29.9,2024,4,0,1,1,0,0,0,2,0.3333333333333333,146.72,,,,5.923076923076923
2024-S05,Mobile Service App,Mobile & Web QE,No,Yes,Yes,No,No,No,Medium,6.0,124.0,7.0,53.0,37.45,18.2056,21.33,29.41,7.8242,53.93,28.5,18.47,23.7152,27.87,2024,5,0,1,1,0,0,0,2,0.3333333333333333,166.3956,160.3094,6.086199999999991,3.6576688325893176,17.714285714285715
2024-S05,Billing & Payments,Billing & Payments QA,No,No,No,Yes,No,No,Low,6.0,48.0,7.11,18.3,22.3,6.84,15.19,11.82,5.7976,17.3,21.7254,6.0,13.9,11.042,2024,5,0,0,0,1,0,0,1,0.16666666666666666,81.56,75.765,5.795000000000002,7.105198626777834,6.857142857142857
2024-S05,API Integration Platform,API & Middleware QA,No,Yes,No,No,No,No,Medium,8.0,67.0,10.37,28.21,34.92,11.35,21.68,16.72,10.03,20.8,38.16,10.87,21.76,17.04,2024,5,0,1,0,0,0,0,1,0.16666666666666666,123.25,118.66,4.590000000000003,3.7241379310344853,7.444444444444445
2024-S05,Customer Web Portal,EIP-QA,No,Yes,Yes,No,No,No,Medium,5.0,57.0,6.69,25.42,22.0,8.91,18.0,11.28,6.9,19.6,18.0,7.68,18.63,13.8,2024,5,0,1,1,0,0,0,2,0.3333333333333333,92.3,84.61,7.689999999999998,8.331527627302272,9.5
2024-S05,Legacy Service Platform,Legacy Support QA,No,No,No,No,No,No,Low,7.0,55.0,7.12,20.0,32.25,8.24,15.09,7.66,7.85,23.1,32.77,8.41,16.0,7.83,2024,5,0,0,0,0,0,0,0,0.0,90.36,95.96000000000001,-5.6000000000000085,-6.197432492253219,6.875
2024-S05,Enterprise Data Platform,Data Platform QA,No,No,No,No,No,No,Medium,3.0,67.0,5.1,28.16,29.61,10.49,19.7498,20.0,5.2961,28.06,29.28,9.7,20.0,19.01,2024,5,0,0,0,0,0,0,0,0.0,113.1098,111.3461,1.7637,1.5592813354810988,16.75
2024-S05,CRM Sales & Service,CRM Platform QA,No,Yes,No,No,No,No,Low,4.0,51.0,6.87,21.9,32.0,8.29,15.7,7.28,7.84,18.31,30.85,7.67,17.69,7.0,2024,5,0,1,0,0,0,0,1,0.16666666666666666,92.04,89.36,2.680000000000007,2.9117774880486818,10.2
2024-S06,Customer Web Portal,EIP-QA,No,Yes,Yes,No,No,No,High,12.0,63.0,16.3,33.6,41.38,12.65,19.06,13.17,16.1529,15.35,35.36,13.24,22.24,14.0824,2024,6,0,1,1,0,0,0,2,0.3333333333333333,136.16,116.4253,19.734700000000004,14.493757344300825,4.846153846153846
2024-S06,Billing & Payments,Billing & Payments QA,No,No,No,No,No,No,Medium,12.0,85.0,12.0,35.53,32.98,13.3,17.35,26.6621,12.8,40.0,29.91,13.79,19.32,28.57,2024,6,0,0,0,0,0,0,0,0.0,137.8221,144.39,-6.56789999999998,-4.765491165785444,6.538461538461538
2024-S06,API Integration Platform,API & Middleware QA,No,No,Yes,No,No,No,Medium,7.0,54.0,9.0,22.79,44.0,8.89,22.29,15.4,8.92,18.79,44.67,8.39,25.08,13.85,2024,6,0,0,1,0,0,0,1,0.16666666666666666,122.37,119.69999999999999,2.670000000000016,2.1819073302280096,6.75
2024-S06,Enterprise Data Platform,Data Platform QA,No,No,No,No,No,No,High,8.0,50.0,11.32,26.04,26.44,11.0,15.36,19.0,11.17,29.9,29.91,11.0,15.4092,18.26,2024,6,0,0,0,0,0,0,0,0.0,109.16,115.64920000000001,-6.489200000000011,-5.94466837669477,5.555555555555555
2024-S06,Enterprise Data Platform,Data Platform QA,No,No,No,No,No,No,High,8.0,50.0,11.32,26.04,26.44,11.0,15.36,19.0,11.17,29.9,30.1,11.0,15.4092,18.26,2024,6,0,0,0,0,0,0,0,0.0,109.16,115.8392,-6.679200000000009,-6.118724807621848,5.555555555555555
2024-S06,Mobile Service App,Mobile & Web QE,No,Yes,No,No,No,No,High,10.0,40.0,12.88,22.4,18.23,8.05,11.46,11.77,24.71,17.3,18.26,8.67,12.57,11.8,2024,6,0,1,0,0,0,0,1,0.16666666666666666,84.79,93.31000000000002,-8.52000000000001,-10.04835475881591,3.6363636363636362
2024-S06,CRM Sales & Service,CRM Platform QA,No,Yes,Yes,No,No,No,Medium,7.0,47.0,9.63,20.57,14.38,7.6,17.55,13.4,8.5,14.1,13.55,11.4,18.5,13.4,2024,6,0,1,1,0,0,0,2,0.3333333333333333,83.13000000000001,79.45000000000002,3.6799999999999926,4.4268013954047785,5.875
2024-S07,Mobile Service App,Mobile & Web QE,No,Yes,Yes,No,No,No,Medium,7.0,125.0,8.5,55.3,35.26,19.31,33.01,21.21,8.1,41.91,30.0,18.25,27.35,23.72,2024,7,0,1,1,0,0,0,2,0.3333333333333333,172.59,149.32999999999998,23.26000000000002,13.477026478938537,15.625
2024-S07,CRM Sales & Service,CRM Platform QA,No,Yes,Yes,No,No,No,Medium,11.0,54.0,11.62,23.1,22.06,9.1,16.38,14.33,11.5,15.09,28.0,8.68,15.39,14.91,2024,7,0,1,1,0,0,0,2,0.3333333333333333,96.58999999999999,93.57,3.019999999999996,3.1266176622838766,4.5
2024-S07,Billing & Payments,Billing & Payments QA,No,No,No,No,No,No,Medium,7.0,72.0,9.16,31.0,29.3,11.48,24.0,17.61,9.97,29.4435,27.44,9.87,42.52,15.5796,2024,7,0,0,0,0,0,0,0,0.0,122.55,134.8231,-12.273100000000014,-10.014769481844157,9.0
2024-S07,Customer Web Portal,EIP-QA,No,Yes,Yes,No,No,No,High,8.0,59.0,11.06,31.2,32.19,11.95,31.14,20.0,13.0,26.74,23.45,13.04,31.3,16.84,2024,7,0,1,1,0,0,0,2,0.3333333333333333,137.54,124.36999999999999,13.170000000000002,9.575396248364115,6.555555555555555
2024-S07,Enterprise Data Platform,Data Platform QA,No,No,No,No,No,No,Medium,9.0,74.0,10.69,30.8,36.66,11.6,25.19,20.3,10.09,34.0,37.12,12.7,26.1768,22.45,2024,7,0,0,0,0,0,0,0,0.0,135.24,142.5368,-7.29679999999999,-5.395445134575562,7.4
2024-S07,API Integration Platform,API & Middleware QA,No,Yes,No,No,No,No,High,11.0,71.0,14.2,38.34,51.54,14.06,19.26,13.26,13.69,28.25,51.63,14.97,17.26,14.79,2024,7,0,1,0,0,0,0,1,0.16666666666666666,150.66,140.59,10.069999999999993,6.6839240674366085,5.916666666666667
2024-S08,API Integration Platform,API & Middleware QA,No,Yes,No,Yes,Yes,No,Medium,6.0,54.0,7.8,24.07,33.56,8.71,12.1,19.7,7.36,18.68,32.1,8.58,7.68,22.19,2024,8,0,1,0,1,1,0,3,0.5,105.94000000000001,96.59,9.350000000000009,8.825750424768744,7.714285714285714
2024-S08,Customer Web Portal,EIP-QA,No,Yes,Yes,No,Yes,No,High,8.0,86.0,11.0,47.42,75.2,16.95,31.49,36.46,11.0,29.22,47.24,17.96,20.84,36.0,2024,8,0,1,1,0,1,0,3,0.5,218.52,162.26000000000002,56.25999999999999,25.74592714625663,9.555555555555555
2024-S08,Billing & Payments,Billing & Payments QA,No,No,No,No,No,No,Medium,13.0,90.0,14.2,39.58,27.97,13.63,16.17,22.48,14.21,42.53,31.63,14.34,15.0,24.5,2024,8,0,0,0,0,0,0,0,0.0,134.03,142.21,-8.180000000000007,-6.103111243751404,6.428571428571429
2024-S08,CRM Sales & Service,CRM Platform QA,No,No,Yes,No,No,No,Medium,9.0,76.0,10.53,31.85,35.83,11.2529,16.0,12.73,11.59,22.53,37.03,9.8448,14.4,12.49,2024,8,0,0,1,0,0,0,1,0.16666666666666666,118.19290000000001,107.8848,10.30810000000001,8.721420660631907,7.6
2024-S08,Enterprise Data Platform,Data Platform QA,No,No,No,No,No,No,High,9.0,115.0,12.97,59.88,51.0,21.19,50.0,22.15,13.8,56.0,50.62,23.6,49.98,21.0,2024,8,0,0,0,0,0,0,0,0.0,217.19000000000003,214.99999999999997,2.1900000000000546,1.0083337170219875,11.5
2024-S09,Enterprise Data Platform,Data Platform QA,No,Yes,No,No,No,No,High,9.0,54.0,13.03,29.3148,40.0,11.3409,14.2,11.85,13.0,15.1,37.35,11.17,13.8442,13.57,2024,9,0,1,0,0,0,0,1,0.16666666666666666,119.7357,104.0342,15.701499999999996,13.113465741629268,5.4
2024-S09,CRM Sales & Service,CRM Platform QA,No,Yes,Yes,No,No,No,Low,11.0,33.0,11.32,12.4,20.18,5.15,9.0,8.62,10.42,8.75,16.13,5.9,9.5,8.75,2024,9,0,1,1,0,0,0,2,0.3333333333333333,66.67,59.449999999999996,7.220000000000006,10.829458527073655,2.75
2024-S09,Billing & Payments,Billing & Payments QA,No,No,No,No,No,No,High,9.0,54.0,13.0,30.22,39.49,11.58,18.74,26.78,14.29,31.17,44.28,11.8,23.0,28.85,2024,9,0,0,0,0,0,0,0,0.0,139.81,153.39000000000001,-13.580000000000013,-9.713182175810037,5.4
2024-S09,Legacy Service Platform,Legacy Support QA,No,No,No,No,No,No,Medium,6.0,51.0,8.05,22.9,20.4359,8.5,14.0,10.0,7.71,24.0,23.37,8.35,16.8,11.51,2024,9,0,0,0,0,0,0,0,0.0,83.88589999999999,91.74000000000001,-7.854100000000017,-9.362836901076363,7.285714285714286
2024-S10,Enterprise Data Platform,Data Platform QA,No,Yes,Yes,No,No,No,Medium,8.0,108.0,10.0,45.16,45.45,16.07,39.62,28.47,9.9586,32.7,,18.7,36.2,28.1,2024,10,0,1,1,0,0,0,2,0.3333333333333333,184.77,,,,12.0
2024-S10,CRM Sales & Service,CRM Platform QA,No,Yes,Yes,No,No,No,Medium,5.0,76.0,7.14,33.06,40.9,12.12,28.89,16.33,6.32,26.85,34.1,10.21,32.2,13.02,2024,10,0,1,1,0,0,0,2,0.3333333333333333,138.44,122.70000000000002,15.73999999999998,11.369546373880368,12.666666666666666
2024-S10,Legacy Service Platform,Legacy Support QA,No,No,No,No,No,No,Medium,8.0,54.0,9.55,24.0,34.2167,8.39,11.44,7.15,9.67,25.0,36.75,8.55,18.0,7.7,2024,10,0,0,0,0,0,0,0,0.0,94.7467,105.67,-10.923299999999998,-11.528950348666495,6.0
2024-S10,ERP Operations,ERP Operations QA,No,No,No,No,No,No,Low,11.0,57.0,10.78,21.45,28.1,7.8,12.9607,17.0,11.5,23.7413,29.0,7.78,13.64,18.8,2024,10,0,0,0,0,0,0,0,0.0,98.0907,104.4613,-6.370599999999996,-6.494601425007668,4.75
2024-S10,Customer Web Portal,EIP-QA,No,Yes,No,No,Yes,No,Medium,11.0,87.0,,38.68,31.49,13.12,19.0,14.39,12.87,29.05,21.0,12.52,,16.62,2024,10,0,1,0,0,1,0,2,0.3333333333333333,,,,,7.25
2024-S10,API Integration Platform,API & Middleware QA,No,Yes,No,No,No,No,High,11.0,104.0,12.2,44.91,64.0,16.0,33.5,20.1,13.0,53.51,45.99,15.07,37.01,18.6784,2024,10,0,1,0,0,0,0,1,0.16666666666666666,190.71,183.2584,7.451600000000013,3.9072937968643555,8.666666666666666
2024-S11,API Integration Platform,API & Middleware QA,No,Yes,Yes,No,No,No,Medium,8.0,122.0,9.9399,51.53,55.7,17.93,23.9,21.0,9.76,36.84,51.64,21.58,23.73,17.58,2024,11,0,1,1,0,0,0,2,0.3333333333333333,179.99990000000003,161.13,18.86990000000003,10.483283601824239,13.555555555555555
2024-S11,Mobile Service App,Mobile & Web QE,No,Yes,Yes,No,Yes,No,Medium,8.0,88.0,9.23,39.05,43.7,13.25,32.69,21.56,9.0,41.0,35.72,13.9,33.71,23.481,2024,11,0,1,1,0,1,0,3,0.5,159.48000000000002,156.811,2.669000000000011,1.6735640832706362,9.777777777777779
2024-S11,Enterprise Data Platform,Data Platform QA,No,Yes,No,No,No,No,Medium,11.0,57.0,13.03,23.6,34.0,9.5,21.23,20.0,12.1,20.3,35.8,20.35,24.1,19.83,2024,11,0,1,0,0,0,0,1,0.16666666666666666,121.36,132.47999999999996,-11.119999999999962,-9.162821357943278,4.75
2024-S11,CRM Sales & Service,CRM Platform QA,No,Yes,Yes,No,No,No,Medium,6.0,46.0,7.0,20.75,22.53,7.79,17.7,10.54,14.39,18.05,23.3,7.3793,17.0,9.8,2024,11,0,1,1,0,0,0,2,0.3333333333333333,86.31,89.91929999999999,-3.6092999999999904,-4.181786583246426,6.571428571428571
2024-S12,API Integration Platform,API & Middleware QA,No,Yes,Yes,No,No,No,High,5.0,98.0,8.4,53.0,53.61,18.23,30.4,27.0,10.34,41.56,49.6,16.0,26.53,24.07,2024,12,0,1,1,0,0,0,2,0.3333333333333333,190.64,168.1,22.539999999999992,11.823331934536295,16.333333333333332
2024-S12,Enterprise Data Platform,Data Platform QA,No,Yes,Yes,No,No,No,Medium,2.0,43.0,3.8,18.62,25.9746,7.7478,17.95,8.94,3.62,14.42,27.0,7.688,20.0,8.0555,2024,12,0,1,1,0,0,0,2,0.3333333333333333,83.0324,80.7835,2.248899999999992,2.7084607936179035,14.333333333333334
2024-S12,Billing & Payments,Billing & Payments QA,No,No,No,No,No,No,Medium,7.0,33.0,9.25,14.55,15.88,5.97,15.3,11.62,8.9,14.311,17.09,5.43,16.0,11.7,2024,12,0,0,0,0,0,0,0,0.0,72.57000000000001,73.431,-0.86099999999999,-1.1864406779660879,4.125
2024-S12,Mobile Service App,Mobile & Web QE,No,Yes,Yes,No,No,No,High,7.0,64.0,10.53,35.47,40.37,12.09,15.2,13.0,9.4,24.4,39.7,11.9,15.0,16.0,2024,12,0,1,1,0,0,0,2,0.3333333333333333,126.66000000000001,116.4,10.260000000000005,8.100426338228331,8.0
2024-S12,CRM Sales & Service,CRM Platform QA,No,Yes,Yes,No,No,No,Medium,9.0,31.0,10.67,14.16,18.0,6.0,7.26,7.0,10.93,0.0,14.2,5.99,7.8,7.02,2024,12,0,1,1,0,0,0,2,0.3333333333333333,63.089999999999996,45.94,17.15,27.183388809637027,3.1
2024-S12,ERP Operations,ERP Operations QA,No,No,No,No,No,No,High,7.0,49.0,10.99,25.93,17.12,9.42,,14.66,10.51,26.02,16.0,9.97,14.7,13.4261,2024,12,0,0,0,0,0,0,0,0.0,,90.62610000000001,,,6.125
2024-S13,Legacy Service Platform,Legacy Support QA,No,No,No,No,No,No,Low,2.0,76.0,3.77,27.4,20.62,9.7,17.36,8.0,3.5,27.47,20.71,10.5413,27.65,7.7,2024,13,0,0,0,0,0,0,0,0.0,86.85,97.5713,-10.7213,-12.34461715601612,25.333333333333332
2024-S13,Customer Web Portal,EIP-QA,No,Yes,Yes,No,Yes,No,High,3.0,68.0,6.02,36.13,34.55,13.82,31.06,17.4,6.4,23.77,24.9,12.88,25.6,18.7,2024,13,0,1,1,0,1,0,3,0.5,138.98000000000002,112.25000000000001,26.730000000000004,19.23298316304504,17.0
2024-S13,ERP Operations,ERP Operations QA,No,No,No,No,No,No,Medium,11.0,53.0,12.21,22.58,38.57,8.68,12.02,16.36,12.0,23.45,37.64,9.45,14.82,17.32,2024,13,0,0,0,0,0,0,0,0.0,110.41999999999999,114.68,-4.260000000000019,-3.8579967397210826,4.416666666666667
2024-S13,CRM Sales & Service,CRM Platform QA,No,Yes,Yes,No,No,No,Low,6.0,66.0,6.76,16.0,23.151,6.34,12.07,8.4,7.4,9.73,18.35,7.59,10.65,9.52,2024,13,0,1,1,0,0,0,2,0.3333333333333333,72.721,63.24000000000001,9.480999999999995,13.037499484330514,9.428571428571429
2024-S14,Billing & Payments,Billing & Payments QA,No,No,No,No,No,No,Low,7.0,46.0,7.37,17.3,19.21,6.8,13.19,10.6303,7.88,20.54,18.51,7.29,12.79,10.8,2024,14,0,0,0,0,0,0,0,0.0,74.5003,77.80999999999999,-3.3096999999999923,-4.442532446178059,5.75
2024-S14,Legacy Service Platform,Legacy Support QA,No,No,No,No,No,No,Low,12.0,113.0,11.6,41.0,32.1,15.1,23.08,12.0,14.5,38.52,32.28,13.36,22.41,18.83,2024,14,0,0,0,0,0,0,0,0.0,134.88,139.9,-5.02000000000001,-3.7218268090154285,8.692307692307692
2024-S14,CRM Sales & Service,CRM Platform QA,No,Yes,Yes,No,No,No,Medium,15.0,56.0,16.26,25.09,23.47,9.5,15.61,11.98,17.14,21.51,22.753,9.0,14.7,11.49,2024,14,0,1,1,0,0,0,2,0.3333333333333333,101.91,96.593,5.316999999999993,5.217348640957701,3.5
2024-S15,API Integration Platform,API & Middleware QA,No,No,Yes,No,No,No,Low,13.0,92.0,11.89,32.81,42.7708,12.24,16.52,23.89,12.74,29.3,34.76,13.85,16.09,27.8,2024,15,0,0,1,0,0,0,1,0.16666666666666666,140.12079999999997,134.54,5.580799999999982,3.9828490845042155,6.571428571428571
2024-S15,Legacy Service Platform,Legacy Support QA,No,No,No,No,No,No,Medium,6.0,29.0,7.3,13.21,17.9228,5.04,7.39,7.04,6.861,12.12,17.29,6.34,7.18,8.3,2024,15,0,0,0,0,0,0,0,0.0,57.9028,58.09100000000001,-0.18820000000000903,-0.32502745981197634,4.142857142857143
2024-S15,Mobile Service App,Mobile & Web QE,No,Yes,Yes,No,Yes,No,Medium,14.0,66.0,17.17,35.99,35.2,13.54,37.5665,30.76,19.02,52.2046,25.02,14.56,32.64,32.55,2024,15,0,1,1,0,1,0,3,0.5,170.2265,175.9946,-5.768100000000004,-3.388485341589003,4.4
2024-S15,ERP Operations,ERP Operations QA,No,No,No,No,No,No,Medium,12.0,61.0,12.57,25.94,,9.32,13.24,17.6,12.1,23.52,38.6,11.03,14.3212,19.7,2024,15,0,0,0,0,0,0,0,0.0,,119.27120000000001,,,4.6923076923076925
2024-S15,Enterprise Data Platform,Data Platform QA,No,Yes,No,No,No,No,Medium,10.0,15.0,11.76,7.3,8.37,3.23,4.55,4.9,12.07,4.64,8.49,3.38,4.73,5.47,2024,15,0,1,0,0,0,0,1,0.16666666666666666,40.11,38.78,1.3299999999999983,3.3158813263525264,1.3636363636363635
2024-S15,Billing & Payments,Billing & Payments QA,No,Yes,No,No,No,No,High,16.0,66.0,20.1,36.8,53.47,12.65,29.6495,26.4,18.0,28.9453,57.72,12.3009,32.65,29.61,2024,15,0,1,0,0,0,0,1,0.16666666666666666,179.0695,179.2262,-0.15670000000000073,-0.0875079229014437,3.8823529411764706
2024-S15,Customer Web Portal,EIP-QA,No,Yes,No,No,Yes,No,Medium,10.0,13.0,11.0,6.13,9.79,2.8134,5.46,5.36,11.29,6.08,6.42,2.84,4.1,5.37,2024,15,0,1,0,0,1,0,2,0.3333333333333333,40.553399999999996,36.099999999999994,4.453400000000002,10.981569979335895,1.1818181818181819
2024-S16,CRM Sales & Service,CRM Platform QA,No,Yes,Yes,No,No,No,Medium,7.0,68.0,9.04,28.77,,10.9,20.29,14.47,11.02,22.2,19.1,21.44,23.1,12.7,2024,16,0,1,1,0,0,0,2,0.3333333333333333,,109.56000000000002,,,8.5
2024-S16,Enterprise Data Platform,Data Platform QA,No,Yes,No,No,No,No,Low,3.0,57.0,5.08,21.31,15.1,7.77,14.0,9.18,4.7,13.73,18.26,8.07,16.8,9.52,2024,16,0,1,0,0,0,0,1,0.16666666666666666,72.44,71.08,1.3599999999999994,1.8774157923799,14.25
2024-S16,API Integration Platform,API & Middleware QA,No,Yes,Yes,No,No,No,High,9.0,74.0,12.98,39.0,68.0,14.79,38.02,18.93,13.98,29.6902,53.91,13.96,46.15,20.4,2024,16,0,1,1,0,0,0,2,0.3333333333333333,191.72000000000003,178.0902,13.629800000000017,7.109221781765082,7.4
2024-S16,Billing & Payments,Billing & Payments QA,No,No,No,No,No,No,High,8.0,95.0,11.04,50.4,79.67,18.65,30.5,24.42,10.49,35.41,76.37,40.1,30.8455,27.65,2024,16,0,0,0,0,0,0,0,0.0,214.68,220.86550000000003,-6.185500000000019,-2.881265138811263,10.555555555555555
2024-S16,Customer Web Portal,EIP-QA,No,Yes,Yes,No,No,No,High,10.0,57.0,11.44,24.69,20.6,9.35,12.02,7.8,11.0,30.0,20.65,10.19,8.3,8.0,2024,16,0,1,1,0,0,0,2,0.3333333333333333,85.89999999999999,88.14,-2.240000000000009,-2.60768335273575,5.181818181818182
2024-S16,Mobile Service App,Mobile & Web QE,No,No,Yes,No,Yes,No,Medium,16.0,59.0,16.97,26.38,37.31,9.3,12.31,17.1,15.72,15.84,53.6897,9.8,10.02,17.33,2024,16,0,0,1,0,1,0,2,0.3333333333333333,119.37,122.3997,-3.029699999999991,-2.538074893189236,3.4705882352941178
2024-S16,Legacy Service Platform,Legacy Support QA,No,No,No,No,No,No,Medium,9.0,45.0,10.6,19.95,23.4647,7.77,9.66,14.13,11.9,21.55,26.58,7.44,9.81,27.32,2024,16,0,0,0,0,0,0,0,0.0,85.57469999999999,104.6,-19.0253,-22.232388778459057,4.5
2024-S17,Enterprise Data Platform,Data Platform QA,No,Yes,No,No,No,No,Medium,12.0,99.0,12.81,43.45,27.0,14.0,37.5,19.04,14.5861,36.89,24.97,17.0,42.5,19.7,2024,17,0,1,0,0,0,0,1,0.16666666666666666,153.79999999999998,155.6461,-1.846100000000007,-1.2003250975292634,7.615384615384615
2024-S17,CRM Sales & Service,CRM Platform QA,No,Yes,Yes,No,No,No,Medium,11.0,35.0,12.87,15.8,22.76,6.16,9.6,12.0,13.11,10.59,18.57,5.0,9.54,21.15,2024,17,0,1,1,0,0,0,2,0.3333333333333333,79.19,77.96,1.230000000000004,1.5532264174769592,2.9166666666666665
2024-S17,Legacy Service Platform,Legacy Support QA,No,No,No,No,No,No,High,16.0,27.0,19.8,14.89,10.71,5.89,13.15,6.11,21.0,16.3,10.98,6.11,14.3,4.39,2024,17,0,0,0,0,0,0,0,0.0,70.55,73.08,-2.530000000000001,-3.586109142452163,1.588235294117647
2024-S17,ERP Operations,ERP Operations QA,No,No,No,No,No,No,Medium,8.0,13.0,10.0,6.19,8.14,2.5,6.0,5.72,9.99,6.73,8.82,2.9,5.33,6.13,2024,17,0,0,0,0,0,0,0,0.0,38.55,39.9,-1.3500000000000014,-3.5019455252918332,1.4444444444444444
2024-S17,Mobile Service App,Mobile & Web QE,No,Yes,Yes,No,Yes,No,Medium,16.0,45.0,16.89,20.44,22.1,7.41,16.27,7.17,17.94,17.2,16.54,8.44,13.11,6.4,2024,17,0,1,1,0,1,0,3,0.5,90.28,79.63,10.650000000000006,11.796632698272049,2.6470588235294117
2024-S17,Customer Web Portal,EIP-QA,No,Yes,Yes,No,Yes,No,Medium,8.0,78.0,10.47,32.92,34.17,12.37,21.4,19.95,12.96,31.29,28.55,14.37,16.48,14.7,2024,17,0,1,1,0,1,0,3,0.5,131.28,118.35000000000001,12.929999999999993,9.84917733089579,8.666666666666666
2024-S18,CRM Sales & Service,CRM Platform QA,No,Yes,Yes,No,No,No,Low,12.0,67.0,14.2,28.42,33.97,10.07,24.0,15.16,14.98,24.22,29.3,10.17,24.9,15.75,2024,18,0,1,1,0,0,0,2,0.3333333333333333,125.82,119.32,6.5,5.166110316324909,5.153846153846154
2024-S18,Billing & Payments,Billing & Payments QA,No,Yes,No,No,No,No,Medium,22.0,46.0,21.49,19.5913,21.95,7.85,19.29,16.96,21.96,24.0,22.92,7.73,20.91,15.73,2024,18,0,1,0,0,0,0,1,0.16666666666666666,107.13130000000001,113.25,-6.11869999999999,-5.711402736641849,2.0
2024-S18,Customer Web Portal,EIP-QA,No,Yes,Yes,No,Yes,No,Medium,13.0,87.0,14.0,37.82,39.1664,12.7,25.4,25.1869,17.08,35.44,28.1,13.6,17.8,26.8,2024,18,0,1,1,0,1,0,3,0.5,154.2733,138.82,15.453300000000013,10.016833761901776,6.214285714285714
2024-S18,API Integration Platform,API & Middleware QA,No,Yes,Yes,No,No,No,Medium,7.0,58.0,8.8,24.55,19.9,9.5,21.17,12.7,9.21,20.64,21.0,10.45,23.73,13.0,2024,18,0,1,1,0,0,0,2,0.3333333333333333,96.62,98.03,-1.4099999999999966,-1.4593251914717413,7.25
2024-S18,Legacy Service Platform,Legacy Support QA,No,No,No,No,No,No,Medium,6.0,55.0,8.04,23.89,32.74,9.09,15.94,17.5,8.82,22.58,31.61,8.19,18.27,21.0,2024,18,0,0,0,0,0,0,0,0.0,107.2,110.47,-3.269999999999996,-3.050373134328354,7.857142857142857
2024-S18,Mobile Service App,Mobile & Web QE,No,Yes,Yes,No,Yes,No,Medium,9.0,106.0,10.4,46.25,73.0,16.6261,31.4,23.06,12.52,36.29,44.16,17.47,23.17,24.0,2024,18,0,1,1,0,1,0,3,0.5,200.73610000000002,157.61,43.12610000000001,21.483978218168033,10.6
2024-S19,Customer Web Portal,EIP-QA,No,Yes,Yes,No,No,No,Medium,12.0,39.0,12.74,17.0,16.22,6.3,13.33,11.04,12.0,13.0,12.2,6.99,14.63,12.52,2024,19,0,1,1,0,0,0,2,0.3333333333333333,76.63,71.34,5.289999999999992,6.903301579016041,3.0
2024-S19,Mobile Service App,Mobile & Web QE,No,Yes,Yes,No,Yes,No,Medium,13.0,69.0,13.78,29.6216,21.34,11.28,20.68,22.0,12.0,19.01,12.97,11.7,19.43,21.74,2024,19,0,1,1,0,1,0,3,0.5,118.70160000000001,96.85000000000001,21.851600000000005,18.408850428300884,4.928571428571429
2024-S19,Billing & Payments,Billing & Payments QA,No,Yes,Yes,No,No,No,Medium,5.0,64.0,6.39,22.83,44.89,9.02,21.2,17.39,7.0,20.6,32.87,9.9828,24.8,19.5,2024,19,0,1,1,0,0,0,2,0.3333333333333333,121.72,114.7528,6.967200000000005,5.723956621754852,10.666666666666666
2024-S19,API Integration Platform,API & Middleware QA,No,Yes,Yes,No,No,No,Medium,8.0,57.0,9.86,25.2,32.44,9.22,22.4,9.5,10.56,15.75,27.0,9.27,22.8563,9.77,2024,19,0,1,1,0,0,0,2,0.3333333333333333,108.62,95.2063,13.413700000000006,12.349199042533607,6.333333333333333
2024-S19,CRM Sales & Service,CRM Platform QA,No,Yes,No,Yes,No,No,Medium,11.0,76.0,12.0,33.6,45.55,11.4,20.82,13.91,13.9,26.53,67.8505,10.7713,21.0,10.15,2024,19,0,1,0,1,0,0,2,0.3333333333333333,137.28,150.2018,-12.92179999999999,-9.412733100233094,6.333333333333333
2024-S20,Enterprise Data Platform,Data Platform QA,No,Yes,No,No,No,No,Medium,12.0,77.0,14.0,32.4,25.7,11.59,14.26,11.39,13.12,19.63,37.42,7.2,17.5,13.49,2024,20,0,1,0,0,0,0,1,0.16666666666666666,109.34,108.36,0.980000000000004,0.8962868117797732,5.923076923076923
2024-S20,Billing & Payments,Billing & Payments QA,No,Yes,No,No,No,No,Medium,8.0,101.0,9.42,44.87,37.23,15.26,24.9,19.66,7.93,34.42,35.9,14.5277,20.6,21.46,2024,20,0,1,0,0,0,0,1,0.16666666666666666,151.34,134.8377,16.50229999999999,10.904123166380328,11.222222222222221
2024-S20,API Integration Platform,API & Middleware QA,No,Yes,Yes,No,No,No,High,14.0,39.0,17.8,22.25,26.66,7.95,18.0,8.4,18.5631,20.46,20.13,7.95,18.64,7.27,2024,20,0,1,1,0,0,0,2,0.3333333333333333,101.06,93.0131,8.046900000000008,7.962497526222053,2.6
2024-S20,API Integration Platform,API & Middleware QA,No,Yes,Yes,No,No,No,High,14.0,39.0,17.8,22.25,26.66,7.95,18.0,8.4,18.5631,20.46,20.13,7.96,18.64,7.27,2024,20,0,1,1,0,0,0,2,0.3333333333333333,101.06,93.02309999999999,8.036900000000017,7.952602414407299,2.6
2024-S20,Mobile Service App,Mobile & Web QE,No,Yes,No,Yes,Yes,No,Medium,10.0,60.0,11.52,25.28,38.96,10.1907,15.54,19.04,12.3,18.61,38.63,9.7,8.8,19.0,2024,20,0,1,0,1,1,0,3,0.5,120.53069999999997,107.04,13.490699999999961,11.192750062847031,5.454545454545454
2024-S20,CRM Sales & Service,CRM Platform QA,No,Yes,Yes,No,Yes,No,Low,7.0,107.0,9.6,58.0,69.1,18.73,22.0,31.4,10.44,33.13,86.33,19.99,13.57,34.65,2024,20,0,1,1,0,1,0,3,0.5,208.82999999999998,198.11,10.71999999999997,5.133362064837414,13.375
2024-S20,Customer Web Portal,EIP-QA,No,Yes,No,No,Yes,No,Low,12.0,68.0,11.4,24.91,34.3,9.09,14.28,15.74,12.8,20.36,31.33,9.37,11.4,17.15,2024,20,0,1,0,0,1,0,2,0.3333333333333333,109.72,102.41,7.310000000000002,6.6624134159679205,5.230769230769231
2024-S20,ERP Operations,ERP Operations QA,No,No,No,No,No,No,Medium,8.0,75.0,9.72,30.9558,32.31,12.0,29.0,28.39,11.11,30.9,30.69,12.45,30.8,28.18,2024,20,0,0,0,0,0,0,0,0.0,142.37580000000003,144.13,-1.754199999999969,-1.2320914087927644,8.333333333333334
2025-S01,API Integration Platform,API & Middleware QA,No,Yes,Yes,No,No,No,High,8.0,101.0,11.4,52.39,73.84,19.34,45.32,21.5,22.08,,97.22,19.4,48.0,22.33,2025,1,0,1,1,0,0,0,2,0.3333333333333333,223.79,,,,11.222222222222221
2025-S01,Billing & Payments,Billing & Payments QA,No,Yes,No,No,No,No,High,14.0,98.0,17.55,52.53,47.0,18.2,25.9,26.8,17.86,41.53,49.3784,26.4,26.0,28.44,2025,1,0,1,0,0,0,0,1,0.16666666666666666,187.98000000000002,189.6084,-1.6283999999999708,-0.8662623683370415,6.533333333333333
2025-S01,Customer Web Portal,EIP-QA,No,Yes,Yes,No,Yes,No,High,14.0,60.0,18.69,31.53,45.82,11.17,18.6,14.37,19.0,22.34,31.17,12.2,10.97,12.87,2025,1,0,1,1,0,1,0,3,0.5,140.18,108.55000000000001,31.629999999999995,22.56384648309316,4.0
2025-S01,Mobile Service App,Mobile & Web QE,Yes,Yes,Yes,No,Yes,No,Medium,13.0,94.0,14.48,41.16,39.0,14.34,25.73,19.19,14.17,35.2,29.87,14.1,22.9,18.95,2025,1,1,1,1,0,1,0,4,0.6666666666666666,153.9,135.19,18.710000000000008,12.157244964262514,6.714285714285714
2025-S01,CRM Sales & Service,CRM Platform QA,No,Yes,Yes,No,Yes,No,Medium,11.0,67.0,12.03,29.85,,10.0,20.76,14.16,13.53,20.68,21.5,11.2,15.0,15.33,2025,1,0,1,1,0,1,0,3,0.5,,97.24,,,5.583333333333333
2025-S02,ERP Operations,ERP Operations QA,No,No,No,No,No,No,High,8.0,74.0,12.53,40.65,66.84,14.35,38.7,28.0,25.31,40.11,70.0,15.15,46.89,33.47,2025,2,0,0,0,0,0,0,0,0.0,201.07,230.93000000000004,-29.860000000000042,-14.850549559854798,8.222222222222221
2025-S02,Legacy Service Platform,Legacy Support QA,No,No,No,No,No,No,High,9.0,60.0,13.0,32.98,39.13,11.71,28.18,19.1,12.6,30.63,37.9,14.23,28.0,17.88,2025,2,0,0,0,0,0,0,0,0.0,144.1,141.24,2.859999999999985,1.984732824427471,6.0
2025-S02,Billing & Payments,Billing & Payments QA,No,Yes,No,No,No,No,High,16.0,103.0,20.5,52.97,87.22,19.7,51.36,17.9,17.53,44.39,97.11,17.42,63.21,14.2,2025,2,0,1,0,0,0,0,1,0.16666666666666666,249.65,253.85999999999999,-4.2099999999999795,-1.6863609052673663,6.0588235294117645
2025-S02,Customer Web Portal,EIP-QA,No,Yes,Yes,Yes,No,Yes,Medium,12.0,66.0,13.0,28.01,39.23,10.77,15.6,16.97,14.0,25.71,38.48,12.67,15.8,13.12,2025,2,0,1,1,1,0,1,4,0.6666666666666666,123.58,119.78,3.799999999999997,3.074931218643791,5.076923076923077
2025-S02,API Integration Platform,API & Middleware QA,No,Yes,Yes,No,Yes,No,Medium,17.0,71.0,17.1,29.84,36.19,11.0,21.32,11.85,17.3,23.8,39.78,11.4,18.8,13.0,2025,2,0,1,1,0,1,0,3,0.5,127.29999999999998,124.08,3.2199999999999847,2.529457973291426,3.9444444444444446
2025-S02,Mobile Service App,Mobile & Web QE,No,Yes,Yes,No,Yes,No,Medium,11.0,57.0,13.01,24.3042,36.6,9.07,14.83,16.1,13.47,17.9,27.0,9.2638,12.61,18.2125,2025,2,0,1,1,0,1,0,3,0.5,113.9142,98.4563,15.457899999999995,13.569774444274724,4.75
2025-S02,CRM Sales & Service,CRM Platform QA,No,Yes,Yes,Yes,Yes,No,Medium,13.0,62.0,12.62,22.28,34.9,8.5,11.8,8.5,12.74,17.2,28.42,9.15,9.83,8.24,2025,2,0,1,1,1,1,0,4,0.6666666666666666,98.6,85.58,13.019999999999996,13.204868154158211,4.428571428571429
2025-S03,Billing & Payments,Billing & Payments QA,No,Yes,No,No,No,No,Medium,13.0,99.0,14.03,43.51,45.75,14.32,36.2,15.16,12.6,33.0,51.42,16.38,36.69,16.0,2025,3,0,1,0,0,0,0,1,0.16666666666666666,168.97,166.09,2.8799999999999955,1.704444575960227,7.071428571428571
2025-S03,Customer Web Portal,EIP-QA,No,Yes,Yes,No,Yes,Yes,High,5.0,35.0,7.99,19.75,26.6,6.9427,13.44,10.0,7.57,,21.95,6.99,11.11,8.33,2025,3,0,1,1,0,1,1,4,0.6666666666666666,84.7227,,,,5.833333333333333
2025-S03,CRM Sales & Service,CRM Platform QA,No,Yes,Yes,No,Yes,No,High,8.0,79.0,,33.0,34.0,12.07,31.7,18.8148,9.65,43.0,27.64,12.02,22.0,18.88,2025,3,0,1,1,0,1,0,3,0.5,,133.19,,,8.777777777777779
2025-S03,ERP Operations,ERP Operations QA,No,No,No,No,No,No,High,8.0,80.0,11.09,44.26,63.9,15.3,28.33,28.0,13.12,46.2,65.04,17.28,33.21,29.61,2025,3,0,0,0,0,0,0,0,0.0,190.88,204.46000000000004,-13.580000000000041,-7.114417435037741,8.88888888888889
2025-S03,API Integration Platform,API & Middleware QA,No,Yes,Yes,No,Yes,Yes,Low,11.0,115.0,12.5388,49.98,57.27,18.0,32.0,29.18,12.05,31.53,47.57,17.26,21.3,45.9,2025,3,0,1,1,0,1,1,4,0.6666666666666666,198.96880000000002,175.61,23.358800000000002,11.739931084672573,9.583333333333334
2025-S04,ERP Operations,ERP Operations QA,No,No,No,No,No,No,Medium,9.0,52.0,13.0,28.42,43.72,10.98,17.3,17.1,13.69,28.0,45.24,11.04,15.52,17.0,2025,4,0,0,0,0,0,0,0,0.0,130.52,130.49,0.030000000000001137,0.022984983144346563,5.2
2025-S04,CRM Sales & Service,CRM Platform QA,No,Yes,No,No,Yes,No,Medium,4.0,90.0,5.7,39.0,36.7,13.28,27.82,23.0,5.68,32.1,36.11,12.994,19.08,26.16,2025,4,0,1,0,0,1,0,2,0.3333333333333333,145.5,132.124,13.376000000000005,9.193127147766326,18.0
2025-S04,Billing & Payments,Billing & Payments QA,No,Yes,No,No,No,No,High,19.0,92.0,22.36,49.01,57.1,18.09,25.06,22.47,20.59,37.39,49.0,17.0,23.18,19.82,2025,4,0,1,0,0,0,0,1,0.16666666666666666,194.09,166.98,27.110000000000014,13.967746921531255,4.6
2025-S04,API Integration Platform,API & Middleware QA,No,Yes,Yes,No,Yes,No,Medium,7.0,87.0,8.3,38.4,34.95,13.3,32.41,28.26,9.17,24.85,29.29,15.04,25.18,26.34,2025,4,0,1,1,0,1,0,3,0.5,155.62,129.87,25.75,16.54671636036499,10.875
2025-S04,Mobile Service App,Mobile & Web QE,No,Yes,Yes,No,Yes,Yes,Medium,17.0,69.0,17.0,28.83,30.55,10.8613,29.07,14.4,19.47,25.35,27.12,10.95,18.1,12.27,2025,4,0,1,1,0,1,1,4,0.6666666666666666,130.7113,113.26,17.45129999999999,13.351026269343194,3.8333333333333335
2025-S05,CRM Sales & Service,CRM Platform QA,No,No,Yes,No,Yes,No,Medium,14.0,70.0,15.2,30.4548,51.95,11.2,30.77,24.39,13.7105,20.67,38.23,10.53,25.6291,0.0,2025,5,0,0,1,0,1,0,2,0.3333333333333333,163.96480000000003,108.7696,55.19520000000003,33.66283494994048,4.666666666666667
2025-S05,Legacy Service Platform,Legacy Support QA,No,No,No,No,No,No,Low,7.0,14.0,8.0,6.3,8.2,2.8,6.43,4.1,9.7,6.4283,9.07,3.67,6.0,4.82,2025,5,0,0,0,0,0,0,0,0.0,35.83,39.6883,-3.8583,-10.768350544236673,1.75
2025-S05,Mobile Service App,Mobile & Web QE,No,Yes,Yes,No,Yes,Yes,Medium,6.0,103.0,8.11,42.75,46.93,15.9,31.5,14.4867,8.16,32.47,52.73,14.74,29.0,8.88,2025,5,0,1,1,0,1,1,4,0.6666666666666666,159.6767,145.97999999999996,13.69670000000005,8.57776995641822,14.714285714285714
2025-S05,ERP Operations,ERP Operations QA,No,No,No,No,No,No,Medium,7.0,68.0,8.47,30.53,42.38,10.45,16.29,8.3912,8.8,27.47,51.0,12.01,15.4,7.87,2025,5,0,0,0,0,0,0,0,0.0,116.5112,122.55000000000001,-6.038800000000009,-5.183021031454495,8.5
2025-S05,Enterprise Data Platform,Data Platform QA,No,No,Yes,No,No,No,Low,8.0,25.0,8.67,9.64,12.44,4.14,6.04,4.3,9.75,7.54,8.55,4.15,7.27,4.5757,2025,5,0,0,1,0,0,0,1,0.16666666666666666,45.23,41.8357,3.394299999999994,7.50453239000662,2.7777777777777777
2025-S05,Billing & Payments,Billing & Payments QA,No,Yes,Yes,No,No,Yes,Medium,8.0,34.0,8.62,15.21,23.07,5.89,14.1516,6.3,10.8959,11.79,24.201,5.15,14.68,6.36,2025,5,0,1,1,0,0,1,3,0.5,73.24159999999999,73.0769,0.1646999999999963,0.22487220377489883,3.7777777777777777
2025-S05,API Integration Platform,API & Middleware QA,No,Yes,Yes,No,Yes,No,Medium,13.0,78.0,15.07,33.85,42.7,12.0,16.0,12.49,17.5461,24.8986,30.99,11.86,15.94,12.08,2025,5,0,1,1,0,1,0,3,0.5,132.11,113.31469999999999,18.795300000000026,14.227007796533211,5.571428571428571
2025-S06,Mobile Service App,Mobile & Web QE,No,Yes,Yes,No,Yes,No,High,13.0,56.0,16.46,30.82,41.97,10.97,31.0,16.3,11.9,28.59,36.1497,12.1,40.6,14.26,2025,6,0,1,1,0,1,0,3,0.5,147.52,143.59969999999998,3.920300000000026,2.657470173535809,4.0
2025-S06,Mobile Service App,Mobile & Web QE,No,Yes,Yes,No,Yes,No,High,13.0,56.0,16.46,30.82,41.97,10.97,31.0,16.3,11.9,29.3,36.1497,12.1,40.6,14.26,2025,6,0,1,1,0,1,0,3,0.5,147.52,144.3097,3.210300000000018,2.1761795010846106,4.0
2025-S06,CRM Sales & Service,CRM Platform QA,No,Yes,Yes,No,Yes,No,High,7.0,28.0,9.93,16.07,20.28,6.0,10.27,11.62,10.7,12.74,21.27,5.93,7.79,11.33,2025,6,0,1,1,0,1,0,3,0.5,74.17,69.75999999999999,4.410000000000011,5.945800188755576,3.5
2025-S06,Billing & Payments,Billing & Payments QA,No,Yes,Yes,No,No,No,Medium,14.0,143.0,17.0,74.8592,72.88,26.4,55.64,35.05,19.26,58.79,50.0,23.8,59.0,35.7,2025,6,0,1,1,0,0,0,2,0.3333333333333333,281.8292,246.55,35.2792,12.517936395518989,9.533333333333333
2025-S06,Customer Web Portal,EIP-QA,No,Yes,Yes,No,No,Yes,Low,11.0,44.0,10.25,16.4719,27.8,6.4,16.0,9.39,11.61,21.0,17.91,7.72,16.1063,8.64,2025,6,0,1,1,0,0,1,3,0.5,86.3119,82.9863,3.3255999999999943,3.8530028883618535,3.6666666666666665
2025-S06,ERP Operations,ERP Operations QA,No,No,No,No,No,No,Medium,12.0,126.0,12.68,52.6,35.86,17.92,36.9,34.45,14.91,58.0,30.27,19.0,35.7657,37.23,2025,6,0,0,0,0,0,0,0,0.0,190.41000000000003,195.17569999999998,-4.765699999999953,-2.5028622446299837,9.692307692307692
2025-S06,API Integration Platform,API & Middleware QA,No,Yes,No,No,Yes,No,Low,10.0,36.0,11.1,15.84,28.5,6.2,10.5,13.9514,10.48,13.55,33.1521,6.09,7.2,15.7,2025,6,0,1,0,0,1,0,2,0.3333333333333333,86.0914,86.1721,-0.08070000000000732,-0.09373758586805107,3.272727272727273
2025-S07,CRM Sales & Service,CRM Platform QA,No,Yes,Yes,No,Yes,No,High,13.0,191.0,15.67,98.28,61.5,33.63,62.8315,50.19,16.48,81.36,49.33,36.77,44.37,47.0,2025,7,0,1,1,0,1,0,3,0.5,322.1015,275.31000000000006,46.79149999999993,14.526942594182247,13.642857142857142
2025-S07,Mobile Service App,Mobile & Web QE,No,Yes,Yes,No,Yes,Yes,Medium,13.0,84.0,13.59,36.65,49.98,13.4,27.8,20.8,15.31,30.7,39.9,12.21,21.6,18.2,2025,7,0,1,1,0,1,1,4,0.6666666666666666,162.22000000000003,137.92,24.30000000000004,14.979657255578866,6.0
2025-S07,Billing & Payments,Billing & Payments QA,No,Yes,Yes,No,No,No,Medium,10.0,82.0,11.51,35.97,58.6,13.63,25.56,31.33,12.94,28.3,,13.23,22.62,33.92,2025,7,0,1,1,0,0,0,2,0.3333333333333333,176.59999999999997,,,,7.454545454545454
2025-S07,ERP Operations,ERP Operations QA,No,No,No,No,No,No,Medium,10.0,46.0,11.04,20.63,25.38,7.38,16.8992,7.97,10.01,21.1,25.84,7.5,14.4,8.04,2025,7,0,0,0,0,0,0,0,0.0,89.29919999999998,86.89000000000001,2.40919999999997,2.6978965097111405,4.181818181818182
2025-S07,API Integration Platform,API & Middleware QA,No,Yes,Yes,No,No,No,High,7.0,70.0,8.56,29.48,28.3,11.8029,17.15,28.1361,7.42,21.36,23.37,12.72,16.5,26.8,2025,7,0,1,1,0,0,0,2,0.3333333333333333,123.429,108.17,15.259,12.362572815140688,8.75
2025-S07,Customer Web Portal,EIP-QA,No,Yes,Yes,No,Yes,Yes,High,10.0,126.0,12.47,64.6,67.56,24.5,32.44,22.0,10.74,56.66,53.71,26.06,26.72,16.76,2025,7,0,1,1,0,1,1,4,0.6666666666666666,223.57,190.64999999999998,32.920000000000016,14.724694726483884,11.454545454545455
2025-S07,Enterprise Data Platform,Data Platform QA,No,Yes,Yes,No,No,No,Medium,7.0,92.0,9.81,50.17,40.38,17.05,37.42,22.5,11.0,36.5,33.26,18.36,31.91,14.46,2025,7,0,1,1,0,0,0,2,0.3333333333333333,177.33,145.49,31.840000000000003,17.955224722269218,11.5
2025-S08,Billing & Payments,Billing & Payments QA,No,Yes,Yes,No,No,No,Medium,9.0,114.0,10.04,50.1225,47.24,17.19,22.56,27.0,9.42,33.36,42.58,14.5495,24.7,31.2,2025,8,0,1,1,0,0,0,2,0.3333333333333333,174.1525,155.80949999999999,18.343000000000018,10.53272275735348,11.4
2025-S08,Enterprise Data Platform,Data Platform QA,No,Yes,Yes,No,No,No,Medium,6.0,65.0,7.18,27.28,26.51,10.2,18.0,9.0,6.54,22.05,24.28,9.85,19.43,9.7,2025,8,0,1,1,0,0,0,2,0.3333333333333333,98.17,91.85000000000001,6.319999999999993,6.437811958846891,9.285714285714286
2025-S08,API Integration Platform,API & Middleware QA,No,Yes,Yes,No,Yes,No,Medium,12.0,86.0,12.0,36.64,24.2,12.6688,18.18,17.4,11.73,30.6,20.25,20.43,21.2,24.51,2025,8,0,1,1,0,1,0,3,0.5,121.08880000000002,128.72,-7.6311999999999784,-6.302151809250713,6.615384615384615
2025-S08,Customer Web Portal,EIP-QA,No,Yes,No,No,Yes,Yes,Medium,8.0,60.0,8.67,25.98,24.2,9.34,21.83,15.1,8.47,19.58,17.3,10.0,16.1256,13.2,2025,8,0,1,0,0,1,1,3,0.5,105.11999999999999,84.67559999999999,20.4444,19.448630136986306,6.666666666666667
2025-S08,Mobile Service App,Mobile & Web QE,No,Yes,Yes,Yes,Yes,Yes,Medium,10.0,77.0,7.8236,32.16,26.68,12.1,24.74,19.8,7.73,20.61,31.0,14.3,19.11,15.9,2025,8,0,1,1,1,1,1,5,0.8333333333333334,123.30359999999999,108.65,14.653599999999983,11.88416234400292,7.0
2025-S08,ERP Operations,ERP Operations QA,No,No,No,No,No,No,Medium,4.0,39.0,5.75,16.88,24.9,6.6996,8.8,12.74,5.47,16.02,34.66,5.7,7.98,12.78,2025,8,0,0,0,0,0,0,0,0.0,75.7696,82.61,-6.8404000000000025,-9.027895092490922,7.8
2025-S09,ERP Operations,ERP Operations QA,No,No,No,No,No,No,Medium,11.0,119.0,12.47,51.5,28.97,17.84,41.05,24.0,11.14,52.2,26.93,25.98,38.24,23.72,2025,9,0,0,0,0,0,0,0,0.0,175.82999999999998,178.21,-2.380000000000024,-1.3535801626571258,9.916666666666666
2025-S09,Mobile Service App,Mobile & Web QE,No,Yes,Yes,No,Yes,Yes,High,14.0,135.0,18.05,71.31,52.4,25.11,54.6,35.3,17.72,49.96,33.69,25.0,38.0,30.32,2025,9,0,1,1,0,1,1,4,0.6666666666666666,256.77,194.69,62.079999999999984,24.177279277174122,9.0
2025-S09,Billing & Payments,Billing & Payments QA,No,Yes,Yes,No,No,No,Medium,14.0,53.0,15.0,23.08,17.46,8.4,11.95,11.85,14.0,17.4,16.48,16.45,13.7698,11.87,2025,9,0,1,1,0,0,0,2,0.3333333333333333,87.74,89.9698,-2.2298000000000116,-2.5413722361522817,3.533333333333333
2025-S09,API Integration Platform,API & Middleware QA,No,Yes,Yes,No,Yes,No,Medium,13.0,77.0,14.13,33.76,44.3697,13.2,32.98,27.36,20.63,21.13,35.38,11.2356,23.41,27.7094,2025,9,0,1,1,0,1,0,3,0.5,165.79970000000003,139.495,26.304700000000025,15.86534836914664,5.5
2025-S09,ERP Operations,ERP Operations QA,No,No,No,No,No,No,Medium,11.0,119.0,12.47,51.5,28.97,17.84,41.05,24.0,11.14,52.2,26.93,25.98,38.69,23.72,2025,9,0,0,0,0,0,0,0,0.0,175.82999999999998,178.66,-2.8300000000000125,-1.6095091850082537,9.916666666666666
2025-S09,Enterprise Data Platform,Data Platform QA,No,Yes,Yes,No,No,No,Medium,12.0,138.0,12.82,60.3,35.4,20.205,41.32,15.25,13.94,55.45,26.93,21.9083,45.11,14.48,2025,9,0,1,1,0,0,0,2,0.3333333333333333,185.29500000000002,177.8183,7.476700000000022,4.035025230038599,10.615384615384615
2025-S09,Customer Web Portal,EIP-QA,No,Yes,Yes,No,Yes,Yes,Medium,7.0,91.0,7.3,33.47,26.46,11.7,20.9,17.8,6.81,23.0,22.82,13.1,13.97,12.26,2025,9,0,1,1,0,1,1,4,0.6666666666666666,117.62999999999998,91.96,25.669999999999987,21.82266428632151,11.375
2025-S10,Enterprise Data Platform,Data Platform QA,No,No,No,No,No,No,Medium,11.0,62.0,12.81,26.77,24.45,10.22,25.64,15.14,14.05,21.0,24.37,10.57,32.0,15.0,2025,10,0,0,0,0,0,0,0,0.0,115.03,116.99000000000001,-1.960000000000008,-1.703903329566207,5.166666666666667
2025-S10,ERP Operations,ERP Operations QA,No,No,No,No,No,No,High,15.0,77.0,19.2,42.71,34.0,15.0,19.45,24.22,20.75,30.0,31.09,17.0,21.85,21.8,2025,10,0,0,0,0,0,0,0,0.0,154.57999999999998,142.49,12.089999999999975,7.821192909820142,4.8125
2025-S10,Billing & Payments,Billing & Payments QA,No,Yes,Yes,No,No,No,Medium,7.0,100.0,8.31,43.47,34.7,14.67,20.21,17.0,8.62,35.53,27.0,15.37,17.88,16.54,2025,10,0,1,1,0,0,0,2,0.3333333333333333,138.36,120.94,17.420000000000016,12.590344030066502,12.5
2025-S10,API Integration Platform,API & Middleware QA,No,Yes,Yes,No,Yes,No,Low,10.0,49.0,14.0,26.0,35.8,9.44,19.08,10.7199,22.59,19.24,30.0,9.56,18.65,11.03,2025,10,0,1,1,0,1,0,3,0.5,115.03989999999999,111.07,3.9698999999999955,3.450889647852611,4.454545454545454
2025-S10,CRM Sales & Service,CRM Platform QA,No,Yes,Yes,No,Yes,No,Medium,9.0,59.0,11.6,25.0,34.52,9.48,21.5,10.49,11.57,15.55,22.8031,11.67,20.0,11.8,2025,10,0,1,1,0,1,0,3,0.5,112.59,93.3931,19.1969,17.050270894395595,5.9
2025-S10,Mobile Service App,Mobile & Web QE,No,Yes,No,No,Yes,Yes,Low,10.0,80.0,9.17,28.27,34.71,10.34,18.4,11.7,9.76,21.7,29.1,9.8,10.41,8.48,2025,10,0,1,0,0,1,1,3,0.5,112.59000000000002,89.25,23.340000000000018,20.73008260058621,7.2727272727272725
2025-S10,Customer Web Portal,EIP-QA,No,Yes,Yes,No,No,Yes,Medium,10.0,80.0,10.53,35.21,44.9765,12.51,29.6,12.18,10.63,21.71,29.92,15.08,28.561,11.0,2025,10,0,1,1,0,0,1,3,0.5,145.00650000000002,116.90100000000001,28.105500000000006,19.38223458948392,7.2727272727272725
2025-S11,API Integration Platform,API & Middleware QA,No,Yes,Yes,No,Yes,No,Medium,7.0,80.0,8.5965,35.57,33.73,11.9,19.72,20.37,8.42,31.98,20.7,14.97,11.5,20.0,2025,11,0,1,1,0,1,0,3,0.5,129.8865,107.57,22.31650000000002,17.18153926697541,10.0
2025-S11,Mobile Service App,Mobile & Web QE,No,Yes,Yes,No,Yes,Yes,Medium,10.0,60.0,11.0,26.57,16.9,9.24,16.13,8.08,9.92,17.25,14.81,9.2,12.2954,,2025,11,0,1,1,0,1,1,4,0.6666666666666666,87.92,,,,5.454545454545454
2025-S11,Customer Web Portal,EIP-QA,No,No,Yes,No,Yes,Yes,Medium,13.0,53.0,11.67,19.46,19.8,7.61,19.61,11.64,10.78,12.0,13.71,8.0,13.59,10.37,2025,11,0,0,1,0,1,1,3,0.5,89.79,68.45,21.340000000000003,23.766566432787616,3.7857142857142856
2025-S11,ERP Operations,ERP Operations QA,No,No,No,No,No,No,Medium,7.0,54.0,9.87,22.66,42.87,9.45,20.57,9.97,8.6,24.0,48.27,9.3361,21.11,10.55,2025,11,0,0,0,0,0,0,0,0.0,115.39000000000001,121.8661,-6.476099999999988,-5.612358089955792,6.75
2025-S11,Billing & Payments,Billing & Payments QA,No,Yes,Yes,No,No,No,Medium,13.0,53.0,13.75,22.5,26.92,8.45,15.0,12.99,13.14,18.2,19.3,7.95,14.75,13.29,2025,11,0,1,1,0,0,0,2,0.3333333333333333,99.61,86.63,12.980000000000004,13.030820198775228,3.7857142857142856
2025-S11,CRM Sales & Service,CRM Platform QA,No,Yes,Yes,No,Yes,No,High,10.0,92.0,13.0,47.93,46.54,,31.9,35.24,15.61,37.15,39.75,30.2,21.99,36.39,2025,11,0,1,1,0,1,0,3,0.5,,181.08999999999997,,,8.363636363636363
2025-S12,Mobile Service App,Mobile & Web QE,No,Yes,Yes,No,Yes,Yes,High,12.0,58.0,16.0,32.13,23.09,11.54,20.45,13.48,13.9,25.72,17.52,12.41,14.8,9.0,2025,12,0,1,1,0,1,1,4,0.6666666666666666,116.69,93.35,23.340000000000003,20.001713942925704,4.461538461538462
2025-S12,Enterprise Data Platform,Data Platform QA,No,Yes,Yes,No,No,No,Low,12.0,43.0,11.14,15.79,22.04,6.073,15.98,7.62,11.423,11.6645,16.6,5.93,17.89,6.78,2025,12,0,1,1,0,0,0,2,0.3333333333333333,78.643,70.2875,8.355500000000006,10.624594687384773,3.3076923076923075
2025-S12,CRM Sales & Service,CRM Platform QA,No,Yes,Yes,No,No,No,Low,9.0,49.0,9.0329,17.38,26.1,7.02,17.7,9.96,8.78,11.74,18.34,7.65,16.94,10.45,2025,12,0,1,1,0,0,0,2,0.3333333333333333,87.19290000000001,73.9,13.292900000000003,15.245392686789867,4.9
2025-S12,ERP Operations,ERP Operations QA,No,No,No,No,No,No,Medium,8.0,67.0,10.36,29.49,31.68,10.93,15.6,12.6431,11.015,42.8211,32.87,13.67,17.76,12.89,2025,12,0,0,0,0,0,0,0,0.0,110.7031,131.02609999999999,-20.32299999999998,-18.358112826108734,7.444444444444445
2025-S12,Billing & Payments,Billing & Payments QA,No,Yes,Yes,No,No,No,Medium,10.0,129.0,11.65,57.2,67.91,18.0,41.08,20.44,10.58,,98.62,18.47,40.06,18.16,2025,12,0,1,1,0,0,0,2,0.3333333333333333,216.27999999999997,,,,11.727272727272727
2025-S12,API Integration Platform,API & Middleware QA,No,Yes,Yes,No,Yes,No,Low,3.0,113.0,5.0,40.22,33.62,13.76,19.93,22.9,5.4,31.1,29.51,14.17,22.62,24.25,2025,12,0,1,1,0,1,0,3,0.5,135.43,127.05000000000001,8.379999999999995,6.1876984419995535,28.25
2025-S12,Customer Web Portal,EIP-QA,No,Yes,Yes,No,Yes,Yes,Medium,14.0,65.0,14.75,28.67,45.98,10.8,15.27,14.3,14.8,25.24,39.53,10.84,15.4,14.75,2025,12,0,1,1,0,1,1,4,0.6666666666666666,129.77,120.56,9.210000000000008,7.097171919549979,4.333333333333333
2025-S13,Enterprise Data Platform,Data Platform QA,No,No,Yes,No,No,No,High,17.0,42.0,21.2,23.24,17.0,8.36,14.0,12.3,22.64,23.48,16.09,9.61,15.0,14.31,2025,13,0,0,1,0,0,0,1,0.16666666666666666,96.1,101.13000000000001,-5.030000000000015,-5.234131113423533,2.3333333333333335
2025-S13,Billing & Payments,Billing & Payments QA,Yes,Yes,Yes,No,No,No,Medium,15.0,65.0,16.0,27.0,19.9,10.0,20.0,11.21,17.0,21.94,16.11,11.64,22.3,10.24,2025,13,1,1,1,0,0,0,3,0.5,104.11000000000001,99.22999999999999,4.880000000000024,4.687349918355608,4.0625
2025-S13,CRM Sales & Service,CRM Platform QA,No,Yes,Yes,No,Yes,No,High,11.0,74.0,14.3,39.8,50.38,14.31,23.49,19.23,17.6,32.7,69.35,13.9,21.72,20.56,2025,13,0,1,1,0,1,0,3,0.5,161.51,175.83,-14.320000000000022,-8.866324066621276,6.166666666666667
2025-S13,ERP Operations,ERP Operations QA,No,Yes,No,No,No,No,High,10.0,79.0,12.0,43.52,64.0,15.0,26.1,17.18,13.69,49.7,62.6,14.89,24.88,16.7,2025,13,0,1,0,0,0,0,1,0.16666666666666666,177.8,182.45999999999998,-4.659999999999968,-2.620922384701894,7.181818181818182
2025-S13,Mobile Service App,Mobile & Web QE,No,Yes,Yes,No,Yes,Yes,High,7.0,61.0,8.49,22.36,27.96,8.9,19.7,11.7,9.47,15.31,19.06,9.1901,14.92,6.67,2025,13,0,1,1,0,1,1,4,0.6666666666666666,99.11000000000001,74.62010000000001,24.489900000000006,24.709817374634248,7.625
2025-S13,Customer Web Portal,EIP-QA,No,Yes,Yes,No,Yes,Yes,Low,10.0,69.0,9.87,24.5576,41.62,9.54,25.38,20.72,10.0,19.86,35.68,9.85,,19.6,2025,13,0,1,1,0,1,1,4,0.6666666666666666,131.68759999999997,,,,6.2727272727272725
2025-S14,ERP Operations,ERP Operations QA,No,Yes,Yes,No,No,No,High,12.0,24.0,16.42,14.1347,17.4,5.322,13.74,5.84,16.8,11.27,15.3,5.13,13.81,6.0,2025,14,0,1,1,0,0,0,2,0.3333333333333333,72.8567,68.31,4.546700000000001,6.240606560549683,1.8461538461538463
2025-S14,Customer Web Portal,EIP-QA,No,Yes,Yes,Yes,Yes,Yes,High,11.0,74.0,14.6,39.4,44.4422,15.0,24.4698,25.0,14.0,28.44,34.26,14.36,21.66,15.51,2025,14,0,1,1,1,1,1,5,0.8333333333333334,162.912,128.23,34.682000000000016,21.288793950108044,6.166666666666667
2025-S14,CRM Sales & Service,CRM Platform QA,No,Yes,Yes,No,Yes,No,Low,9.0,81.0,9.47,29.0,29.46,12.0,28.76,24.76,9.75,25.0,28.9,12.5,20.3988,25.3346,2025,14,0,1,1,0,1,0,3,0.5,133.45000000000002,121.8834,11.566600000000022,8.667366054702152,8.1
2025-S14,API Integration Platform,API & Middleware QA,No,Yes,No,No,Yes,No,Medium,13.0,54.0,13.99,23.0,36.28,9.18,12.0,21.19,13.7,16.8363,37.85,17.27,7.97,21.7,2025,14,0,1,0,0,1,0,2,0.3333333333333333,115.64000000000001,115.3263,0.3137000000000114,0.27127291594604924,3.857142857142857
2025-S14,Billing & Payments,Billing & Payments QA,No,Yes,Yes,No,No,No,Medium,11.0,49.0,12.49,21.19,35.37,8.2,14.76,18.2,29.2,18.8,31.49,8.36,14.3,18.53,2025,14,0,1,1,0,0,0,2,0.3333333333333333,110.21000000000001,120.67999999999999,-10.469999999999985,-9.500045367933929,4.083333333333333
2025-S14,Mobile Service App,Mobile & Web QE,No,Yes,Yes,No,Yes,Yes,Medium,16.0,54.0,16.7,23.5,24.0,8.9465,19.2,10.25,14.61,15.6,19.37,10.14,15.0,8.0,2025,14,0,1,1,0,1,1,4,0.6666666666666666,102.5965,82.72,19.876500000000007,19.373467905825255,3.176470588235294
2025-S15,Enterprise Data Platform,Data Platform QA,No,Yes,Yes,No,Yes,No,High,11.0,73.0,14.7,40.24,33.8,13.83,17.4,22.05,14.59,26.4,17.9,16.8,20.0,24.02,2025,15,0,1,1,0,1,0,3,0.5,142.02,119.71,22.310000000000016,15.70905506266724,6.083333333333333
2025-S15,API Integration Platform,API & Middleware QA,No,Yes,No,No,Yes,No,Low,12.0,48.0,11.0,17.41,29.8,7.4,16.93,17.33,12.07,10.0,29.7,7.77,12.99,19.0,2025,15,0,1,0,0,1,0,2,0.3333333333333333,99.86999999999999,91.52999999999999,8.340000000000003,8.350856112946834,3.6923076923076925
2025-S15,Billing & Payments,Billing & Payments QA,No,Yes,Yes,No,No,No,Medium,6.0,56.0,8.39,23.36,37.49,8.78,19.1543,10.86,8.58,20.76,33.99,10.0,20.74,10.76,2025,15,0,1,1,0,0,0,2,0.3333333333333333,108.03430000000002,104.83000000000001,3.2043000000000035,2.9660024640322593,8.0
2025-S15,ERP Operations,ERP Operations QA,No,Yes,No,No,No,No,High,6.0,48.0,8.27,27.0,31.98,9.51,19.3,12.0,7.6599,21.6,35.7,11.0,20.27,11.9,2025,15,0,1,0,0,0,0,1,0.16666666666666666,108.06,108.1299,-0.06990000000000407,-0.06468628539700542,6.857142857142857
2025-S15,Customer Web Portal,EIP-QA,No,Yes,Yes,Yes,Yes,Yes,Low,15.0,66.0,13.7,24.59,20.8654,9.02,15.04,14.78,12.2,14.24,18.42,7.5,13.0,12.16,2025,15,0,1,1,1,1,1,5,0.8333333333333334,97.99539999999999,77.52,20.475399999999993,20.894246056447543,4.125
2025-S16,Customer Web Portal,EIP-QA,No,Yes,Yes,No,Yes,Yes,Medium,9.0,45.0,9.9,20.73,12.56,7.4,17.23,13.07,9.4061,13.93,11.1,6.96,13.9,11.8,2025,16,0,1,1,0,1,1,4,0.6666666666666666,80.89000000000001,67.0961,13.793900000000008,17.052664111756712,4.5
2025-S16,API Integration Platform,API & Middleware QA,No,Yes,No,No,No,No,High,7.0,49.0,10.37,27.86,20.2,9.84,17.77,16.63,9.73,21.8384,21.22,11.0,20.91,17.61,2025,16,0,1,0,0,0,0,1,0.16666666666666666,102.66999999999999,102.30839999999999,0.3615999999999957,0.35219635726112375,6.125
2025-S16,CRM Sales & Service,CRM Platform QA,No,Yes,Yes,No,Yes,Yes,Medium,9.0,76.0,10.0,31.93,24.54,11.4,26.22,14.09,11.0,24.6,19.36,12.15,19.8369,12.89,2025,16,0,1,1,0,1,1,4,0.6666666666666666,118.18,99.8369,18.343100000000007,15.521323404975465,7.6
2025-S16,Mobile Service App,Mobile & Web QE,No,Yes,Yes,No,Yes,Yes,Medium,14.0,63.0,15.66,26.37,42.67,10.03,22.12,18.81,13.74,22.0,47.4,9.46,15.71,22.31,2025,16,0,1,1,0,1,1,4,0.6666666666666666,135.66,130.62,5.039999999999992,3.7151702786377654,4.2
2025-S16,ERP Operations,ERP Operations QA,No,Yes,No,No,No,No,High,10.0,92.0,14.44,50.42,56.3,17.3018,23.7,23.76,13.95,42.6,57.47,19.65,24.54,26.32,2025,16,0,1,0,0,0,0,1,0.16666666666666666,185.92179999999996,184.52999999999997,1.3917999999999893,0.7485943014751307,8.363636363636363
2025-S16,Billing & Payments,Billing & Payments QA,No,No,Yes,No,No,No,High,7.0,88.0,11.0,47.0,43.42,16.2,38.2,12.71,11.44,45.6,41.26,14.96,41.151,12.7,2025,16,0,0,1,0,0,0,1,0.16666666666666666,168.53,167.111,1.4190000000000111,0.8419865899246491,11.0
2025-S16,Enterprise Data Platform,Data Platform QA,No,Yes,Yes,No,Yes,No,Low,11.0,70.0,14.0,37.22,37.6174,13.46,28.0339,17.7,15.0,22.6,33.0,16.7071,34.0,20.03,2025,16,0,1,1,0,1,0,3,0.5,148.0313,141.3371,6.694199999999995,4.522151734126496,5.833333333333333
2025-S17,API Integration Platform,API & Middleware QA,No,No,Yes,No,Yes,No,High,10.0,82.0,8.77,36.09,47.48,12.1,22.2,19.08,9.0,28.25,34.97,13.79,18.32,17.8,2025,17,0,0,1,0,1,0,2,0.3333333333333333,145.72,122.12999999999998,23.590000000000018,16.188580839967074,7.454545454545454
2025-S17,Enterprise Data Platform,Data Platform QA,No,Yes,Yes,No,Yes,No,Medium,6.0,49.0,8.0,22.41,24.0,7.9,17.062,10.4908,9.36,16.6,21.0,7.3,13.02,8.75,2025,17,0,1,1,0,1,0,3,0.5,89.8628,76.03,13.832799999999992,15.393243922958103,7.0
2025-S17,Mobile Service App,Mobile & Web QE,No,No,Yes,No,Yes,Yes,Medium,8.0,97.0,8.9,39.85,68.84,15.96,41.6,20.69,8.63,38.43,47.84,16.69,35.0,18.59,2025,17,0,0,1,0,1,1,3,0.5,195.84,165.18,30.659999999999997,15.655637254901958,10.777777777777779
2025-S17,Customer Web Portal,EIP-QA,Yes,Yes,Yes,No,Yes,No,Medium,14.0,73.0,13.0,31.3,46.78,11.59,22.71,11.83,13.6,16.33,40.0,10.5,20.43,8.86,2025,17,1,1,1,0,1,0,4,0.6666666666666666,137.21,109.72000000000001,27.489999999999995,20.03498287296844,4.866666666666666
2025-S17,ERP Operations,ERP Operations QA,No,Yes,No,No,No,Yes,Medium,11.0,63.0,12.0,28.09,34.64,10.5,16.24,,14.2,20.27,35.99,11.0,16.76,11.89,2025,17,0,1,0,0,0,1,2,0.3333333333333333,,110.11000000000001,,,5.25
2025-S17,Billing & Payments,Billing & Payments QA,No,No,No,No,No,No,Medium,12.0,109.0,13.29,46.4,38.044,16.34,28.56,17.0,11.8,34.6,31.43,16.78,26.92,17.1,2025,17,0,0,0,0,0,0,0,0.0,159.634,138.63000000000002,21.003999999999962,13.157598005437416,8.384615384615385
2025-S17,CRM Sales & Service,CRM Platform QA,No,Yes,Yes,No,Yes,Yes,Low,10.0,77.0,10.56,26.78,46.44,10.06,26.0,14.33,10.95,23.0,38.01,11.08,22.37,13.0,2025,17,0,1,1,0,1,1,4,0.6666666666666666,134.17000000000002,118.41000000000001,15.760000000000005,11.746292017589628,7.0
2025-S18,Enterprise Data Platform,Data Platform QA,No,Yes,Yes,No,Yes,Yes,Medium,6.0,47.0,7.1,20.74,33.0,7.88,10.29,16.47,6.81,12.9,30.65,8.16,6.91,21.3,2025,18,0,1,1,0,1,1,4,0.6666666666666666,95.47999999999999,86.72999999999999,8.75,9.164222873900295,6.714285714285714
2025-S18,Billing & Payments,Billing & Payments QA,No,Yes,Yes,No,Yes,No,High,10.0,73.0,13.16,40.3,42.57,14.17,34.76,16.47,12.913,28.5,29.19,13.6241,26.86,18.1,2025,18,0,1,1,0,1,0,3,0.5,161.43,129.1871,32.24290000000002,19.973301121229028,6.636363636363637
2025-S18,Customer Web Portal,EIP-QA,Yes,Yes,Yes,No,Yes,Yes,Medium,16.0,28.0,16.44,12.46,17.4,5.03,12.39,7.9,15.0,9.17,,4.97,7.67,6.8,2025,18,1,1,1,0,1,1,5,0.8333333333333334,71.62,,,,1.6470588235294117
2025-S18,ERP Operations,ERP Operations QA,No,Yes,No,No,No,No,Medium,10.0,37.0,11.78,16.78,25.91,6.68,9.5,13.59,8.1,12.0935,28.5,6.43,10.0,15.6,2025,18,0,1,0,0,0,0,1,0.16666666666666666,84.24000000000001,80.7235,3.5165000000000077,4.174382716049392,3.3636363636363638
2025-S18,CRM Sales & Service,CRM Platform QA,No,Yes,Yes,Yes,Yes,Yes,Low,5.0,66.0,6.0721,24.0,32.58,8.9601,14.95,10.75,7.0,16.99,28.9,8.0,14.55,8.77,2025,18,0,1,1,1,1,1,5,0.8333333333333334,97.3122,84.21,13.10220000000001,13.46408775055955,11.0
2025-S18,API Integration Platform,API & Middleware QA,No,Yes,Yes,No,No,Yes,Medium,7.0,99.0,8.5,41.2,37.32,14.14,18.7,17.37,8.9,39.98,30.63,13.8,20.28,17.39,2025,18,0,1,1,0,0,1,3,0.5,137.23000000000002,130.98,6.250000000000028,4.554397726444675,12.375
2025-S18,Mobile Service App,Mobile & Web QE,Yes,No,Yes,No,Yes,Yes,Low,10.0,89.0,9.34,33.51,36.73,11.66,18.0,11.33,8.32,30.9,25.7243,10.66,13.23,9.0,2025,18,1,0,1,0,1,1,4,0.6666666666666666,120.56999999999998,97.8343,22.73569999999998,18.85684664510242,8.090909090909092
2025-S19,ERP Operations,ERP Operations QA,No,Yes,No,No,No,No,High,9.0,40.0,13.0,22.5,13.89,7.49,12.86,7.59,10.8,17.6,12.71,8.0,14.44,7.3,2025,19,0,1,0,0,0,0,1,0.16666666666666666,77.33000000000001,70.85,6.480000000000018,8.379671537566297,4.0
2025-S19,Enterprise Data Platform,Data Platform QA,No,Yes,Yes,No,Yes,No,Medium,10.0,69.0,11.11,29.9,33.4,10.59,23.9,17.07,11.11,42.89,20.95,11.15,21.18,38.48,2025,19,0,1,1,0,1,0,3,0.5,125.97,145.76,-19.789999999999992,-15.710089703897747,6.2727272727272725
2025-S19,Mobile Service App,Mobile & Web QE,Yes,Yes,Yes,No,Yes,Yes,Medium,13.0,26.0,14.51,11.72,17.58,4.9,8.13,11.0,13.87,6.73,24.7,4.94,7.4246,9.9,2025,19,1,1,1,0,1,1,5,0.8333333333333334,67.84,67.5646,0.27540000000000475,0.4059551886792523,1.8571428571428572
2025-S19,Customer Web Portal,EIP-QA,Yes,No,Yes,No,Yes,No,Medium,11.0,51.0,11.87,22.05,31.24,8.3,12.9,13.42,11.84,14.52,39.0,9.89,8.1,13.28,2025,19,1,0,1,0,1,0,3,0.5,99.78,96.63,3.1500000000000057,3.156945279615159,4.25
2025-S19,CRM Sales & Service,CRM Platform QA,No,Yes,Yes,No,Yes,Yes,High,10.0,23.0,12.89,13.9,20.24,5.19,7.7,6.3,21.6,8.31,16.15,5.7,5.67,5.9619,2025,19,0,1,1,0,1,1,4,0.6666666666666666,66.22,63.39190000000001,2.828099999999992,4.270764119601317,2.090909090909091
2025-S20,Mobile Service App,Mobile & Web QE,Yes,Yes,Yes,No,Yes,Yes,Medium,13.0,53.0,13.0,23.17,37.43,8.67,18.14,10.92,7.84,15.01,29.67,9.8,10.56,9.62,2025,20,1,1,1,0,1,1,5,0.8333333333333334,111.33,82.50000000000001,28.829999999999984,25.895984909727822,3.7857142857142856
2025-S20,Enterprise Data Platform,Data Platform QA,No,Yes,Yes,No,Yes,No,Medium,11.0,30.0,12.05,13.3,12.56,4.91,7.87,9.82,25.66,8.72,10.85,5.09,8.57,18.43,2025,20,0,1,1,0,1,0,3,0.5,60.510000000000005,77.32000000000001,-16.810000000000002,-27.780532143447367,2.5
2025-S20,API Integration Platform,API & Middleware QA,No,Yes,Yes,No,No,Yes,Low,10.0,112.0,10.36,41.0,60.31,14.7,35.04,30.44,8.994,28.78,45.09,13.81,18.0,35.79,2025,20,0,1,1,0,0,1,3,0.5,191.85,150.464,41.385999999999996,21.572061506385197,10.181818181818182
2025-S20,Billing & Payments,Billing & Payments QA,No,Yes,Yes,No,Yes,No,Low,6.0,29.0,7.2,10.61,15.21,4.47,8.21,9.57,12.85,5.985,13.0,9.17,5.44,12.08,2025,20,0,1,1,0,1,0,3,0.5,55.269999999999996,58.525,-3.2550000000000026,-5.889270852180211,4.142857142857143
2025-S20,Customer Web Portal,EIP-QA,Yes,Yes,Yes,No,Yes,Yes,Low,10.0,117.0,9.52,42.54,47.1,14.12,20.54,16.96,7.5,51.8,34.2507,15.3956,17.06,13.71,2025,20,1,1,1,0,1,1,5,0.8333333333333334,150.78,139.71630000000002,11.063699999999983,7.337644249900506,10.636363636363637
2025-S20,CRM Sales & Service,CRM Platform QA,Yes,Yes,Yes,No,Yes,Yes,Low,6.0,47.0,6.59,17.0,22.0,7.22,14.3273,13.0256,5.7,11.19,15.49,6.0,9.79,10.2,2025,20,1,1,1,0,1,1,5,0.8333333333333334,80.1629,58.370000000000005,21.79289999999999,27.185767979950814,6.714285714285714
2026-S01,Billing & Payments,Billing & Payments QA,No,Yes,Yes,No,Yes,No,Medium,8.0,139.0,9.5,59.37,78.48,20.67,49.6,18.54,9.51,47.43,111.8,21.0,33.41,19.78,2026,1,0,1,1,0,1,0,3,0.5,236.16000000000003,242.93,-6.769999999999982,-2.866700542005412,15.444444444444445
2026-S01,Customer Web Portal,EIP-QA,Yes,Yes,Yes,No,Yes,Yes,Low,11.0,53.0,9.99,19.31,24.0,7.19,14.78,13.41,22.0,17.07,27.85,7.2,15.44,17.13,2026,1,1,1,1,0,1,1,5,0.8333333333333334,88.67999999999999,106.69,-18.010000000000005,-20.308976093820487,4.416666666666667
2026-S01,Enterprise Data Platform,Data Platform QA,No,Yes,Yes,No,No,No,Medium,6.0,106.0,7.0,45.91,32.0,15.6,27.6,23.0,7.19,34.0,39.98,15.85,28.44,21.7,2026,1,0,1,1,0,0,0,2,0.3333333333333333,151.10999999999999,147.15999999999997,3.950000000000017,2.613989808748605,15.142857142857142
2026-S01,ERP Operations,ERP Operations QA,No,Yes,No,No,No,No,Low,8.0,35.0,10.74,19.71,31.0,7.0,16.52,12.2072,13.01,15.1,31.0,7.74,18.8,12.33,2026,1,0,1,0,0,0,0,1,0.16666666666666666,97.1772,97.97999999999999,-0.8027999999999906,-0.8261197070917773,3.888888888888889
2026-S01,Mobile Service App,Mobile & Web QE,Yes,Yes,Yes,No,Yes,Yes,High,17.0,109.0,21.6,58.05,51.14,20.24,33.89,32.91,23.1,63.85,32.69,22.0,26.49,42.62,2026,1,1,1,1,0,1,1,5,0.8333333333333334,217.83,210.75,7.0800000000000125,3.250241013634491,6.055555555555555
2026-S01,CRM Sales & Service,CRM Platform QA,No,Yes,Yes,No,Yes,Yes,Medium,5.0,55.0,7.0,23.51,35.4374,8.65,11.94,7.82,6.0,17.66,29.81,9.0,10.5,5.9726,2026,1,0,1,1,0,1,1,4,0.6666666666666666,94.35740000000001,78.9426,15.414800000000014,16.33660952930031,9.166666666666666
2026-S02,CRM Sales & Service,CRM Platform QA,No,Yes,Yes,No,Yes,Yes,Medium,9.0,59.0,10.92,24.84,17.9,9.61,21.26,16.1,11.0,20.74,11.74,10.72,17.32,10.75,2026,2,0,1,1,0,1,1,4,0.6666666666666666,100.63,82.27,18.36,18.245056146278447,5.9
2026-S02,Customer Web Portal,EIP-QA,Yes,Yes,Yes,No,Yes,Yes,Medium,15.0,64.0,15.6,28.0,37.94,10.49,17.0,19.1,14.6,23.4,25.86,10.7,10.58,16.39,2026,2,1,1,1,0,1,1,5,0.8333333333333334,128.13,101.53,26.599999999999994,20.760165456957775,4.0
2026-S02,Mobile Service App,Mobile & Web QE,Yes,Yes,Yes,No,Yes,No,Low,16.0,50.0,15.0,18.02,21.0,6.92,14.12,6.35,14.4,13.09,15.6589,13.3,7.8,6.09,2026,2,1,1,1,0,1,0,4,0.6666666666666666,81.41,70.3389,11.071100000000001,13.599189288785162,2.9411764705882355
2026-S02,Enterprise Data Platform,Data Platform QA,No,Yes,Yes,No,Yes,No,High,13.0,101.0,14.6,44.4,32.67,15.56,19.6,20.91,12.3,31.44,26.4319,15.8,13.73,21.0,2026,2,0,1,1,0,1,0,3,0.5,147.74,120.7019,27.038100000000014,18.301137132800875,7.214285714285714
2026-S02,ERP Operations,ERP Operations QA,No,Yes,No,No,No,Yes,Low,18.0,49.0,18.62,20.94,21.32,8.25,17.62,15.04,18.45,16.0,21.59,7.6429,17.53,12.9,2026,2,0,1,0,0,0,1,2,0.3333333333333333,101.78999999999999,94.11290000000001,7.677099999999982,7.542096473130938,2.5789473684210527
2026-S03,CRM Sales & Service,CRM Platform QA,Yes,Yes,Yes,No,Yes,Yes,Medium,7.0,74.0,9.49,33.26,34.0,12.02,22.91,14.5,8.51,19.77,24.7746,12.0,12.59,22.96,2026,3,1,1,1,0,1,1,5,0.8333333333333334,126.17999999999999,100.6046,25.575399999999988,20.268980821049286,9.25
2026-S03,Mobile Service App,Mobile & Web QE,Yes,Yes,Yes,No,Yes,No,High,12.0,75.0,15.1,40.74,43.26,15.0,38.49,24.61,14.0,34.73,28.84,15.7,28.6,22.74,2026,3,1,1,1,0,1,0,4,0.6666666666666666,177.2,144.61,32.589999999999975,18.39164785553046,5.769230769230769
2026-S03,Billing & Payments,Billing & Payments QA,No,Yes,Yes,No,No,No,High,7.0,56.0,10.8,31.01,43.617,11.42,16.3,16.0,10.4,24.12,26.55,11.8,10.9,17.48,2026,3,0,1,1,0,0,0,2,0.3333333333333333,129.147,101.25000000000001,27.896999999999977,21.60096634068153,7.0
2026-S03,Customer Web Portal,EIP-QA,Yes,Yes,Yes,No,Yes,No,High,13.0,56.0,18.0,29.58,23.0,10.94,18.24,10.37,13.36,13.6,15.97,12.5,9.67,11.22,2026,3,1,1,1,0,1,0,4,0.6666666666666666,110.13,76.32,33.81,30.700081721601748,4.0
2026-S03,ERP Operations,ERP Operations QA,No,Yes,No,No,No,No,High,5.0,45.0,8.47,25.3,40.6,9.3,14.8,18.0,9.43,29.09,39.1,19.0,15.62,15.7,2026,3,0,1,0,0,0,0,1,0.16666666666666666,116.47,127.94000000000001,-11.470000000000013,-9.848029535502716,7.5
2026-S03,Enterprise Data Platform,Data Platform QA,No,Yes,Yes,No,Yes,No,Medium,12.0,50.0,12.72,21.0,29.32,7.9,11.98,8.25,15.67,15.4,,7.6533,7.0,8.76,2026,3,0,1,1,0,1,0,3,0.5,91.17,,,,3.8461538461538463
2026-S04,API Integration Platform,API & Middleware QA,No,Yes,Yes,No,Yes,Yes,Medium,13.0,68.0,14.21,28.5,39.9,10.28,27.18,21.62,15.88,62.0,23.4,10.45,23.68,17.82,2026,4,0,1,1,0,1,1,4,0.6666666666666666,141.69,153.23,-11.539999999999992,-8.144540899146017,4.857142857142857
2026-S04,Enterprise Data Platform,Data Platform QA,No,Yes,Yes,No,Yes,No,Medium,8.0,64.0,9.1,27.64,35.46,10.0,18.76,17.0,9.0,21.06,34.47,9.3,14.5,15.8,2026,4,0,1,1,0,1,0,3,0.5,117.96000000000001,104.13,13.830000000000013,11.724313326551384,7.111111111111111
2026-S04,Customer Web Portal,EIP-QA,Yes,Yes,No,No,Yes,Yes,Low,7.0,80.0,7.23,28.17,39.54,10.0,16.56,18.11,7.67,18.9,35.26,9.72,13.66,13.9,2026,4,1,1,0,0,1,1,4,0.6666666666666666,119.61,99.11,20.5,17.139035197725942,10.0
2026-S04,Mobile Service App,Mobile & Web QE,Yes,Yes,Yes,No,Yes,Yes,Medium,8.0,89.0,9.8498,37.5,35.66,14.09,35.42,17.31,8.76,31.3,23.5,13.97,21.0,13.3699,2026,4,1,1,1,0,1,1,5,0.8333333333333334,149.8298,111.8999,37.9299,25.315324454814732,9.88888888888889
2026-S04,CRM Sales & Service,CRM Platform QA,No,Yes,Yes,No,Yes,Yes,Medium,10.0,67.0,11.44,27.9,51.74,11.08,15.75,22.24,10.85,24.5,39.43,11.74,12.89,32.93,2026,4,0,1,1,0,1,1,4,0.6666666666666666,140.15,132.34,7.810000000000002,5.572600784873352,6.090909090909091
2026-S04,ERP Operations,ERP Operations QA,No,Yes,No,No,No,No,High,6.0,58.0,9.0,30.2,47.9,11.77,28.73,21.74,9.0,29.48,44.9,11.3,25.54,23.68,2026,4,0,1,0,0,0,0,1,0.16666666666666666,149.34,143.9,5.439999999999998,3.6426945225659555,8.285714285714286
2026-S04,Billing & Payments,Billing & Payments QA,No,Yes,Yes,No,Yes,No,Medium,13.0,71.0,13.9,30.67,24.39,10.76,25.56,22.3436,17.0,21.34,17.07,13.0,20.69,27.47,2026,4,0,1,1,0,1,0,3,0.5,127.62360000000001,116.57,11.053600000000017,8.661094029630895,5.071428571428571
2026-S05,CRM Sales & Service,CRM Platform QA,No,Yes,Yes,No,Yes,Yes,Medium,14.0,43.0,15.1,18.0,20.7,7.52,14.2,16.3,16.03,13.34,19.5349,7.2142,9.48,13.4,2026,5,0,1,1,0,1,1,4,0.6666666666666666,91.82,78.9991,12.820899999999995,13.963079939011102,2.8666666666666667
2026-S05,Enterprise Data Platform,Data Platform QA,No,Yes,Yes,No,Yes,No,Medium,6.0,31.0,7.37,13.72,16.4,5.42,8.56,12.57,8.0,9.69,12.79,5.65,6.07,12.6,2026,5,0,1,1,0,1,0,3,0.5,64.03999999999999,54.8,9.239999999999995,14.428482198625852,4.428571428571429
2026-S05,Customer Web Portal,EIP-QA,Yes,Yes,Yes,No,Yes,Yes,Low,14.0,125.0,13.0,45.69,36.23,15.78,25.54,26.9,11.495,32.27,25.99,17.8,17.59,23.6,2026,5,1,1,1,0,1,1,5,0.8333333333333334,163.14,128.745,34.39499999999998,21.083118793674135,8.333333333333334
2026-S05,ERP Operations,ERP Operations QA,No,No,No,No,No,No,Low,14.0,26.0,13.87,9.8,16.0,4.26,8.1,7.07,13.4,7.36,16.03,4.4,9.59,8.68,2026,5,0,0,0,0,0,0,0,0.0,59.1,59.46,-0.35999999999999943,-0.6091370558375625,1.7333333333333334
2026-S05,Mobile Service App,Mobile & Web QE,Yes,Yes,Yes,No,Yes,Yes,Low,8.0,66.0,7.99,24.3,38.72,9.0,11.83,18.36,7.11,18.74,26.16,9.18,7.78,15.2,2026,5,1,1,1,0,1,1,5,0.8333333333333334,110.19999999999999,84.17,26.029999999999987,23.620689655172406,7.333333333333333
2026-S06,Customer Web Portal,EIP-QA,Yes,Yes,Yes,Yes,Yes,Yes,Medium,9.0,86.0,11.0,37.2,33.2,12.91,20.14,19.53,9.6,29.9,23.0,11.59,14.04,16.61,2026,6,1,1,1,1,1,1,6,1.0,133.98000000000002,104.74,29.240000000000023,21.82415285863563,8.6
2026-S06,CRM Sales & Service,CRM Platform QA,No,Yes,Yes,No,Yes,Yes,Low,12.0,80.0,16.14,42.94,30.5,15.05,21.0,14.8,15.45,51.73,23.4,15.35,14.5535,20.56,2026,6,0,1,1,0,1,1,4,0.6666666666666666,140.43,141.04349999999997,-0.6134999999999593,-0.4368724631488708,6.153846153846154
2026-S06,Enterprise Data Platform,Data Platform QA,No,Yes,Yes,No,Yes,No,Medium,10.0,110.0,11.61,46.63,41.38,17.69,42.9,15.5993,11.22,23.25,27.02,19.0,30.63,15.5,2026,6,0,1,1,0,1,0,3,0.5,175.8093,126.61999999999999,49.18930000000002,27.97878155478693,10.0
2026-S06,Billing & Payments,Billing & Payments QA,No,Yes,Yes,No,Yes,No,Medium,16.0,114.0,17.18,49.0,49.53,17.06,33.0,21.67,19.13,57.4512,41.0,17.4,25.82,22.2,2026,6,0,1,1,0,1,0,3,0.5,187.44,183.00119999999998,4.438800000000015,2.3681177976952705,6.705882352941177
2026-S06,Mobile Service App,Mobile & Web QE,Yes,Yes,Yes,No,Yes,Yes,Medium,8.0,44.0,11.84,23.35,40.21,9.0,15.3025,8.96,8.9059,15.82,29.76,9.2,11.5,7.2,2026,6,1,1,1,0,1,1,5,0.8333333333333334,108.6625,82.3859,26.276599999999988,24.18184746347635,4.888888888888889
2026-S07,API Integration Platform,API & Middleware QA,No,Yes,Yes,No,Yes,Yes,Medium,10.0,114.0,11.3,48.0,64.21,16.79,36.0,26.81,12.0,25.5552,48.4,14.64,27.48,23.8,2026,7,0,1,1,0,1,1,4,0.6666666666666666,203.10999999999999,151.8752,51.23479999999998,25.225148934075126,10.363636363636363
2026-S07,Customer Web Portal,EIP-QA,Yes,No,Yes,No,Yes,Yes,Medium,6.0,89.0,7.95,37.35,50.2,13.75,23.91,19.8,7.7,41.12,38.03,14.41,20.0,18.33,2026,7,1,0,1,0,1,1,4,0.6666666666666666,152.96,139.58999999999997,13.370000000000033,8.740847280334748,12.714285714285714
2026-S07,ERP Operations,ERP Operations QA,No,Yes,No,No,No,No,Medium,6.0,97.0,8.05,41.8,32.61,14.0,30.62,26.04,7.6,27.68,34.73,13.0,30.05,23.0,2026,7,0,1,0,0,0,0,1,0.16666666666666666,153.12,136.06,17.060000000000002,11.14158829676071,13.857142857142858
2026-S07,Enterprise Data Platform,Data Platform QA,No,Yes,Yes,No,Yes,No,Medium,17.0,76.0,17.8,34.0,25.0,11.35,29.16,11.94,18.33,22.1979,23.6,10.74,19.7,12.84,2026,7,0,1,1,0,1,0,3,0.5,129.25,107.40790000000001,21.842099999999988,16.899110251450665,4.222222222222222
2026-S07,CRM Sales & Service,CRM Platform QA,No,Yes,Yes,No,Yes,Yes,Low,9.0,85.0,8.8,30.47,22.8,11.16,,10.5,9.2,21.0,21.0,10.02,11.5408,8.0,2026,7,0,1,1,0,1,1,4,0.6666666666666666,,80.7608,,,8.5
2026-S07,Mobile Service App,Mobile & Web QE,Yes,Yes,Yes,No,Yes,Yes,Medium,6.0,16.0,8.05,7.76,13.25,3.0,6.2,6.16,7.0,11.9,11.4,2.95,4.0,4.6,2026,7,1,1,1,0,1,1,5,0.8333333333333334,44.42,41.85,2.5700000000000003,5.785682125168843,2.2857142857142856
2026-S08,Customer Web Portal,EIP-QA,Yes,Yes,Yes,No,Yes,Yes,Medium,17.0,85.0,16.92,37.38,50.0,13.49,21.24,29.04,15.6247,23.0,35.13,12.56,13.45,34.0,2026,8,1,1,1,0,1,1,5,0.8333333333333334,168.07,133.7647,34.30529999999999,20.411316713274225,4.722222222222222
2026-S08,Enterprise Data Platform,Data Platform QA,No,Yes,Yes,No,Yes,No,High,7.0,73.0,8.84,30.16,38.24,11.0,25.47,13.45,9.04,47.3,34.39,16.88,19.53,14.13,2026,8,0,1,1,0,1,0,3,0.5,127.16000000000001,141.26999999999998,-14.109999999999971,-11.096256684491955,9.125
2026-S08,CRM Sales & Service,CRM Platform QA,No,No,Yes,No,Yes,Yes,Medium,10.0,89.0,10.56,36.7,49.49,13.9,33.71,18.3021,11.83,68.0,36.0,15.11,17.02,13.25,2026,8,0,0,1,0,1,1,3,0.5,162.6621,161.21,1.4521000000000015,0.8927094879507897,8.090909090909092
2026-S08,Mobile Service App,Mobile & Web QE,Yes,Yes,Yes,No,Yes,Yes,Medium,11.0,101.0,12.0,42.6912,49.9,15.0,32.9,21.21,10.55,28.0,29.61,15.9,21.3,22.95,2026,8,1,1,1,0,1,1,5,0.8333333333333334,173.7012,128.31,45.3912,26.13177111038956,8.416666666666666
2026-S08,API Integration Platform,API & Middleware QA,No,Yes,Yes,No,Yes,Yes,Medium,9.0,49.0,10.8,20.7,37.89,8.29,17.0,12.0,11.91,17.49,42.19,9.71,11.8,8.59,2026,8,0,1,1,0,1,1,4,0.6666666666666666,106.68,101.69000000000001,4.989999999999995,4.677540307461562,4.9
2026-S08,ERP Operations,ERP Operations QA,No,No,No,Yes,No,No,Medium,4.0,116.0,5.84,48.26,45.49,16.63,39.22,21.27,7.6,48.58,47.46,17.1,45.35,21.0,2026,8,0,0,0,1,0,0,1,0.16666666666666666,176.71,187.09,-10.379999999999995,-5.8740308980816,23.2
2026-S09,Mobile Service App,Mobile & Web QE,Yes,Yes,Yes,No,Yes,No,High,12.0,85.0,16.0,44.73,56.32,16.35,27.306,27.0,12.51,49.51,41.33,16.56,20.92,30.5,2026,9,1,1,1,0,1,0,4,0.6666666666666666,187.70600000000002,171.32999999999998,16.376000000000033,8.724281589293913,6.538461538461538
2026-S09,Customer Web Portal,EIP-QA,Yes,Yes,Yes,No,Yes,Yes,Medium,11.0,75.0,11.95,32.82,42.57,12.08,20.63,12.81,8.93,34.87,32.38,12.4172,12.78,13.13,2026,9,1,1,1,0,1,1,5,0.8333333333333334,132.85999999999999,114.5072,18.352799999999988,13.813638416378135,6.25
2026-S09,Billing & Payments,Billing & Payments QA,No,Yes,Yes,No,Yes,No,Medium,16.0,61.0,16.73,26.92,49.7,10.5,23.9,25.32,17.42,29.6,39.0,10.5,16.8,25.0961,2026,9,0,1,1,0,1,0,3,0.5,153.07,138.4161,14.653899999999993,9.573332462272159,3.588235294117647
2026-S09,API Integration Platform,API & Middleware QA,No,Yes,Yes,No,Yes,No,Low,8.0,87.0,8.25,32.25,46.7158,11.28,28.23,23.6,8.5,27.9,40.0851,11.34,23.78,26.2,2026,9,0,1,1,0,1,0,3,0.5,150.32580000000002,137.80509999999998,12.520700000000033,8.329042652691708,9.666666666666666
2026-S09,Enterprise Data Platform,Data Platform QA,Yes,Yes,Yes,Yes,Yes,No,Medium,8.0,78.0,9.0,33.98,54.0,12.7,26.94,30.62,10.69,24.26,35.27,14.0,21.89,28.13,2026,9,1,1,1,1,1,0,5,0.8333333333333334,167.24,134.24,33.0,19.732121502033007,8.666666666666666
2026-S10,Enterprise Data Platform,Data Platform QA,No,Yes,Yes,No,Yes,No,Medium,12.0,93.0,10.91,34.2,57.07,12.58,31.04,17.91,14.19,31.11,61.29,12.49,22.48,20.71,2026,10,0,1,1,0,1,0,3,0.5,163.71,162.27,1.4399999999999977,0.8796041781198447,7.153846153846154
2026-S10,CRM Sales & Service,CRM Platform QA,No,Yes,No,No,Yes,Yes,Medium,6.0,62.0,8.0,26.02,23.0,9.82,24.41,13.2,8.0,15.43,22.87,9.32,13.08,9.45,2026,10,0,1,0,0,1,1,3,0.5,104.45,78.15,26.299999999999997,25.17951172809957,8.857142857142858
2026-S10,API Integration Platform,API & Middleware QA,No,Yes,No,No,Yes,Yes,High,9.0,68.0,12.62,36.0,37.2,13.1,21.31,21.54,12.95,25.63,40.32,13.65,15.1,31.11,2026,10,0,1,0,0,1,1,3,0.5,141.76999999999998,138.76,3.009999999999991,2.12315722649361,6.8
2026-S10,Mobile Service App,Mobile & Web QE,Yes,Yes,Yes,No,Yes,Yes,Medium,10.0,73.0,10.89,31.72,48.98,11.15,22.3,16.9,8.07,24.82,40.45,13.0,16.42,19.3,2026,10,1,1,1,0,1,1,5,0.8333333333333334,141.94,122.06,19.879999999999995,14.005917993518386,6.636363636363637
2026-S10,Customer Web Portal,EIP-QA,Yes,Yes,Yes,No,Yes,Yes,Medium,10.0,65.0,14.0,27.94,34.44,10.6,19.0,9.12,11.73,17.8,28.55,12.0,13.8,7.26,2026,10,1,1,1,0,1,1,5,0.8333333333333334,115.1,91.14,23.959999999999994,20.816681146828838,5.909090909090909
2026-S10,Billing & Payments,Billing & Payments QA,No,Yes,Yes,No,Yes,No,Medium,21.0,75.0,20.28,31.19,46.91,12.47,33.46,16.1,19.2,26.22,36.3,12.46,23.66,17.4,2026,10,0,1,1,0,1,0,3,0.5,160.41,135.24,25.169999999999987,15.691041705629317,3.409090909090909
2026-S11,Customer Web Portal,EIP-QA,No,Yes,Yes,No,Yes,Yes,Medium,8.0,95.0,9.53,40.55,39.0,13.84,24.26,24.2,9.6,30.4,29.7,14.41,17.1,18.34,2026,11,0,1,1,0,1,1,4,0.6666666666666666,151.38,119.55000000000001,31.829999999999984,21.026555687673394,10.555555555555555
2026-S11,API Integration Platform,API & Middleware QA,No,No,Yes,No,Yes,Yes,Low,10.0,48.0,10.54,20.35,37.0356,8.23,20.0,10.35,12.08,15.15,29.92,8.48,12.6,7.8,2026,11,0,0,1,0,1,1,3,0.5,106.5056,86.03,20.4756,19.224904605954993,4.363636363636363
2026-S11,ERP Operations,ERP Operations QA,No,Yes,Yes,No,No,No,High,8.0,66.0,10.23,29.0,18.05,10.56,17.65,8.98,11.58,23.73,14.0,10.0,20.5,8.76,2026,11,0,1,1,0,0,0,2,0.3333333333333333,94.47000000000001,88.57000000000001,5.900000000000006,6.245368900179956,7.333333333333333
2026-S12,CRM Sales & Service,CRM Platform QA,Yes,Yes,Yes,No,Yes,Yes,Low,9.0,82.0,10.38,29.19,47.05,10.79,25.45,23.37,10.0,35.44,30.3,12.0,21.9,19.0,2026,12,1,1,1,0,1,1,5,0.8333333333333334,146.23,128.64,17.590000000000003,12.028995418176848,8.2
2026-S12,API Integration Platform,API & Middleware QA,Yes,Yes,Yes,No,Yes,Yes,Medium,8.0,76.0,9.41,32.51,37.0,11.86,26.96,21.99,9.04,23.16,29.66,11.605,12.69,21.1,2026,12,1,1,1,0,1,1,5,0.8333333333333334,139.73000000000002,107.255,32.47500000000002,23.24125098404066,8.444444444444445
2026-S12,Customer Web Portal,EIP-QA,Yes,Yes,Yes,Yes,No,Yes,Medium,11.0,66.0,12.06,27.5,37.81,11.3,21.64,11.32,15.7,19.43,20.65,8.78,21.83,8.8,2026,12,1,1,1,1,0,1,5,0.8333333333333334,121.63,95.18999999999998,26.440000000000012,21.738058044890252,5.5
2026-S13,API Integration Platform,API & Middleware QA,Yes,Yes,Yes,No,Yes,Yes,Medium,14.0,107.0,15.51,45.11,44.6,15.92,23.0,21.68,13.4,32.78,36.05,19.34,17.6169,19.38,2026,13,1,1,1,0,1,1,5,0.8333333333333334,165.82,138.5669,27.25309999999999,16.435351586057166,7.133333333333334
2026-S13,Billing & Payments,Billing & Payments QA,No,Yes,No,No,Yes,Yes,Medium,10.0,34.0,10.4,15.44,18.5,5.85,8.7,13.09,18.1,11.6,23.11,6.72,7.03,8.65,2026,13,0,1,0,0,1,1,3,0.5,71.98,75.21000000000001,-3.230000000000004,-4.487357599333153,3.090909090909091
2026-S13,CRM Sales & Service,CRM Platform QA,Yes,Yes,Yes,No,Yes,Yes,Medium,10.0,58.0,11.57,25.4,25.06,9.0,20.0,13.95,11.1518,18.81,34.57,10.62,14.1,9.0,2026,13,1,1,1,0,1,1,5,0.8333333333333334,104.98,98.2518,6.728200000000001,6.409030291484092,5.2727272727272725
2026-S13,Enterprise Data Platform,Data Platform QA,No,No,Yes,No,Yes,Yes,High,7.0,115.0,9.9,62.14,41.96,22.0,27.23,17.82,10.6,65.76,35.71,22.26,21.85,16.49,2026,13,0,0,1,0,1,1,3,0.5,181.04999999999998,172.67,8.379999999999995,4.628555647611155,14.375
2026-S13,Customer Web Portal,EIP-QA,Yes,Yes,Yes,No,Yes,Yes,Low,7.0,83.0,8.0,30.21,30.2,11.32,16.99,15.1,6.48,17.9,21.83,10.02,18.74,9.0,2026,13,1,1,1,0,1,1,5,0.8333333333333334,111.81999999999998,83.96999999999998,27.849999999999994,24.90609908781971,10.375
2026-S14,API Integration Platform,API & Middleware QA,Yes,Yes,Yes,No,No,Yes,High,13.0,77.0,16.64,41.13,28.34,14.19,35.0,22.99,27.4,27.608,22.66,13.6057,33.4885,16.22,2026,14,1,1,1,0,0,1,4,0.6666666666666666,158.29000000000002,140.98219999999998,17.307800000000043,10.934234632636326,5.5
2026-S14,Enterprise Data Platform,Data Platform QA,No,Yes,Yes,No,Yes,Yes,Medium,10.0,54.0,7.01,23.0,32.7,8.86,13.5,16.13,6.58,14.99,39.08,9.6512,,16.0,2026,14,0,1,1,0,1,1,4,0.6666666666666666,101.19999999999999,,,,4.909090909090909
2026-S14,ERP Operations,ERP Operations QA,No,Yes,Yes,No,No,No,Medium,7.0,47.0,8.69,21.4003,14.29,7.38,14.65,10.68,9.0,14.77,12.0,8.0,16.3,9.85,2026,14,0,1,1,0,0,0,2,0.3333333333333333,77.09030000000001,69.91999999999999,7.170300000000026,9.3011701861324,5.875
2026-S14,Billing & Payments,Billing & Payments QA,No,Yes,Yes,No,No,Yes,Low,8.0,101.0,7.54,35.4,34.03,13.5626,26.0,14.79,7.6,22.7585,23.85,15.78,20.6907,13.1,2026,14,0,1,1,0,0,1,3,0.5,131.3226,103.7792,27.54339999999999,20.973846085898384,11.222222222222221
2026-S14,CRM Sales & Service,CRM Platform QA,Yes,Yes,Yes,No,Yes,Yes,Medium,6.0,57.0,8.13,25.47,21.0,9.78,14.33,13.6,6.45,19.68,12.7,9.76,9.2,9.9,2026,14,1,1,1,0,1,1,5,0.8333333333333334,92.30999999999999,67.69,24.61999999999999,26.670999891669368,8.142857142857142
2026-S14,Mobile Service App,Mobile & Web QE,Yes,No,Yes,Yes,Yes,Yes,Medium,15.0,71.0,16.0,30.7,38.67,11.11,27.95,20.1,13.8,17.91,28.3,,33.7,16.9,2026,14,1,0,1,1,1,1,5,0.8333333333333334,144.53,,,,4.4375
2026-S14,Customer Web Portal,EIP-QA,Yes,Yes,Yes,Yes,Yes,No,Medium,12.0,98.0,13.13,42.69,46.0,14.7,23.97,16.2,11.47,37.0,29.67,12.5635,14.6,14.56,2026,14,1,1,1,1,1,0,5,0.8333333333333334,156.69,119.8635,36.826499999999996,23.502776182270722,7.538461538461538
2026-S15,CRM Sales & Service,CRM Platform QA,Yes,Yes,Yes,No,Yes,Yes,High,9.0,38.0,11.9292,20.0,19.72,8.2,20.33,17.98,10.7169,17.01,18.7,9.0,22.88,12.66,2026,15,1,1,1,0,1,1,5,0.8333333333333334,98.1592,90.9669,7.192300000000003,7.327178705612926,3.8
2026-S15,API Integration Platform,API & Middleware QA,Yes,Yes,Yes,No,Yes,Yes,Medium,17.0,102.0,17.36,44.36,34.49,15.8432,25.31,29.5,14.0,20.7,26.6,15.97,20.4,38.9,2026,15,1,1,1,0,1,1,5,0.8333333333333334,166.8632,136.57000000000002,30.293199999999985,18.154512199214675,5.666666666666667
2026-S15,Mobile Service App,Mobile & Web QE,Yes,Yes,Yes,Yes,Yes,Yes,High,6.0,44.0,8.81,24.2,26.14,8.4,12.3,8.93,8.5,16.06,18.0,7.5139,10.43,6.8,2026,15,1,1,1,1,1,1,6,1.0,88.78,67.3039,21.476100000000002,24.190245550799734,6.285714285714286
2026-S15,Customer Web Portal,EIP-QA,Yes,Yes,Yes,Yes,Yes,Yes,High,6.0,59.0,6.94,26.02,25.7804,10.08,24.4,17.34,5.51,30.97,22.2,7.28,15.74,13.1,2026,15,1,1,1,1,1,1,6,1.0,110.56040000000002,94.79999999999998,15.760400000000033,14.25501354915506,8.428571428571429
2026-S15,Billing & Payments,Billing & Payments QA,No,Yes,Yes,No,Yes,Yes,Medium,9.0,87.0,10.73,37.37,57.2,13.23,27.16,11.94,12.3,37.8,73.47,12.6174,21.95,9.0,2026,15,0,1,1,0,1,1,4,0.6666666666666666,157.63,167.13739999999999,-9.50739999999999,-6.031466091480042,8.7
2026-S15,ERP Operations,ERP Operations QA,No,Yes,Yes,No,No,No,Low,10.0,50.0,10.65,19.0,24.0,6.8113,12.92,8.79,15.57,14.85,18.66,7.95,12.61,8.1,2026,15,0,1,1,0,0,0,2,0.3333333333333333,82.1713,77.74,4.431300000000007,5.39275878561007,4.545454545454546
2026-S16,Billing & Payments,Billing & Payments QA,No,Yes,Yes,No,Yes,Yes,Low,14.0,66.0,13.04,24.53,23.59,8.72,20.05,11.1223,15.56,17.63,16.0,8.58,23.09,10.0,2026,16,0,1,1,0,1,1,4,0.6666666666666666,101.05229999999999,90.86,10.192299999999989,10.086163303556663,4.4
2026-S16,Customer Web Portal,EIP-QA,Yes,Yes,Yes,Yes,Yes,Yes,Medium,16.0,104.0,17.09,45.77,39.16,15.3265,36.19,17.9,12.92,28.87,26.37,13.63,32.0,14.4,2026,16,1,1,1,1,1,1,6,1.0,171.4365,128.19,43.2465,25.22595829942865,6.117647058823529
2026-S16,Mobile Service App,Mobile & Web QE,Yes,Yes,Yes,Yes,Yes,Yes,High,10.0,94.0,14.3,50.57,46.53,17.24,33.6,29.7,14.01,55.39,31.94,14.79,25.52,24.19,2026,16,1,1,1,1,1,1,6,1.0,191.94,165.84,26.099999999999994,13.597999374804623,8.545454545454545
2026-S16,ERP Operations,ERP Operations QA,No,Yes,Yes,No,No,No,Medium,9.0,55.0,10.2111,23.0,24.51,9.0,24.9,9.07,11.32,19.6836,25.0,9.47,25.94,7.0,2026,16,0,1,1,0,0,0,2,0.3333333333333333,100.6911,98.4136,2.2775000000000034,2.2618682286716534,5.5
2026-S16,CRM Sales & Service,CRM Platform QA,Yes,Yes,Yes,No,Yes,Yes,High,7.0,95.0,9.71,50.56,68.01,18.5728,47.61,41.02,9.0,31.89,50.1,19.28,39.5,27.3,2026,16,1,1,1,0,1,1,5,0.8333333333333334,235.48280000000003,177.07000000000002,58.412800000000004,24.805548430713408,11.875
2026-S17,Billing & Payments,Billing & Payments QA,No,Yes,Yes,No,Yes,Yes,Medium,12.0,66.0,13.1,40.0,40.578,13.8,24.23,13.14,14.4,,25.61,15.82,21.8,10.63,2026,17,0,1,1,0,1,1,4,0.6666666666666666,144.848,,,,5.076923076923077
2026-S17,Customer Web Portal,EIP-QA,Yes,No,Yes,Yes,Yes,Yes,Medium,8.0,53.0,10.12,22.85,25.0,8.7,22.0,11.0,8.5,15.2076,14.95,6.36,18.22,14.0,2026,17,1,0,1,1,1,1,5,0.8333333333333334,99.67,77.2376,22.4324,22.50667201765827,5.888888888888889
2026-S17,Enterprise Data Platform,Data Platform QA,No,Yes,Yes,No,Yes,Yes,High,18.0,43.0,21.48,24.14,28.8,9.27,19.64,12.3,20.32,15.3,24.0,10.0,12.22,16.93,2026,17,0,1,1,0,1,1,4,0.6666666666666666,115.63,98.77000000000001,16.859999999999985,14.58099109227708,2.263157894736842
2026-S17,Mobile Service App,Mobile & Web QE,Yes,Yes,Yes,Yes,Yes,Yes,Medium,10.0,60.0,11.65,25.66,49.0,10.28,22.4,13.6,11.5,18.5316,39.57,16.9,23.86,13.2,2026,17,1,1,1,1,1,1,6,1.0,132.59,123.5616,9.028400000000005,6.809261633607365,5.454545454545454
2026-S17,ERP Operations,ERP Operations QA,No,Yes,Yes,No,No,No,Medium,11.0,78.0,11.39,34.23,38.0,12.34,22.22,17.0,11.58,28.82,35.0,14.82,21.85,14.9,2026,17,0,1,1,0,0,0,2,0.3333333333333333,135.18,126.97,8.210000000000008,6.073383636632643,6.5
2026-S18,Enterprise Data Platform,Data Platform QA,No,Yes,Yes,No,Yes,Yes,High,10.0,63.0,13.4,34.67,30.9,12.19,31.26,18.0,15.6,22.99,22.0,14.26,25.7,16.74,2026,18,0,1,1,0,1,1,4,0.6666666666666666,140.42000000000002,117.28999999999999,23.130000000000024,16.472012533827105,5.7272727272727275
2026-S18,Customer Web Portal,EIP-QA,No,Yes,No,Yes,Yes,Yes,Low,14.0,119.0,13.0,41.53,47.68,15.17,36.18,28.47,13.42,46.46,47.86,15.1,23.65,25.0,2026,18,0,1,0,1,1,1,4,0.6666666666666666,182.03,171.49,10.539999999999992,5.790254353677961,7.933333333333334
2026-S18,CRM Sales & Service,CRM Platform QA,Yes,Yes,Yes,No,Yes,Yes,High,9.0,43.0,9.31,18.97,27.2,7.15,17.24,9.7,9.14,13.31,23.6,7.7,11.31,16.0,2026,18,1,1,1,0,1,1,5,0.8333333333333334,89.57000000000001,81.06,8.510000000000005,9.50094897845261,4.3
2026-S18,API Integration Platform,API & Middleware QA,Yes,Yes,Yes,No,Yes,No,Medium,16.0,121.0,17.72,51.49,49.83,18.44,32.743,35.88,14.96,34.42,32.94,19.09,25.5,34.72,2026,18,1,1,1,0,1,0,4,0.6666666666666666,206.103,161.63,44.47300000000001,21.57804592849207,7.117647058823529
2026-S18,ERP Operations,ERP Operations QA,No,Yes,Yes,No,No,No,Medium,5.0,67.0,7.1,29.45,48.16,11.13,14.2,10.27,7.63,26.17,51.3,11.82,31.66,10.8,2026,18,0,1,1,0,0,0,2,0.3333333333333333,120.30999999999999,139.38,-19.070000000000007,-15.850718975978728,11.166666666666666
2026-S18,Billing & Payments,Billing & Payments QA,No,Yes,Yes,No,No,Yes,Medium,14.0,89.0,15.0,39.2,41.16,13.43,28.9,18.56,16.77,27.6,31.58,12.33,15.77,13.41,2026,18,0,1,1,0,0,1,3,0.5,156.25,117.46,38.790000000000006,24.8256,5.933333333333334
2026-S19,API Integration Platform,API & Middleware QA,Yes,Yes,Yes,No,Yes,Yes,Medium,11.0,129.0,13.1,54.07,40.0,18.76,43.3,,11.05,29.93,28.27,18.47,34.25,37.2,2026,19,1,1,1,0,1,1,5,0.8333333333333334,,159.17000000000002,,,10.75
2026-S19,ERP Operations,ERP Operations QA,No,Yes,Yes,No,No,No,Medium,11.0,36.0,11.65,15.32,22.0,6.1,9.75,7.9,13.11,13.0252,16.0,,11.03,7.2,2026,19,0,1,1,0,0,0,2,0.3333333333333333,72.72,,,,3.0
2026-S19,Billing & Payments,Billing & Payments QA,No,Yes,Yes,No,Yes,No,Medium,18.0,66.0,17.44,28.81,23.7,10.69,25.9,15.15,19.07,21.03,11.7,16.99,15.11,11.41,2026,19,0,1,1,0,1,0,3,0.5,121.69,95.30999999999999,26.38000000000001,21.6780343495768,3.473684210526316
2026-S19,Customer Web Portal,EIP-QA,Yes,Yes,Yes,Yes,Yes,Yes,Medium,21.0,102.0,21.2,44.98,28.55,15.6,24.32,30.51,20.42,24.78,24.71,13.28,17.02,26.28,2026,19,1,1,1,1,1,1,6,1.0,165.15999999999997,126.49,38.66999999999997,23.41365948171469,4.636363636363637
2026-S19,Enterprise Data Platform,Data Platform QA,No,Yes,Yes,No,No,Yes,Medium,12.0,39.0,13.6,17.37,20.95,6.67,8.51,6.3,13.33,12.87,13.6,6.0,5.68,8.0,2026,19,0,1,1,0,0,1,3,0.5,73.4,59.48,13.920000000000009,18.96457765667576,3.0
2026-S19,CRM Sales & Service,CRM Platform QA,Yes,Yes,No,No,Yes,Yes,Medium,11.0,94.0,12.2,40.7,52.0,14.03,28.88,20.0,,24.36,43.43,12.7,21.73,13.41,2026,19,1,1,0,0,1,1,4,0.6666666666666666,167.81,,,,7.833333333333333
2026-S20,CRM Sales & Service,CRM Platform QA,Yes,Yes,Yes,No,Yes,Yes,High,6.0,119.0,7.7,51.26,84.67,18.4839,47.17,26.24,4.95,37.02,96.83,19.69,30.5,19.03,2026,20,1,1,1,0,1,1,5,0.8333333333333334,235.52390000000003,208.02,27.503900000000016,11.67775329807294,17.0
2026-S20,Billing & Payments,Billing & Payments QA,No,Yes,Yes,No,Yes,Yes,Low,5.0,89.0,6.02,31.05,21.5,11.58,17.4,15.42,7.0,38.0,17.29,11.49,11.3,10.8,2026,20,0,1,1,0,1,1,4,0.6666666666666666,102.97000000000001,95.88,7.090000000000018,6.885500631251837,14.833333333333334
2026-S20,Enterprise Data Platform,Data Platform QA,No,Yes,Yes,No,Yes,No,Medium,12.0,74.0,13.15,30.9,30.64,11.87,18.37,21.0,13.87,20.56,27.8,13.99,23.8,20.03,2026,20,0,1,1,0,1,0,3,0.5,125.93,120.05,5.88000000000001,4.6692607003891125,5.6923076923076925
2026-S20,API Integration Platform,API & Middleware QA,Yes,Yes,Yes,No,Yes,Yes,High,16.0,82.0,20.43,43.81,29.18,15.0,30.0,30.0,18.6,24.8275,22.0,16.57,19.5,21.43,2026,20,1,1,1,0,1,1,5,0.8333333333333334,168.42000000000002,122.92750000000001,45.49250000000001,27.011340695879348,4.823529411764706
2026-S20,Customer Web Portal,EIP-QA,Yes,Yes,Yes,Yes,Yes,Yes,High,9.0,79.0,,41.5,37.0,15.54,37.8739,30.51,13.2784,41.08,27.7,13.9342,20.4,22.73,2026,20,1,1,1,1,1,1,6,1.0,,139.12259999999998,,,7.9
